{"total energy": -20.78343624, "HOMO-LUMO gap/eV": 5.12578821, "electronic energy": -21.00687926, "dipole": [0.17038058, 0.78624238, -0.061013], "partial charges": [-0.10464474, -0.08649046, 0.35580053, -0.40166845, -0.27071411, 0.03365612, 0.05317237, 0.05317236, 0.04387092, 0.06609532, 0.0660953, 0.06787604, 0.06188945, 0.06188934], "atomic dipole moments": [[0.10270816, 0.0767844, -0.01156068], [0.01334163, -0.10313698, 0.00568029], [0.14311391, 0.06893269, -0.01369237], [-0.00925613, 0.19255032, -0.01162352], [0.04026734, -0.23953563, 0.01258836], [-0.23446949, 0.10459536, 0.00862047], [0.00682079, -0.06946187, 0.106053], [-0.0063598, -0.0823195, -0.09644566], [-0.1016467, 0.07000985, 0.00217089], [0.00873312, 0.08413323, 0.09889386], [-0.0047984, 0.07093332, -0.10899586], [0.08107744, 0.09604843, -0.01137642], [-6.386e-05, -0.08102022, -0.09931531], [0.01342422, -0.06786239, 0.10789946]], "atomic quadrupole moments": [[0.14853063, 0.18109087, -0.00562168, -0.03068372, -0.02071453, -0.14290895], [0.21665435, -0.00316123, 0.03128658, -0.0302411, -0.01772019, -0.24794092], [-0.13728146, 0.14996111, -0.32058406, 0.02950661, 0.03994987, 0.45786551], [-0.11265375, 0.01270188, -0.08516344, 0.01955642, 0.01729173, 0.19781719], [0.07727169, -0.03611433, 0.00862408, -0.00837834, -0.00370043, -0.08589577], [0.42693927, -0.30141819, -0.13760545, -0.02755973, 0.00991144, -0.28933382], [-0.03265749, 0.00447207, -0.0164605, 0.01601381, -0.05376602, 0.04911799], [-0.03558012, 0.01044519, -0.00202581, -0.00681173, 0.05953668, 0.03760593], [0.04400619, -0.05768024, 0.01285213, -0.00291806, -0.0006867, -0.05685832], [-0.01445402, 0.01517102, -0.00948362, -0.00960489, 0.05380672, 0.02393764], [-0.01148704, 0.00986145, -0.02266569, 0.01351875, -0.04967356, 0.03415273], [0.03532887, 0.05078012, 0.02258043, -0.00936826, -0.00848933, -0.0579093], [-0.01414294, -0.01565237, -0.01210371, 0.00562701, 0.05320757, 0.02624666], [-0.01454324, -0.02221432, -0.02452556, 0.00296983, -0.04419763, 0.0390688]], "number of molecular orbitals": 32, "number of electrons": 36, "number of unpaired electrons": 0, "orbital energies/eV": [-20.24455005, -19.45746053, -18.40306258, -17.25400699, -16.56025525, -16.01649371, -16.00691849, -15.35708937, -15.10296457, -14.27468412, -13.89025785, -13.53456632, -13.04784206, -12.95954747, -12.54066892, -12.28324671, -12.0958153, -11.30503111, -6.1792429, 0.29795349, 3.22896859, 3.36528531, 3.61245017, 4.1862497, 4.20971681, 4.95450376, 5.20105691, 5.23438553, 6.97890549, 7.43294112, 7.68823733, 17.97668708], "fractional occupation": [2.0, 2.0, 2.0, 2.0, 2.0, 2.0, 2.0, 2.0, 2.0, 2.0, 2.0, 2.0, 2.0, 2.0, 2.0, 2.0, 2.0, 2.0, 0.0, 0.0, 0.0, 0.0, 0.0, 0.0, 0.0, 0.0, 0.0, 0.0, 0.0, 0.0, 0.0, 0.0], "program call": "xtb /tmp/scratch/tmp5luy_533/11574_0_xyzopt.xyz --pop --wbo --acc 0.2 --gfn 2 --chrg 0 --uhf 0 --etemp 300 --input /tmp/scratch/tmp5luy_533/11574_0_xtb.inp", "method": "GFN2-xTB", "xtb version": "6.3.3 (7355c4f)", "Dipole module/D": 2.051, "Total charge": 0, "Transition dipole module/D": NaN, "HOMO": -11.305, "LUMO": -6.1792, "HOMO occupancy": 2.0, "LUMO occupancy": 0, "mulliken charges": [-0.07883, -0.07602, 0.57929, -0.52927, -0.41872, 0.17579, 0.04303, 0.04303, 0.03067, 0.05346, 0.05346, 0.0372, 0.04345, 0.04345], "cm5 charges": [-0.22919, -0.17745, 0.63147, -0.5812, -0.50895, 0.05516, 0.09736, 0.09736, 0.08253, 0.11203, 0.11203, 0.09806, 0.10539, 0.10539], "FUKUI+": [0.032, 0.028, -0.19, -0.285, -0.125, 0.047, -0.033, -0.033, -0.064, -0.101, -0.101, -0.076, -0.05, -0.05], "FUKUI-": [0.017, -0.011, -0.02, -0.173, -0.108, 0.027, -0.092, -0.092, -0.118, -0.097, -0.097, -0.082, -0.078, -0.078], "FUKUIrad": [0.025, 0.008, -0.105, -0.229, -0.116, 0.037, -0.062, -0.062, -0.091, -0.099, -0.099, -0.079, -0.064, -0.064], "s proportion": [1.002, 1.034, 0.981, 1.72, 1.686, 0.973, 0.957, 0.957, 0.969, 0.947, 0.947, 0.963, 0.957, 0.957], "p proportion": [3.076, 3.042, 2.44, 4.809, 4.732, 2.852, 0.0, 0.0, 0.0, 0.0, 0.0, 0.0, 0.0, 0.0], "d proportion": [0.0, 0.0, 0.0, 0.0, 0.0, 0.0, 0.0, 0.0, 0.0, 0.0, 0.0, 0.0, 0.0, 0.0], "Fermi-level/eV": -8.7421, "Coordination numbers": [3.753, 3.802, 2.722, 0.856, 1.704, 3.655, 0.925, 0.925, 0.925, 0.924, 0.924, 0.925, 0.924, 0.924], "Dispersion coefficient C6": [22.558, 22.149, 20.96, 21.715, 18.489, 20.301, 2.281, 2.281, 2.398, 2.129, 2.129, 2.109, 2.177, 2.177], "Total dispersion C6": 1542.730529, "Total dispersion C8": 32696.934133, "Polarizability alpha": [6.773, 6.7, 7.495, 6.248, 5.805, 6.468, 2.362, 2.362, 2.422, 2.282, 2.282, 2.271, 2.307, 2.307], "Total polarizability alpha": 58.083671, "Wiberg matrix": [[0.0, 1.0202071843480722, 0.0, 0.0, 0.0, 0.0, 0.9863665229097803, 0.9863665233606033, 0.986927822489732, 0.0, 0.0, 0.0, 0.0, 0.0], [1.0202071843480722, 0.0, 0.9719514812994723, 0.0, 0.0, 0.0, 0.0, 0.0, 0.0, 0.9555776255195927, 0.9555776596047553, 0.0, 0.0, 0.0], [0.0, 0.9719514812994723, 0.0, 1.7673723029267627, 1.1176349746048295, 0.0, 0.0, 0.0, 0.0, 0.0, 0.0, 0.0, 0.0, 0.0], [0.0, 0.0, 1.7673723029267627, 0.0, 0.16949995566066683, 0.0, 0.0, 0.0, 0.0, 0.0, 0.0, 0.0, 0.0, 0.0], [0.0, 0.0, 1.1176349746048295, 0.16949995566066683, 0.0, 0.958408471097539, 0.0, 0.0, 0.0, 0.0, 0.0, 0.0, 0.0, 0.0], [0.0, 0.0, 0.0, 0.0, 0.958408471097539, 0.0, 0.0, 0.0, 0.0, 0.0, 0.0, 0.9819756017640767, 0.9775453940378007, 0.9775453931559673], [0.9863665229097803, 0.0, 0.0, 0.0, 0.0, 0.0, 0.0, 0.0, 0.0, 0.0, 0.0, 0.0, 0.0, 0.0], [0.9863665233606033, 0.0, 0.0, 0.0, 0.0, 0.0, 0.0, 0.0, 0.0, 0.0, 0.0, 0.0, 0.0, 0.0], [0.986927822489732, 0.0, 0.0, 0.0, 0.0, 0.0, 0.0, 0.0, 0.0, 0.0, 0.0, 0.0, 0.0, 0.0], [0.0, 0.9555776255195927, 0.0, 0.0, 0.0, 0.0, 0.0, 0.0, 0.0, 0.0, 0.0, 0.0, 0.0, 0.0], [0.0, 0.9555776596047553, 0.0, 0.0, 0.0, 0.0, 0.0, 0.0, 0.0, 0.0, 0.0, 0.0, 0.0, 0.0], [0.0, 0.0, 0.0, 0.0, 0.0, 0.9819756017640767, 0.0, 0.0, 0.0, 0.0, 0.0, 0.0, 0.0, 0.0], [0.0, 0.0, 0.0, 0.0, 0.0, 0.9775453940378007, 0.0, 0.0, 0.0, 0.0, 0.0, 0.0, 0.0, 0.0], [0.0, 0.0, 0.0, 0.0, 0.0, 0.9775453931559673, 0.0, 0.0, 0.0, 0.0, 0.0, 0.0, 0.0, 0.0]], "Born radii": [], "Atomic SASAs": [], "Solvent H bonds": [], "Total SASA": NaN, "Total FOD": 0.0, "FOD": [0.0, 0.0, 0.0, 0.0, 0.0, 0.0, 0.0, 0.0, 0.0, 0.0, 0.0, 0.0, 0.0, 0.0], "FOD s proportion": [0.0, 0.0, 0.0, 0.0, 0.0, 0.0, 0.0, 0.0, 0.0, 0.0, 0.0, 0.0, 0.0, 0.0], "FOD p proportion": [0.0, 0.0, 0.0, 0.0, 0.0, 0.0, 0.0, 0.0, 0.0, 0.0, 0.0, 0.0, 0.0, 0.0], "FOD d proportion": [0.0, 0.0, 0.0, 0.0, 0.0, 0.0, 0.0, 0.0, 0.0, 0.0, 0.0, 0.0, 0.0, 0.0], "coordinates": [["-2.27294205371657", "-0.23527784130860", "0.15861798594164"], ["-1.03494392882436", "0.63931393874954", "0.02250477770378"], ["0.23243651881008", "-0.18357636536558", "-0.00774005334610"], ["0.29913895878163", "-1.38049692860838", "0.06391715494211"], ["1.30856659308014", "0.61030865914479", "-0.12819337513737"], ["2.56861036402697", "-0.04537519138819", "-0.16857718398747"], ["-2.22347370595628", "-0.81728641102431", "1.07501542748306"], ["-2.33743611803360", "-0.92845640508107", "-0.67583354229704"], ["-3.16967631209196", "0.37840833995796", "0.17802027739662"], ["-0.95708853541948", "1.34050017805804", "0.85602883871031"], ["-1.07110949034622", "1.22927388109944", "-0.89571373479003"], ["3.31587325134467", "0.73756042711075", "-0.26693317814624"], ["2.61349974885901", "-0.72856338618201", "-1.01914316621026"], ["2.72854570948595", "-0.61633389516238", "0.74829277173699"]],