{"total energy": -14.55638084, "HOMO-LUMO gap/eV": 12.23358824, "electronic energy": -14.72411683, "dipole": [-0.04201634, 0.57206188, 0.36679909], "partial charges": [-0.10748279, -0.06002577, 0.08841982, -0.44390143, 0.0357858, 0.0357858, 0.04192791, 0.04837579, 0.04837574, 0.01413081, 0.0141308, 0.28447752], "atomic dipole moments": [[0.09254029, -0.03908269, -0.02937384], [-0.00141499, 0.11059464, 0.07058904], [0.12918777, -0.13515464, -0.09239803], [-0.09180261, 0.18824002, 0.12444927], [-0.01430952, 0.11420116, -0.04525558], [-0.00619771, 0.00669901, 0.12333469], [-0.09405512, -0.06958303, -0.03984434], [0.00674727, -0.00717445, -0.12439641], [0.01490916, -0.1153392, 0.0452333], [-0.00650262, 0.10869008, -0.04473836], [0.00130848, 0.00517692, 0.11759603], [0.05448108, 0.0468196, 0.02723321]], "atomic quadrupole moments": [[0.15968944, -0.12172906, -0.06617646, -0.09136449, 0.04396945, -0.09351298], [0.24541654, 0.04586323, -0.06210915, 0.00475312, 0.12627198, -0.18330739], [0.35196353, -0.12781218, -0.10476732, -0.11579556, 0.16940266, -0.24719621], [0.09962978, -0.08430442, -0.02231693, -0.06454585, 0.06927107, -0.07731285], [-0.03689579, -0.00880475, 0.06169724, -0.00893531, -0.04950362, -0.02480144], [-0.03590571, -0.01121618, -0.04828149, 0.00397563, 0.00198502, 0.0841872], [0.03030025, 0.05067402, 0.00418467, 0.02815626, 0.03598888, -0.03448492], [-0.02287966, 0.00241276, -0.03585686, 0.00302965, -0.00204156, 0.05873652], [-0.02271445, -0.00156074, 0.04043582, 0.00290753, -0.03748783, -0.01772137], [-0.00717603, -0.00621395, 0.02709582, -0.00659161, -0.03129732, -0.0199198], [-0.00662632, -0.00746874, -0.03619521, 0.00063065, -0.00167284, 0.04282152], [0.07270608, 0.0773005, -0.0093754, 0.04131985, 0.04957473, -0.06333068]], "number of molecular orbitals": 24, "number of electrons": 26, "number of unpaired electrons": 0, "orbital energies/eV": [-18.63520776, -17.12620215, -16.35775767, -15.57437191, -15.09249006, -14.49093979, -13.99109517, -13.27843389, -12.84673515, -12.49991279, -11.88236448, -11.8639033, -11.07556978, 1.15801845, 3.19476694, 3.53785044, 3.62043517, 4.08953809, 4.83233358, 5.10188006, 5.84942975, 6.81988757, 7.09713441, 8.08470786], "fractional occupation": [2.0, 2.0, 2.0, 2.0, 2.0, 2.0, 2.0, 2.0, 2.0, 2.0, 2.0, 2.0, 2.0, 0.0, 0.0, 0.0, 0.0, 0.0, 0.0, 0.0, 0.0, 0.0, 0.0, 0.0], "program call": "xtb /tmp/scratch/tmpqogkvx83/1183_0_xyzopt.xyz --pop --wbo --acc 0.2 --gfn 2 --chrg 0 --uhf 0 --etemp 300 --input /tmp/scratch/tmpqogkvx83/1183_0_xtb.inp", "method": "GFN2-xTB", "xtb version": "6.3.3 (7355c4f)", "Dipole module/D": 1.731, "Total charge": 0, "Transition dipole module/D": NaN, "HOMO": -11.0756, "LUMO": 1.158, "HOMO occupancy": 2.0, "LUMO occupancy": 0, "mulliken charges": [-0.09171, -0.04836, 0.20195, -0.56907, 0.02726, 0.02726, 0.03367, 0.03629, 0.03629, 0.00456, 0.00456, 0.3373], "cm5 charges": [-0.24416, -0.15889, 0.11652, -0.78674, 0.07948, 0.07948, 0.0854, 0.09383, 0.09383, 0.06597, 0.06597, 0.50933], "FUKUI+": [-0.007, -0.019, -0.024, -0.172, -0.069, -0.069, -0.104, -0.075, -0.075, -0.102, -0.102, -0.183], "FUKUI-": [0.031, 0.01, 0.031, -0.15, -0.098, -0.098, -0.072, -0.137, -0.137, -0.155, -0.155, -0.073], "FUKUIrad": [0.012, -0.004, 0.004, -0.161, -0.083, -0.083, -0.088, -0.106, -0.106, -0.128, -0.128, -0.128], "s proportion": [1.006, 1.028, 0.988, 1.688, 0.973, 0.973, 0.966, 0.964, 0.964, 0.995, 0.995, 0.663], "p proportion": [3.086, 3.021, 2.81, 4.881, 0.0, 0.0, 0.0, 0.0, 0.0, 0.0, 0.0, 0.0], "d proportion": [0.0, 0.0, 0.0, 0.0, 0.0, 0.0, 0.0, 0.0, 0.0, 0.0, 0.0, 0.0], "Fermi-level/eV": -4.9588, "Coordination numbers": [3.752, 3.8, 3.674, 1.656, 0.925, 0.925, 0.925, 0.924, 0.924, 0.923, 0.923, 0.805], "Dispersion coefficient C6": [22.614, 21.656, 19.334, 21.72, 2.506, 2.506, 2.423, 2.34, 2.34, 2.824, 2.824, 0.77], "Total dispersion C6": 924.967011, "Total dispersion C8": 18682.573857, "Polarizability alpha": [6.781, 6.626, 6.301, 6.291, 2.475, 2.475, 2.434, 2.392, 2.392, 2.628, 2.628, 1.378], "Total polarizability alpha": 44.80368, "Wiberg matrix": [[0.0, 1.0198115041351912, 0.0, 0.0, 0.9876530184360656, 0.9876530289704801, 0.987057216529375, 0.0, 0.0, 0.0, 0.0, 0.0], [1.0198115041351912, 0.0, 1.0048057028794515, 0.0, 0.0, 0.0, 0.0, 0.9769177153854856, 0.9769177329666574, 0.0, 0.0, 0.0], [0.0, 1.0048057028794515, 0.0, 0.993638362466747, 0.0, 0.0, 0.0, 0.0, 0.0, 0.9717525680014665, 0.9717525807744523, 0.0], [0.0, 0.0, 0.993638362466747, 0.0, 0.0, 0.0, 0.0, 0.0, 0.0, 0.0, 0.0, 0.9054982246831156], [0.9876530184360656, 0.0, 0.0, 0.0, 0.0, 0.0, 0.0, 0.0, 0.0, 0.0, 0.0, 0.0], [0.9876530289704801, 0.0, 0.0, 0.0, 0.0, 0.0, 0.0, 0.0, 0.0, 0.0, 0.0, 0.0], [0.987057216529375, 0.0, 0.0, 0.0, 0.0, 0.0, 0.0, 0.0, 0.0, 0.0, 0.0, 0.0], [0.0, 0.9769177153854856, 0.0, 0.0, 0.0, 0.0, 0.0, 0.0, 0.0, 0.0, 0.0, 0.0], [0.0, 0.9769177329666574, 0.0, 0.0, 0.0, 0.0, 0.0, 0.0, 0.0, 0.0, 0.0, 0.0], [0.0, 0.0, 0.9717525680014665, 0.0, 0.0, 0.0, 0.0, 0.0, 0.0, 0.0, 0.0, 0.0], [0.0, 0.0, 0.9717525807744523, 0.0, 0.0, 0.0, 0.0, 0.0, 0.0, 0.0, 0.0, 0.0], [0.0, 0.0, 0.0, 0.9054982246831156, 0.0, 0.0, 0.0, 0.0, 0.0, 0.0, 0.0, 0.0]], "Born radii": [], "Atomic SASAs": [], "Solvent H bonds": [], "Total SASA": NaN, "Total FOD": 0.0, "FOD": [0.0, 0.0, 0.0, 0.0, 0.0, 0.0, 0.0, 0.0, 0.0, 0.0, 0.0, 0.0], "FOD s proportion": [0.0, 0.0, 0.0, 0.0, 0.0, 0.0, 0.0, 0.0, 0.0, 0.0, 0.0, 0.0], "FOD p proportion": [0.0, 0.0, 0.0, 0.0, 0.0, 0.0, 0.0, 0.0, 0.0, 0.0, 0.0, 0.0], "FOD d proportion": [0.0, 0.0, 0.0, 0.0, 0.0, 0.0, 0.0, 0.0, 0.0, 0.0, 0.0, 0.0], "coordinates": [["-1.56080194917168", "0.07800059866740", "0.12483714484040"], ["-0.23712770763560", "-0.52509113732404", "-0.32341562470028"], ["0.95175953877615", "0.30490185293044", "0.14862664396143"], ["2.13760143884255", "-0.31452968833546", "-0.30341575646500"], ["-1.67972297192140", "1.08245251003315", "-0.27588294617860"], ["-1.60821581096600", "0.13480118367743", "1.21027164792284"], ["-2.39033905997171", "-0.53152882152336", "-0.22391764382103"], ["-0.20049977234596", "-0.58954549752228", "-1.41177665368473"], ["-0.12908991960312", "-1.53589734469305", "0.07234229371693"], ["0.87440706590773", "1.32605237523566", "-0.25391727725031"], ["0.94663205592363", "0.36892154691735", "1.24710222367977"], ["2.89539609216541", "0.20146142193676", "-0.01085505202142"]],