{"total energy": -20.88493115, "HOMO-LUMO gap/eV": 11.99209929, "electronic energy": -21.14600358, "dipole": [-0.01008997, 0.52677696, -0.42031791], "partial charges": [-0.10320692, -0.05376847, -0.0616873, -0.06518335, 0.0890542, -0.44278646, 0.03487457, 0.03411916, 0.03411916, 0.03233565, 0.03233565, 0.03112053, 0.03112053, 0.04807577, 0.04807576, 0.01344457, 0.01344458, 0.28451239], "atomic dipole moments": [[0.08261106, -0.04316577, 0.03583342], [0.00362601, 0.09139973, -0.07283671], [0.01313789, -0.0886078, 0.07089514], [0.00914908, 0.1023312, -0.08146154], [0.11681783, -0.13290827, 0.107992], [-0.07732358, 0.1805405, -0.14531065], [-0.09972939, -0.05789738, 0.04448111], [-0.00656084, 0.11876003, 0.03291158], [-0.00390488, -0.00576236, -0.12321407], [0.00227969, -0.11810774, -0.03205137], [-0.00034607, 0.00499797, 0.12229811], [-0.00041856, -0.00465855, -0.12187597], [-0.00302967, 0.11775912, 0.03161077], [0.00780958, -0.12006036, -0.03240822], [0.00514207, 0.00500315, 0.12439574], [0.00318398, -0.00704777, -0.11729911], [0.00062722, 0.11282574, 0.03299772], [0.05801843, 0.03985747, -0.03080252]], "atomic quadrupole moments": [[0.13393127, -0.12176275, -0.05566704, 0.10155516, -0.05901107, -0.07826423], [0.22656353, 0.00701591, -0.08456168, 0.00237997, -0.12566571, -0.14200185], [0.23031123, 0.00065408, -0.08623002, 0.00757363, -0.12705803, -0.14408121], [0.2509205, 0.02926792, -0.09305647, -0.01449202, -0.14014581, -0.15786404], [0.32722579, -0.14347351, -0.12276063, 0.12609743, -0.19050102, -0.20446515], [0.08557768, -0.0843762, -0.02599182, 0.07087505, -0.0802237, -0.05958585], [0.03724187, 0.04555669, -0.00962862, -0.03475338, -0.03599539, -0.02761325], [-0.03783493, -0.00120081, 0.07202517, 0.01233881, 0.0386818, -0.03419024], [-0.03730339, -0.01240139, -0.04612098, -0.00428459, 0.01151963, 0.08342436], [-0.01765837, -0.0011728, 0.04611675, -0.00065071, 0.03232552, -0.02845837], [-0.01768913, 0.00045389, -0.03877425, -0.0004686, 0.01297339, 0.05646337], [-0.02107139, 0.00043676, -0.03643311, -0.00086497, 0.01335934, 0.05750449], [-0.02105391, -0.00086352, 0.0470663, -0.00066833, 0.03239931, -0.02601238], [-0.02543301, 0.0019363, 0.04841009, -0.00056021, 0.03083496, -0.02297708], [-0.02534948, 0.00084391, -0.03278771, -0.00370548, 0.01227976, 0.05813719], [-0.00751696, -0.00958525, -0.03398437, -3.41e-05, 0.00980871, 0.04150132], [-0.0078155, -0.00330599, 0.03342463, 0.00931096, 0.02530432, -0.02560912], [0.08419917, 0.06647693, -0.02972494, -0.05000748, -0.04927663, -0.05447423]], "number of molecular orbitals": 36, "number of electrons": 38, "number of unpaired electrons": 0, "orbital energies/eV": [-18.63346389, -17.15555118, -16.8237636, -16.22503167, -15.57152203, -15.34634383, -14.97546156, -14.53041786, -13.89944399, -13.87515835, -13.29949325, -12.92549176, -12.92103076, -12.2103629, -11.9606436, -11.91829318, -11.68347877, -11.49548185, -11.07428308, 0.91781621, 2.55738346, 3.100157, 3.177288, 3.57135127, 3.94714899, 4.40707794, 4.48326603, 4.63466525, 5.07557271, 5.7846624, 6.07760025, 6.28952424, 7.10026392, 7.36043938, 7.54590175, 8.53494581], "fractional occupation": [2.0, 2.0, 2.0, 2.0, 2.0, 2.0, 2.0, 2.0, 2.0, 2.0, 2.0, 2.0, 2.0, 2.0, 2.0, 2.0, 2.0, 2.0, 2.0, 0.0, 0.0, 0.0, 0.0, 0.0, 0.0, 0.0, 0.0, 0.0, 0.0, 0.0, 0.0, 0.0, 0.0, 0.0, 0.0, 0.0], "program call": "xtb /tmp/scratch/tmp2_mobl35/1200_0_xyzopt.xyz --pop --wbo --acc 0.2 --gfn 2 --chrg 0 --uhf 0 --etemp 300 --input /tmp/scratch/tmp2_mobl35/1200_0_xtb.inp", "method": "GFN2-xTB", "xtb version": "6.3.3 (7355c4f)", "Dipole module/D": 1.713, "Total charge": 0, "Transition dipole module/D": NaN, "HOMO": -11.0743, "LUMO": 0.9178, "HOMO occupancy": 2.0, "LUMO occupancy": 0, "mulliken charges": [-0.08608, -0.03812, -0.05235, -0.05502, 0.20332, -0.56866, 0.03019, 0.02756, 0.02756, 0.02397, 0.02397, 0.02166, 0.02166, 0.03669, 0.03669, 0.00476, 0.00476, 0.33746], "cm5 charges": [-0.23877, -0.15177, -0.164, -0.16383, 0.11791, -0.78635, 0.08178, 0.07972, 0.07972, 0.07925, 0.07925, 0.07766, 0.07766, 0.09495, 0.09495, 0.06618, 0.06618, 0.50948], "FUKUI+": [0.006, -0.017, -0.028, -0.017, -0.02, -0.125, -0.075, -0.043, -0.043, -0.05, -0.05, -0.058, -0.058, -0.064, -0.064, -0.079, -0.079, -0.137], "FUKUI-": [0.022, 0.01, 0.02, 0.017, 0.023, -0.123, -0.054, -0.079, -0.079, -0.095, -0.095, -0.072, -0.072, -0.074, -0.074, -0.108, -0.108, -0.059], "FUKUIrad": [0.014, -0.003, -0.004, 0.0, 0.002, -0.124, -0.065, -0.061, -0.061, -0.073, -0.073, -0.065, -0.065, -0.069, -0.069, -0.094, -0.094, -0.098], "s proportion": [1.005, 1.026, 1.031, 1.032, 0.988, 1.688, 0.97, 0.972, 0.972, 0.976, 0.976, 0.978, 0.978, 0.963, 0.963, 0.995, 0.995, 0.663], "p proportion": [3.081, 3.012, 3.022, 3.023, 2.809, 4.881, 0.0, 0.0, 0.0, 0.0, 0.0, 0.0, 0.0, 0.0, 0.0, 0.0, 0.0, 0.0], "d proportion": [0.0, 0.0, 0.0, 0.0, 0.0, 0.0, 0.0, 0.0, 0.0, 0.0, 0.0, 0.0, 0.0, 0.0, 0.0, 0.0, 0.0, 0.0], "Fermi-level/eV": -5.0782, "Coordination numbers": [3.752, 3.801, 3.803, 3.802, 3.674, 1.656, 0.925, 0.925, 0.925, 0.924, 0.924, 0.924, 0.924, 0.924, 0.924, 0.923, 0.923, 0.805], "Dispersion coefficient C6": [22.532, 21.54, 21.683, 21.749, 19.325, 21.697, 2.518, 2.529, 2.529, 2.554, 2.554, 2.571, 2.571, 2.344, 2.344, 2.835, 2.835, 0.769], "Total dispersion C6": 2128.868723, "Total dispersion C8": 43689.806934, "Polarizability alpha": [6.769, 6.608, 6.629, 6.64, 6.3, 6.288, 2.482, 2.487, 2.487, 2.499, 2.499, 2.507, 2.507, 2.394, 2.394, 2.633, 2.633, 1.378], "Total polarizability alpha": 68.13395, "Wiberg matrix": [[0.0, 1.0194750593877164, 0.0, 0.0, 0.0, 0.9873451151478863, 0.9878026273893742, 0.9878026290789657, 0.0, 0.0, 0.0, 0.0, 0.0, 0.0, 0.0, 0.0, 0.0, 0.0], [1.0194750593877164, 0.0, 1.0081148799077264, 0.0, 0.0, 0.0, 0.0, 0.0, 0.9783894463557606, 0.9783894458355049, 0.0, 0.0, 0.0, 0.0, 0.0, 0.0, 0.0, 0.0], [0.0, 1.0081148799077264, 0.0, 1.0042077430229222, 0.0, 0.0, 0.0, 0.0, 0.0, 0.0, 0.9758257962456227, 0.9758257963395311, 0.0, 0.0, 0.0, 0.0, 0.0, 0.0], [0.0, 0.0, 1.0042077430229222, 0.0, 0.9939789273563777, 0.0, 0.0, 0.0, 0.0, 0.0, 0.0, 0.0, 0.9716849872063749, 0.9716849862264505, 0.0, 0.0, 0.0, 0.0], [0.0, 0.0, 0.0, 0.9939789273563777, 0.0, 0.0, 0.0, 0.0, 0.0, 0.0, 0.0, 0.0, 0.0, 0.0, 0.9054638793256019, 0.0, 0.0, 0.0], [0.9873451151478863, 0.0, 0.0, 0.0, 0.0, 0.0, 0.0, 0.0, 0.0, 0.0, 0.0, 0.0, 0.0, 0.0, 0.0, 0.0, 0.0, 0.0], [0.9878026273893742, 0.0, 0.0, 0.0, 0.0, 0.0, 0.0, 0.0, 0.0, 0.0, 0.0, 0.0, 0.0, 0.0, 0.0, 0.0, 0.0, 0.0], [0.9878026290789657, 0.0, 0.0, 0.0, 0.0, 0.0, 0.0, 0.0, 0.0, 0.0, 0.0, 0.0, 0.0, 0.0, 0.0, 0.0, 0.0, 0.0], [0.0, 0.9783894463557606, 0.0, 0.0, 0.0, 0.0, 0.0, 0.0, 0.0, 0.0, 0.0, 0.0, 0.0, 0.0, 0.0, 0.0, 0.0, 0.0], [0.0, 0.9783894458355049, 0.0, 0.0, 0.0, 0.0, 0.0, 0.0, 0.0, 0.0, 0.0, 0.0, 0.0, 0.0, 0.0, 0.0, 0.0, 0.0], [0.0, 0.0, 0.9758257962456227, 0.0, 0.0, 0.0, 0.0, 0.0, 0.0, 0.0, 0.0, 0.0, 0.0, 0.0, 0.0, 0.0, 0.0, 0.0], [0.0, 0.0, 0.9758257963395311, 0.0, 0.0, 0.0, 0.0, 0.0, 0.0, 0.0, 0.0, 0.0, 0.0, 0.0, 0.0, 0.0, 0.0, 0.0], [0.0, 0.0, 0.0, 0.9716849872063749, 0.0, 0.0, 0.0, 0.0, 0.0, 0.0, 0.0, 0.0, 0.0, 0.0, 0.0, 0.0, 0.0, 0.0], [0.0, 0.0, 0.0, 0.9716849862264505, 0.0, 0.0, 0.0, 0.0, 0.0, 0.0, 0.0, 0.0, 0.0, 0.0, 0.0, 0.0, 0.0, 0.0], [0.0, 0.0, 0.0, 0.0, 0.9054638793256019, 0.0, 0.0, 0.0, 0.0, 0.0, 0.0, 0.0, 0.0, 0.0, 0.0, 0.0, 0.0, 0.0], [0.0, 0.0, 0.0, 0.0, 0.0, 0.0, 0.0, 0.0, 0.0, 0.0, 0.0, 0.0, 0.0, 0.0, 0.0, 0.0, 0.0, 0.0], [0.0, 0.0, 0.0, 0.0, 0.0, 0.0, 0.0, 0.0, 0.0, 0.0, 0.0, 0.0, 0.0, 0.0, 0.0, 0.0, 0.0, 0.0], [0.0, 0.0, 0.0, 0.0, 0.0, 0.0, 0.0, 0.0, 0.0, 0.0, 0.0, 0.0, 0.0, 0.0, 0.0, 0.0, 0.0, 0.0]], "Born radii": [], "Atomic SASAs": [], "Solvent H bonds": [], "Total SASA": NaN, "Total FOD": 0.0, "FOD": [0.0, 0.0, 0.0, 0.0, 0.0, 0.0, 0.0, 0.0, 0.0, 0.0, 0.0, 0.0, 0.0, 0.0, 0.0, 0.0, 0.0, 0.0], "FOD s proportion": [0.0, 0.0, 0.0, 0.0, 0.0, 0.0, 0.0, 0.0, 0.0, 0.0, 0.0, 0.0, 0.0, 0.0, 0.0, 0.0, 0.0, 0.0],