{"total energy": -24.95155584, "HOMO-LUMO gap/eV": 11.79738257, "electronic energy": -25.20818729, "dipole": [0.00883011, 0.17235156, 0.13361737], "partial charges": [-0.11189998, 0.09072973, -0.33070041, 0.22424072, -0.33070041, 0.09072974, -0.11189998, 0.0556379, 0.05436282, 0.04604264, 0.02090528, 0.03360479, 0.02919687, 0.02919687, 0.02090527, 0.03360479, 0.04604264, 0.0556379, 0.05436282], "atomic dipole moments": [[0.07645772, -0.0963244, 0.01835264], [0.08518186, 0.04104641, -0.20408668], [0.04300326, -0.18809933, 0.20583327], [0.01010027, 0.19714321, 0.15283733], [-0.04468511, 0.15527212, -0.23128292], [-0.09238991, -0.18173734, 0.09501455], [-0.08145304, -0.00117689, -0.09394152], [-0.07054533, -0.01719618, -0.10374489], [0.06531622, 0.10720785, -0.01411541], [-0.07159978, 0.00614956, 0.10123245], [-0.05865231, -0.10267723, 0.01099312], [0.07470282, 0.01308235, 0.09511454], [-0.04724596, -0.10122197, 0.03217752], [0.0422176, 0.00307537, -0.10826669], [0.05244422, -0.01849564, -0.10493365], [-0.06891081, 0.09996969, -0.00746976], [0.07677297, 0.09482332, -0.02295217], [0.06407656, -0.10906519, 0.00585946], [-0.0589515, 0.01702234, 0.11042617]], "atomic quadrupole moments": [[0.03254786, -0.21049611, 0.09868181, 0.01008629, -0.02778819, -0.13122967], [0.01115156, -0.19196933, -0.14882909, -0.33322484, -0.00347226, 0.13767753], [0.0032882, -0.11959208, -0.02121308, -0.08638969, -0.02069985, 0.01792487], [0.1963875, -0.21612568, -0.04973091, 0.26856176, 0.13233799, -0.14665659], [0.02685658, 0.11073482, -0.00886986, 0.0907419, -0.03907623, -0.01798672], [0.06814362, 0.369858, 0.07076502, 0.08883747, -0.09673368, -0.13890863], [0.05805559, 0.03245003, -0.13519979, 0.20996281, 0.01594186, 0.0771442], [-0.00910761, 0.00695566, -0.02635238, 0.06218719, 0.01955496, 0.03545998], [0.00436584, 0.05403209, 0.0457434, 0.00050777, -0.01410039, -0.05010924], [-0.00158482, -0.01203391, -0.04315278, -0.06734438, 0.0009879, 0.0447376], [0.00151693, 0.03616984, 0.01822854, -0.01588716, 0.00290081, -0.01974547], [0.00760118, 0.00300865, -0.02797437, 0.02049088, 0.02115525, 0.0203732], [0.00954537, 0.0219795, 0.02916147, 0.01334943, -0.017025, -0.03870685], [0.00528147, -0.02140885, -0.04015727, -0.01647983, 0.00356169, 0.0348758], [-0.0014869, 0.00595798, -0.01677327, -0.0373583, 0.01384457, 0.01826017], [0.00521454, -0.01879529, 0.03010527, 0.00059346, 0.00774977, -0.03531981], [0.00654825, 0.06923742, 0.03095095, -0.00852692, -0.02332543, -0.0374992], [-0.01597167, -0.05810849, 0.04875152, 0.00799915, 0.00465659, -0.03277985], [-0.00262054, -0.01657695, -0.04900142, -0.04898955, 0.01478466, 0.05162196]], "number of molecular orbitals": 40, "number of electrons": 44, "number of unpaired electrons": 0, "orbital energies/eV": [-19.29108898, -19.07724305, -17.80968568, -17.40218822, -16.5228422, -16.24478629, -15.88483665, -15.58947678, -15.46622049, -14.87866749, -14.19674478, -14.14096862, -14.05601951, -12.92747912, -12.89398042, -12.84200962, -12.56949755, -12.44809331, -12.35975078, -12.01424111, -11.21131406, -11.06657071, 0.73081186, 1.16986145, 2.75312037, 3.13870913, 3.16383814, 3.7313259, 4.00586223, 4.30804222, 4.35490959, 4.68995052, 4.77238116, 4.86227955, 5.18561941, 6.22424016, 6.79431373, 7.38615492, 7.39749476, 7.86511413], "fractional occupation": [2.0, 2.0, 2.0, 2.0, 2.0, 2.0, 2.0, 2.0, 2.0, 2.0, 2.0, 2.0, 2.0, 2.0, 2.0, 2.0, 2.0, 2.0, 2.0, 2.0, 2.0, 2.0, 0.0, 0.0, 0.0, 0.0, 0.0, 0.0, 0.0, 0.0, 0.0, 0.0, 0.0, 0.0, 0.0, 0.0, 0.0, 0.0, 0.0, 0.0], "program call": "xtb /tmp/scratch/tmpejwgglmo/12471_0_xyzopt.xyz --pop --wbo --acc 0.2 --gfn 2 --chrg 0 --uhf 0 --etemp 300 --input /tmp/scratch/tmpejwgglmo/12471_0_xtb.inp", "method": "GFN2-xTB", "xtb version": "6.3.3 (7355c4f)", "Dipole module/D": 0.555, "Total charge": 0, "Transition dipole module/D": NaN, "HOMO": -11.0666, "LUMO": 0.7308, "HOMO occupancy": 2.0, "LUMO occupancy": 0, "mulliken charges": [-0.09358, 0.20432, -0.47669, 0.40898, -0.47669, 0.20432, -0.09358, 0.04009, 0.04003, 0.02707, 0.00916, 0.02196, 0.02314, 0.02314, 0.00916, 0.02196, 0.02707, 0.04009, 0.04003], "cm5 charges": [-0.24292, 0.1211, -0.57933, 0.35818, -0.57933, 0.1211, -0.24292, 0.09455, 0.09437, 0.07926, 0.07153, 0.08728, 0.09508, 0.09508, 0.07153, 0.08728, 0.07926, 0.09455, 0.09437], "FUKUI+": [0.023, -0.026, -0.11, 0.012, -0.11, -0.026, 0.023, -0.046, -0.043, -0.082, -0.07, -0.053, -0.097, -0.097, -0.07, -0.053, -0.082, -0.046, -0.043], "FUKUI-": [0.019, 0.019, -0.104, 0.036, -0.104, 0.019, 0.019, -0.075, -0.062, -0.054, -0.108, -0.087, -0.068, -0.068, -0.108, -0.087, -0.054, -0.075, -0.062], "FUKUIrad": [0.021, -0.003, -0.107, 0.024, -0.107, -0.003, 0.021, -0.06, -0.053, -0.068, -0.089, -0.07, -0.082, -0.082, -0.089, -0.07, -0.068, -0.06, -0.053], "s proportion": [1.007, 0.991, 1.686, 0.95, 1.686, 0.991, 1.007, 0.96, 0.96, 0.973, 0.991, 0.978, 0.977, 0.977, 0.991, 0.978, 0.973, 0.96, 0.96], "p proportion": [3.087, 2.805, 4.791, 2.641, 4.791, 2.805, 3.087, 0.0, 0.0, 0.0, 0.0, 0.0, 0.0, 0.0, 0.0, 0.0, 0.0, 0.0, 0.0], "d proportion": [0.0, 0.0, 0.0, 0.0, 0.0, 0.0, 0.0, 0.0, 0.0, 0.0, 0.0, 0.0, 0.0, 0.0, 0.0, 0.0, 0.0, 0.0, 0.0], "Fermi-level/eV": -5.1679, "Coordination numbers": [3.751, 3.7, 1.701, 3.607, 1.701, 3.7, 3.751, 0.925, 0.925, 0.925, 0.923, 0.923, 0.923, 0.923, 0.923, 0.923, 0.925, 0.925, 0.925], "Dispersion coefficient C6": [22.703, 19.227, 19.538, 17.556, 19.538, 19.227, 22.703, 2.251, 2.266, 2.37, 2.72, 2.536, 2.598, 2.598, 2.72, 2.536, 2.37, 2.251, 2.266], "Total dispersion C6": 2500.317891, "Total dispersion C8": 50861.347767, "Polarizability alpha": [6.795, 6.271, 5.968, 6.053, 5.968, 6.271, 6.795, 2.346, 2.354, 2.407, 2.579, 2.49, 2.521, 2.521, 2.579, 2.49, 2.407, 2.346, 2.354], "Total polarizability alpha": 73.515939,