{"total energy": -23.02937767, "HOMO-LUMO gap/eV": 3.85674406, "electronic energy": -23.34297822, "dipole": [0.13297763, -1.12979323, 0.56384246], "partial charges": [-0.13715105, 0.23731548, -0.35803076, 0.0059622, -0.11146551, -0.10660834, -0.10376116, 0.06953574, 0.06491982, 0.05835272, 0.04014948, 0.03664739, 0.04491532, 0.03693083, 0.05571419, 0.03983313, 0.0350184, 0.04711543, 0.04460668], "atomic dipole moments": [[-0.07697358, 0.01735559, -0.0084443], [-0.00096591, 0.0292592, -0.01236789], [0.02245698, -0.15444415, 0.07145041], [-0.00186598, -0.00155374, 0.01347901], [-0.00783891, 0.10436305, 0.01172898], [0.09197238, -0.04070836, 0.05087505], [0.01513522, -0.0185463, -0.10553594], [0.02143895, -0.0973692, -0.08728528], [0.08814231, 0.0951302, -0.02150539], [0.01679642, -0.0497359, 0.11909836], [0.09626884, -0.04622961, 0.06554754], [0.01851858, -0.02521882, -0.12184659], [-0.102071, -0.06125164, 0.03463046], [-0.09894681, -0.05699672, 0.04753881], [-0.01241784, 0.12649936, 0.01153341], [0.00688179, -0.02503903, -0.12336589], [0.10003836, -0.03660217, 0.06417181], [-0.09850905, -0.06024193, 0.04687208], [-0.0164002, 0.12481704, 0.01960952]], "atomic quadrupole moments": [[0.14631994, -0.11571589, -0.03378478, 0.03047487, -0.03549549, -0.11253516], [-0.29237845, 0.01445516, -0.16546611, 0.04686438, 0.38449977, 0.45784457], [-0.12440487, 0.00805972, -0.06555686, 0.01555349, 0.15407294, 0.18996173], [-0.02013177, -0.01477393, 0.02696308, 0.00298778, -0.02092192, -0.00683131], [-0.09788212, -0.04564177, 0.21106882, 6.978e-05, 0.05649638, -0.11318669], [0.13931013, -0.08407608, -0.095796, 0.14420553, -0.05267885, -0.04351414], [-0.11495455, -0.02017536, -0.12028331, -0.02770577, 0.06231047, 0.23523786], [-0.04278319, -0.001235, 0.03080844, -0.01677333, 0.06678732, 0.01197476], [0.01797068, 0.05450681, 0.02892947, -0.00715089, -0.02013441, -0.04690015], [-0.0307459, 0.00759799, -0.03560898, 0.00889513, -0.05140158, 0.06635487], [0.03840973, -0.0222327, -0.02775952, 0.05849893, -0.01232747, -0.01065021], [-0.04848048, -0.00338632, -0.02980414, -0.02259126, 0.01062332, 0.07828462], [0.04846538, 0.0416094, -0.00644325, -0.03745554, -0.01532998, -0.04202212], [0.03635611, 0.04701395, -0.01685135, -0.03550939, -0.03640322, -0.01950476], [-0.03044161, -0.01072409, 0.0744203, 0.00761177, 0.01979904, -0.04397869], [-0.03273482, -0.01216851, -0.04149095, -0.0104162, 0.0307921, 0.07422577], [0.04924338, -0.03969437, -0.0370317, 0.04175302, -0.01291854, -0.01221167], [0.03482663, 0.05780667, -0.01635267, -0.02886605, -0.01443459, -0.01847396], [-0.05014675, -0.01559955, 0.0780695, -0.0018477, 0.00948864, -0.02792274]], "number of molecular orbitals": 40, "number of electrons": 42, "number of unpaired electrons": 0, "orbital energies/eV": [-19.1844586, -17.60492551, -17.05574016, -16.35382869, -16.22002861, -15.92240033, -15.05597862, -14.59389492, -14.56576635, -14.10580907, -13.60626383, -13.54315343, -13.10667339, -12.95462725, -12.82078802, -12.66570145, -12.49037906, -12.36813467, -11.98644646, -11.90855444, -10.52804392, -6.67129986, 1.52792928, 2.29938444, 2.48075873, 2.79686562, 3.41330101, 4.65314536, 4.83456725, 5.15362821, 5.53173515, 5.75677929, 5.98242499, 6.1007868, 6.42186697, 6.66308577, 7.01812044, 7.41177898, 8.1822637, 17.14519319], "fractional occupation": [2.0, 2.0, 2.0, 2.0, 2.0, 2.0, 2.0, 2.0, 2.0, 2.0, 2.0, 2.0, 2.0, 2.0, 2.0, 2.0, 2.0, 2.0, 2.0, 2.0, 2.0, 0.0, 0.0, 0.0, 0.0, 0.0, 0.0, 0.0, 0.0, 0.0, 0.0, 0.0, 0.0, 0.0, 0.0, 0.0, 0.0, 0.0, 0.0, 0.0], "program call": "xtb /tmp/scratch/tmpw3yo39hn/1397_0_xyzopt.xyz --pop --wbo --acc 0.2 --gfn 2 --chrg 0 --uhf 0 --etemp 300 --input /tmp/scratch/tmpw3yo39hn/1397_0_xtb.inp", "method": "GFN2-xTB", "xtb version": "6.3.3 (7355c4f)", "Dipole module/D": 3.227, "Total charge": 0, "Transition dipole module/D": NaN, "HOMO": -10.528, "LUMO": -6.6713, "HOMO occupancy": 2.0, "LUMO occupancy": 0, "mulliken charges": [-0.13215, 0.3957, -0.48693, -0.00381, -0.10091, -0.08688, -0.09007, 0.05823, 0.06322, 0.04733, 0.03039, 0.03595, 0.03958, 0.02802, 0.05013, 0.03777, 0.03002, 0.03812, 0.04626], "cm5 charges": [-0.27638, 0.4167, -0.5415, -0.03318, -0.24965, -0.23397, -0.23798, 0.11224, 0.11881, 0.10148, 0.08436, 0.08943, 0.09289, 0.08135, 0.10739, 0.09228, 0.08371, 0.09138, 0.10064], "FUKUI+": [0.048, -0.187, -0.287, -0.009, 0.026, 0.029, 0.019, -0.107, -0.075, -0.1, -0.033, -0.029, -0.057, -0.058, -0.021, -0.029, -0.034, -0.066, -0.028], "FUKUI-": [-0.003, -0.044, -0.211, -0.045, 0.028, 0.02, 0.021, -0.078, -0.073, -0.072, -0.051, -0.052, -0.087, -0.077, -0.04, -0.054, -0.05, -0.086, -0.046], "FUKUIrad": [0.023, -0.116, -0.249, -0.027, 0.027, 0.024, 0.02, -0.092, -0.074, -0.086, -0.042, -0.041, -0.072, -0.067, -0.031, -0.041, -0.042, -0.076, -0.037], "s proportion": [1.021, 1.075, 1.729, 1.089, 1.014, 1.011, 1.014, 0.942, 0.937, 0.953, 0.97, 0.964, 0.96, 0.972, 0.95, 0.962, 0.97, 0.962, 0.954], "p proportion": [3.111, 2.529, 4.758, 2.914, 3.086, 3.076, 3.076, 0.0, 0.0, 0.0, 0.0, 0.0, 0.0, 0.0, 0.0, 0.0, 0.0, 0.0, 0.0], "d proportion": [0.0, 0.0, 0.0, 0.0, 0.0, 0.0, 0.0, 0.0, 0.0, 0.0, 0.0, 0.0, 0.0, 0.0, 0.0, 0.0, 0.0, 0.0, 0.0], "Fermi-level/eV": -8.5997, "Coordination numbers": [3.753, 2.82, 0.857, 3.899, 3.758, 3.761, 3.763, 0.925, 0.925, 0.925, 0.925, 0.925, 0.925, 0.925, 0.925, 0.925, 0.925, 0.925, 0.925], "Dispersion coefficient C6": [23.2, 23.043, 20.86, 20.423, 22.683, 22.584, 22.526, 2.091, 2.142, 2.218, 2.447, 2.494, 2.384, 2.49, 2.25, 2.451, 2.516, 2.356, 2.388], "Total dispersion C6": 2626.464972, "Total dispersion C8": 56036.834486, "Polarizability alpha": [6.868, 7.865, 6.124, 6.424, 6.79, 6.774, 6.765, 2.261, 2.289, 2.329, 2.446, 2.47, 2.415, 2.468, 2.346, 2.448, 2.481, 2.4, 2.417], "Total polarizability alpha": 76.380171,