{"total energy": -20.89460322, "HOMO-LUMO gap/eV": 12.06595803, "electronic energy": -21.15903371, "dipole": [0.20386796, 0.60586058, -0.22479889], "partial charges": [-0.10211678, -0.06827296, 0.14786501, -0.12120601, -0.1138694, -0.45030148, 0.04728351, 0.03107196, 0.03687832, 0.02462085, 0.03048917, 0.04693873, 0.03731987, 0.03013453, 0.04875366, 0.03647698, 0.05630661, 0.28162743], "atomic dipole moments": [[-0.06519352, 0.07424945, -0.03577566], [-0.02474583, -0.09380487, 0.03224075], [-0.00341775, -0.1143237, -0.09183241], [0.0605916, -0.05613427, 0.03491244], [0.03615824, 0.0394377, -0.09353505], [0.04949743, 0.22554567, -0.00166974], [-0.01521113, -0.11186413, -0.05584366], [0.11455746, 0.04064355, -0.02090703], [-0.01523537, -0.01445639, 0.1232533], [0.03506143, 0.03152112, -0.11157901], [9.808e-05, 0.10365349, 0.06792211], [-0.11615144, -0.0481729, -0.01372026], [-0.00554341, 0.10114697, 0.07484553], [0.04038186, 0.0372463, -0.11148532], [-0.1206366, -0.03412001, -0.00995569], [0.0122628, 0.09643344, 0.07828844], [0.06546481, -0.10157184, 0.04004615], [0.02377636, 0.02435947, -0.06763232]], "atomic quadrupole moments": [[0.04893167, -0.15165273, 0.03048966, 0.08144979, -0.09874622, -0.07942133], [0.18308773, -0.02048882, -0.01375042, 0.0825938, -0.07823578, -0.16933732], [-0.12972692, 0.00344466, 0.12501624, -0.00524727, 0.1642173, 0.00471068], [0.00671347, -0.14810472, 0.04973437, 0.07757944, -0.0932401, -0.05644784], [-0.08551678, 0.0309745, -0.10698949, -0.10989075, -0.0816894, 0.19250627], [-0.1067248, 0.01864225, 0.09754551, -0.01309995, 0.09766553, 0.0091793], [-0.03529774, 0.00907077, 0.05069561, 0.01890873, 0.05148138, -0.01539787], [0.06541387, 0.04042515, -0.02346806, -0.01644563, -0.02334124, -0.04194581], [-0.03536494, -0.0120129, -0.03923433, -0.02695269, -0.01106555, 0.07459926], [-0.00269415, -0.00852609, -0.04817055, -0.02079237, -0.02220432, 0.05086469], [-0.02529149, -0.0065564, 0.02305082, 0.01140534, 0.0479437, 0.00224067], [0.06155742, 0.04669719, -0.01643777, 0.01339948, -0.00466803, -0.04511965], [-0.04777836, -0.00695195, 0.03820492, 0.00605994, 0.06260416, 0.00957345], [-0.01620692, 0.00471409, -0.04380152, -0.04477546, -0.03283355, 0.06000844], [0.07516756, 0.03187496, -0.04307521, 0.01198981, -0.00688479, -0.03209234], [-0.04926773, 0.01732312, 0.03886102, 0.00248153, 0.06263164, 0.01040671], [0.00172102, -0.0566631, 0.02478705, 0.01465762, -0.03575496, -0.02650807], [-0.07163315, 0.01797929, -0.04667699, -0.06501211, -0.02908607, 0.11831014]], "number of molecular orbitals": 36, "number of electrons": 38, "number of unpaired electrons": 0, "orbital energies/eV": [-18.4703825, -17.17087971, -16.55817202, -16.29304118, -15.60796397, -15.43498371, -14.47329155, -14.12703177, -14.05957058, -13.35974457, -13.14896573, -12.63426479, -12.542331, -12.41343172, -12.31241364, -12.14119847, -11.79378379, -11.56611102, -10.8809691, 1.18498893, 2.0690613, 2.41984793, 2.76029017, 3.6991934, 4.25228993, 4.84790279, 5.09177037, 5.22036766, 5.70641596, 6.19453949, 6.44321453, 6.62331026, 6.84453944, 7.41409389, 7.91638204, 8.11988868], "fractional occupation": [2.0, 2.0, 2.0, 2.0, 2.0, 2.0, 2.0, 2.0, 2.0, 2.0, 2.0, 2.0, 2.0, 2.0, 2.0, 2.0, 2.0, 2.0, 2.0, 0.0, 0.0, 0.0, 0.0, 0.0, 0.0, 0.0, 0.0, 0.0, 0.0, 0.0, 0.0, 0.0, 0.0, 0.0, 0.0, 0.0], "program call": "xtb /tmp/scratch/tmpj5kkix4p/1402_0_xyzopt.xyz --pop --wbo --acc 0.2 --gfn 2 --chrg 0 --uhf 0 --etemp 300 --input /tmp/scratch/tmpj5kkix4p/1402_0_xtb.inp", "method": "GFN2-xTB", "xtb version": "6.3.3 (7355c4f)", "Dipole module/D": 1.722, "Total charge": 0, "Transition dipole module/D": NaN, "HOMO": -10.881, "LUMO": 1.185, "HOMO occupancy": 2.0, "LUMO occupancy": 0, "mulliken charges": [-0.08082, -0.07085, 0.25039, -0.11958, -0.09939, -0.5682, 0.03841, 0.02631, 0.02745, 0.02228, 0.02458, 0.04242, 0.03169, 0.02876, 0.04073, 0.02439, 0.04542, 0.33599], "cm5 charges": [-0.2328, -0.17856, 0.23791, -0.26664, -0.2457, -0.77997, 0.09425, 0.07804, 0.08049, 0.07984, 0.08105, 0.09745, 0.08521, 0.08301, 0.09607, 0.07817, 0.10204, 0.51016], "FUKUI+": [0.017, 0.004, -0.059, 0.031, 0.034, -0.143, -0.037, -0.079, -0.047, -0.056, -0.099, -0.074, -0.095, -0.055, -0.06, -0.1, -0.058, -0.126], "FUKUI-": [0.019, -0.017, -0.034, 0.007, 0.027, -0.135, -0.056, -0.117, -0.062, -0.071, -0.078, -0.077, -0.067, -0.059, -0.094, -0.059, -0.065, -0.063], "FUKUIrad": [0.018, -0.006, -0.046, 0.019, 0.03, -0.139, -0.046, -0.098, -0.054, -0.063, -0.088, -0.075, -0.081, -0.057, -0.077, -0.08, -0.061, -0.095], "s proportion": [1.003, 1.039, 1.042, 1.021, 1.012, 1.696, 0.962, 0.974, 0.973, 0.978, 0.975, 0.958, 0.968, 0.971, 0.959, 0.976, 0.955, 0.664], "p proportion": [3.078, 3.032, 2.708, 3.098, 3.087, 4.872, 0.0, 0.0, 0.0, 0.0, 0.0, 0.0, 0.0, 0.0, 0.0, 0.0, 0.0, 0.0], "d proportion": [0.0, 0.0, 0.0, 0.0, 0.0, 0.0, 0.0, 0.0, 0.0, 0.0, 0.0, 0.0, 0.0, 0.0, 0.0, 0.0, 0.0, 0.0], "Fermi-level/eV": -4.848, "Coordination numbers": [3.751, 3.803, 3.773, 3.756, 3.757, 1.656, 0.925, 0.925, 0.925, 0.924, 0.924, 0.925, 0.925, 0.925, 0.925, 0.925, 0.925, 0.805], "Dispersion coefficient C6": [22.513, 21.806, 18.231, 22.877, 22.732, 21.85, 2.354, 2.571, 2.491, 2.664, 2.58, 2.358, 2.485, 2.585, 2.335, 2.496, 2.243, 0.779], "Total dispersion C6": 2113.544021, "Total dispersion C8": 43559.648523, "Polarizability alpha": [6.767, 6.648, 6.084, 6.82, 6.798, 6.31, 2.399, 2.508, 2.468, 2.553, 2.512, 2.402, 2.465, 2.514, 2.39, 2.471, 2.342, 1.386], "Total polarizability alpha": 67.835418, "Wiberg matrix": [[0.0, 1.0198704119684905, 0.0, 0.0, 0.0, 0.0, 0.9852183335008728, 0.9872606859202231, 0.9870982524850881, 0.0, 0.0, 0.0, 0.0, 0.0, 0.0, 0.0, 0.0, 0.0], [1.0198704119684905, 0.0, 0.9746794924121155, 0.0, 0.0, 0.0, 0.0, 0.0, 0.0, 0.9761955707324576, 0.97755902585954, 0.0, 0.0, 0.0, 0.0, 0.0, 0.0, 0.0], [0.0, 0.9746794924121155, 0.0, 0.9886733987762806, 0.9957554454057747, 0.9759159852757173, 0.0, 0.0, 0.0, 0.0, 0.0, 0.0, 0.0, 0.0, 0.0, 0.0, 0.0, 0.0], [0.0, 0.0, 0.9886733987762806, 0.0, 0.0, 0.0, 0.0, 0.0, 0.0, 0.0, 0.0, 0.9851330656581656, 0.9861162732473185, 0.9851860500858929, 0.0, 0.0, 0.0, 0.0], [0.0, 0.0, 0.9957554454057747, 0.0, 0.0, 0.0, 0.0, 0.0, 0.0, 0.0, 0.0, 0.0, 0.0, 0.0, 0.9846462488893826, 0.9865692496575034, 0.9824883531342908, 0.0], [0.0, 0.0, 0.9759159852757173, 0.0, 0.0, 0.0, 0.0, 0.0, 0.0, 0.0, 0.0, 0.0, 0.0, 0.0, 0.0, 0.0, 0.0, 0.9021377024751921], [0.9852183335008728, 0.0, 0.0, 0.0, 0.0, 0.0, 0.0, 0.0, 0.0, 0.0, 0.0, 0.0, 0.0, 0.0, 0.0, 0.0, 0.0, 0.0], [0.9872606859202231, 0.0, 0.0, 0.0, 0.0, 0.0, 0.0, 0.0, 0.0, 0.0, 0.0, 0.0, 0.0, 0.0, 0.0, 0.0, 0.0, 0.0], [0.9870982524850881, 0.0, 0.0, 0.0, 0.0, 0.0, 0.0, 0.0, 0.0, 0.0, 0.0, 0.0, 0.0, 0.0, 0.0, 0.0, 0.0, 0.0], [0.0, 0.9761955707324576, 0.0, 0.0, 0.0, 0.0, 0.0, 0.0, 0.0, 0.0, 0.0, 0.0, 0.0, 0.0, 0.0, 0.0, 0.0, 0.0], [0.0, 0.97755902585954, 0.0, 0.0, 0.0, 0.0, 0.0, 0.0, 0.0, 0.0, 0.0, 0.0, 0.0, 0.0, 0.0, 0.0, 0.0, 0.0], [0.0, 0.0, 0.0, 0.9851330656581656, 0.0, 0.0, 0.0, 0.0, 0.0, 0.0, 0.0, 0.0, 0.0, 0.0, 0.0, 0.0, 0.0, 0.0], [0.0, 0.0, 0.0, 0.9861162732473185, 0.0, 0.0, 0.0, 0.0, 0.0, 0.0, 0.0, 0.0, 0.0, 0.0, 0.0, 0.0, 0.0, 0.0], [0.0, 0.0, 0.0, 0.9851860500858929, 0.0, 0.0, 0.0, 0.0, 0.0, 0.0, 0.0, 0.0, 0.0, 0.0, 0.0, 0.0, 0.0, 0.0], [0.0, 0.0, 0.0, 0.0, 0.9846462488893826, 0.0, 0.0, 0.0, 0.0, 0.0, 0.0, 0.0, 0.0, 0.0, 0.0, 0.0, 0.0, 0.0], [0.0, 0.0, 0.0, 0.0, 0.9865692496575034, 0.0, 0.0, 0.0, 0.0, 0.0, 0.0, 0.0, 0.0, 0.0, 0.0, 0.0, 0.0, 0.0], [0.0, 0.0, 0.0, 0.0, 0.9824883531342908, 0.0, 0.0, 0.0, 0.0, 0.0, 0.0, 0.0, 0.0, 0.0, 0.0, 0.0, 0.0, 0.0], [0.0, 0.0, 0.0, 0.0, 0.0, 0.9021377024751921, 0.0, 0.0, 0.0, 0.0, 0.0, 0.0, 0.0, 0.0, 0.0, 0.0, 0.0, 0.0]], "Born radii": [], "Atomic SASAs": [], "Solvent H bonds": [], "Total SASA": NaN, "Total FOD": 0.0, "FOD": [0.0, 0.0, 0.0, 0.0, 0.0, 0.0, 0.0, 0.0, 0.0, 0.0, 0.0, 0.0, 0.0, 0.0, 0.0, 0.0, 0.0, 0.0], "FOD s proportion": [0.0, 0.0, 0.0, 0.0, 0.0, 0.0, 0.0, 0.0, 0.0, 0.0, 0.0, 0.0, 0.0, 0.0, 0.0, 0.0, 0.0, 0.0],