{"total energy": -29.02176303, "HOMO-LUMO gap/eV": 11.51209852, "electronic energy": -29.28216386, "dipole": [-0.50416528, -0.21041714, 0.1486112], "partial charges": [0.03723042, -0.32844359, 0.3998723, -0.13290886, -0.33076264, 0.04045159, -0.35592916, 0.04342326, 0.0521363, 0.03718818, 0.06592081, 0.06089414, 0.05156395, 0.06001515, 0.05234257, 0.05905148, 0.04843876, 0.04493178, 0.06004971, 0.03453386], "atomic dipole moments": [[0.18932131, -0.15604378, 0.02944935], [-0.23904564, -0.10877803, 0.08650215], [0.04418178, -0.00474961, -0.14743654], [0.0274436, -0.00073466, -0.10676617], [-0.12166696, 0.13677123, -0.21138401], [-0.13183268, 0.0010168, 0.20809908], [0.11641707, -0.12415387, 0.20875466], [0.05367005, 0.23086706, -0.02803404], [-0.08882593, -0.06550044, -0.06087032], [-0.03524336, 0.03243159, 0.11173001], [0.04303833, 0.09475721, -0.06394065], [0.07131266, 0.08960496, 0.05976123], [-0.12602515, 0.02589926, 0.00398491], [0.02875915, -0.11699338, 0.04718461], [0.04103252, 0.11749439, -0.01556502], [0.08754813, -0.0825681, 0.01855892], [-0.08157914, -0.02979899, -0.09053634], [0.10870775, -0.05633905, 0.02524152], [-0.05180005, -0.03798233, -0.1041403], [-0.07609018, -0.00765081, 0.09402174]], "atomic quadrupole moments": [[0.21604533, -0.38256362, 0.04308293, 0.04400595, -0.05532512, -0.25912826], [0.03018466, -0.06035362, 0.1015113, -0.01332253, -0.07982715, -0.13169596], [0.06923031, -0.01000159, 0.11491818, 0.09821492, -0.0109721, -0.18414849], [-0.09994163, 0.00016061, -0.13338841, -0.11973143, 0.00447551, 0.23333004], [0.06693865, -0.09052554, -0.09825482, -0.068899, -0.02712351, 0.03131617], [-0.03117892, -0.01916242, -0.27838031, -0.36041363, 0.00061651, 0.30955923], [-0.0504785, 0.09113358, 0.10150704, 0.09188087, -0.00881709, -0.05102855], [-0.2283861, 0.17159165, 0.46274423, -0.01779138, -0.10922341, -0.23435813], [0.02714836, 0.0183437, 0.00053302, 0.03798446, 0.03152543, -0.02768139], [-0.02065013, -0.0252145, -0.03941232, -0.02063002, 0.01803156, 0.06006245], [-0.02433553, 0.00953506, 0.04765143, -0.02076489, -0.05989163, -0.0233159], [-0.01616447, 0.05003913, 0.01739882, 0.03054176, 0.04507135, -0.00123435], [0.08038685, -0.02920392, -0.04303548, -0.00549417, 0.0016302, -0.03735138], [-0.04509418, -0.01832726, 0.06245325, 0.00129504, -0.04546634, -0.01735908], [-0.0287543, 0.03519438, 0.04746888, -0.02340842, -0.00464729, -0.01871457], [0.03040227, -0.06974697, 0.00204321, -0.01168066, -0.01079547, -0.03244548], [0.01209186, 0.02533919, -0.04440563, 0.03212843, 0.02031867, 0.03231377], [0.04112936, -0.02997722, 0.00772747, 0.01400819, -0.01775056, -0.04885682], [-0.03372937, 0.03490249, -0.00410844, 0.04522997, 0.0326726, 0.03783782], [-0.00961175, 0.00198025, -0.01279738, -0.06054027, -0.00028185, 0.02240912]], "number of molecular orbitals": 44, "number of electrons": 50, "number of unpaired electrons": 0, "orbital energies/eV": [-19.55142621, -19.18107773, -19.17945333, -17.94836988, -17.45065763, -17.13877477, -16.63657007, -16.10118274, -15.75789141, -15.57994752, -15.02513298, -14.59342935, -14.48799187, -13.99459644, -13.92924936, -13.84732773, -13.40944297, -13.17132952, -12.98124023, -12.75372271, -12.44819758, -12.25012451, -11.31885607, -11.28156063, -11.06126852, 0.45083, 0.64160732, 1.13380208, 2.54987396, 3.01815326, 3.36573523, 3.83755472, 4.03186565, 4.29811978, 4.66802776, 4.96035473, 5.46715844, 5.67852186, 5.87142565, 5.89343587, 6.16814683, 6.77834178, 7.60681876, 8.10388966], "fractional occupation": [2.0, 2.0, 2.0, 2.0, 2.0, 2.0, 2.0, 2.0, 2.0, 2.0, 2.0, 2.0, 2.0, 2.0, 2.0, 2.0, 2.0, 2.0, 2.0, 2.0, 2.0, 2.0, 2.0, 2.0, 2.0, 0.0, 0.0, 0.0, 0.0, 0.0, 0.0, 0.0, 0.0, 0.0, 0.0, 0.0, 0.0, 0.0, 0.0, 0.0, 0.0, 0.0, 0.0, 0.0], "program call": "xtb /tmp/scratch/tmpanemwu9p/14518_0_xyzopt.xyz --pop --wbo --acc 0.2 --gfn 2 --chrg 0 --uhf 0 --etemp 300 --input /tmp/scratch/tmpanemwu9p/14518_0_xtb.inp", "method": "GFN2-xTB", "xtb version": "6.3.3 (7355c4f)", "Dipole module/D": 1.439, "Total charge": 0, "Transition dipole module/D": NaN, "HOMO": -11.0613, "LUMO": 0.4508, "HOMO occupancy": 2.0, "LUMO occupancy": 0, "mulliken charges": [0.17292, -0.4588, 0.62538, -0.11616, -0.46488, 0.17811, -0.47481, 0.17118, 0.03061, 0.01139, 0.03369, 0.05192, 0.03837, 0.04708, 0.02898, 0.02441, 0.02807, 0.02822, 0.03265, 0.01166], "cm5 charges": [0.05211, -0.55136, 0.67721, -0.25761, -0.55865, 0.05759, -0.57024, 0.04992, 0.09504, 0.07121, 0.09499, 0.10999, 0.09582, 0.10586, 0.09217, 0.08557, 0.0928, 0.09252, 0.09377, 0.0713], "FUKUI+": [0.01, -0.089, -0.038, 0.029, -0.097, -0.001, -0.089, -0.005, -0.049, -0.053, -0.064, -0.053, -0.059, -0.055, -0.061, -0.076, -0.049, -0.055, -0.078, -0.067], "FUKUI-": [0.03, -0.106, 0.004, 0.004, -0.094, 0.025, -0.097, 0.029, -0.066, -0.09, -0.064, -0.051, -0.047, -0.055, -0.084, -0.068, -0.06, -0.046, -0.079, -0.086], "FUKUIrad": [0.02, -0.098, -0.017, 0.016, -0.096, 0.012, -0.093, 0.012, -0.058, -0.072, -0.064, -0.052, -0.053, -0.055, -0.073, -0.072, -0.055, -0.05, -0.079, -0.077], "s proportion": [0.969, 1.677, 0.948, 1.019, 1.681, 0.97, 1.687, 0.969, 0.969, 0.989, 0.966, 0.948, 0.962, 0.953, 0.971, 0.976, 0.972, 0.972, 0.967, 0.988], "p proportion": [2.858, 4.782, 2.426, 3.098, 4.784, 2.852, 4.788, 2.86, 0.0, 0.0, 0.0, 0.0, 0.0, 0.0, 0.0, 0.0, 0.0, 0.0, 0.0, 0.0], "d proportion": [0.0, 0.0, 0.0, 0.0, 0.0, 0.0, 0.0, 0.0, 0.0, 0.0, 0.0, 0.0, 0.0, 0.0, 0.0, 0.0, 0.0, 0.0, 0.0, 0.0], "Fermi-level/eV": -5.3052, "Coordination numbers": [3.642, 1.701, 3.586, 3.751, 1.702, 3.645, 1.7, 3.641, 0.924, 0.924, 0.925, 0.925, 0.925, 0.925, 0.924, 0.925, 0.924, 0.924, 0.925, 0.924], "Dispersion coefficient C6": [20.294, 19.497, 15.378, 23.117, 19.539, 20.224, 19.999, 20.194, 2.293, 2.487, 2.131, 2.188, 2.3, 2.199, 2.291, 2.21, 2.34, 2.384, 2.198, 2.523], "Total dispersion C6": 2869.181427, "Total dispersion C8": 58533.588283, "Polarizability alpha": [6.477, 5.962, 5.687, 6.857, 5.968, 6.463, 6.038, 6.462, 2.368, 2.466, 2.283, 2.313, 2.372, 2.319, 2.367, 2.325, 2.392, 2.415, 2.319, 2.484], "Total polarizability alpha": 78.3357,