{"total energy": -24.95526733, "HOMO-LUMO gap/eV": 11.54559264, "electronic energy": -25.21415906, "dipole": [-0.00018318, 0.00375984, 0.00141537], "partial charges": [0.04399308, -0.33915326, 0.2719768, -0.12406925, -0.12406925, -0.33915326, 0.04399308, 0.03099196, 0.0521085, 0.04134557, 0.04950732, 0.05295533, 0.05633233, 0.04950732, 0.05295534, 0.05633233, 0.04134557, 0.0521085, 0.03099196], "atomic dipole moments": [[0.1545395, 0.16646459, -0.00114636], [-0.07676503, -0.10592021, 0.24000046], [0.00824509, -0.16927936, -0.0637245], [-0.06811383, -0.08208238, 0.03254104], [0.07377729, -0.03419376, -0.0763127], [0.07777263, 0.08523279, -0.24778816], [-0.16803561, 0.11062334, 0.10545494], [-0.10486875, 0.0481007, 0.03772042], [-0.00851063, -0.0420705, -0.11461237], [0.04119162, -0.08564219, 0.08045099], [0.07464045, 0.02789209, 0.0988708], [-0.07185569, 0.09861641, -0.03314515], [0.06825971, -0.03771167, -0.10249884], [-0.07987487, 0.07957571, -0.05841501], [0.06422331, 0.05808352, 0.09213419], [-0.06148026, -0.10147682, 0.05010191], [-0.0363074, -0.01463559, -0.11820011], [0.01573112, -0.10617268, 0.05880687], [0.09912922, 0.06973723, 0.00663913]], "atomic quadrupole moments": [[0.10149195, 0.38184558, 0.13212422, -0.01267191, -0.00495703, -0.23361617], [-0.01037429, 0.13731257, -0.01867282, 0.04930825, 0.01450906, 0.02904711], [-0.07024669, -0.07240828, 0.00712395, 0.18249666, -0.01265775, 0.06312274], [0.02268143, 0.18053973, 0.09162092, -0.05768959, -0.07087605, -0.11430235], [0.04958764, -0.09137901, -0.08437937, -0.17131116, 0.0940253, 0.03479173], [0.01611925, -0.13494841, -0.00668, -0.05058348, -0.0343517, -0.00943925], [0.1652891, -0.26793101, -0.0785934, -0.26871411, 0.15052271, -0.0866957], [0.03957559, -0.0275546, 0.00184209, -0.03412713, 0.01960165, -0.04141768], [-0.03282933, 0.0269427, -0.02429135, 0.00952403, 0.04808717, 0.05712068], [-0.00915853, -0.00700885, 0.01678402, 0.02733393, -0.04990918, -0.00762549], [0.00081764, 0.02438015, -0.03740357, 0.06053415, 0.01964539, 0.03658594], [0.00205035, -0.05455581, 0.04053066, 0.00988382, -0.03333812, -0.04258101], [-0.00425193, -0.01955385, -0.0210557, -0.05667735, 0.0314008, 0.02530763], [0.00868351, -0.05738415, 0.00436943, 0.03334859, -0.03842296, -0.01305294], [-0.00651939, 0.03495704, -0.0227241, 0.0383541, 0.05015407, 0.02924349], [-0.01110629, 0.04934925, 0.03890546, -0.02675371, -0.02785024, -0.02779917], [-0.00868489, -0.01035916, -0.04528774, 0.02151869, 0.02022294, 0.05397263], [-0.02723544, -0.03238182, 0.05375193, -0.00668217, -0.04831128, -0.02651649], [0.03247427, 0.04514454, 0.01001701, -0.00661547, 0.01971437, -0.04249128]], "number of molecular orbitals": 40, "number of electrons": 44, "number of unpaired electrons": 0, "orbital energies/eV": [-19.1240409, -18.85264359, -17.72008726, -17.23014765, -16.46087134, -16.26618684, -15.86517379, -15.35521994, -14.74028778, -14.66961166, -14.20890236, -13.91863356, -13.81919296, -13.12553176, -12.842344, -12.72381461, -12.70490532, -12.45356182, -12.42188627, -11.7287429, -11.03815518, -10.97774321, 0.56784943, 1.05940927, 2.35024208, 2.53597449, 3.33638543, 3.49502857, 4.01145037, 4.60827554, 4.60864266, 5.43900527, 5.65421847, 5.82289041, 6.03879036, 6.12538045, 6.37822401, 6.74230678, 7.25687251, 8.43189344], "fractional occupation": [2.0, 2.0, 2.0, 2.0, 2.0, 2.0, 2.0, 2.0, 2.0, 2.0, 2.0, 2.0, 2.0, 2.0, 2.0, 2.0, 2.0, 2.0, 2.0, 2.0, 2.0, 2.0, 0.0, 0.0, 0.0, 0.0, 0.0, 0.0, 0.0, 0.0, 0.0, 0.0, 0.0, 0.0, 0.0, 0.0, 0.0, 0.0, 0.0, 0.0], "program call": "xtb /tmp/scratch/tmpd99k8agk/1479_0_xyzopt.xyz --pop --wbo --acc 0.2 --gfn 2 --chrg 0 --uhf 0 --etemp 300 --input /tmp/scratch/tmpd99k8agk/1479_0_xtb.inp", "method": "GFN2-xTB", "xtb version": "6.3.3 (7355c4f)", "Dipole module/D": 0.01, "Total charge": 0, "Transition dipole module/D": NaN, "HOMO": -10.9777, "LUMO": 0.5678, "HOMO occupancy": 2.0, "LUMO occupancy": 0, "mulliken charges": [0.17338, -0.47584, 0.44521, -0.11004, -0.11004, -0.47584, 0.17338, 0.01186, 0.0285, 0.02699, 0.03691, 0.03926, 0.04637, 0.03691, 0.03926, 0.04637, 0.02699, 0.0285, 0.01186], "cm5 charges": [0.052, -0.57409, 0.4646, -0.2539, -0.2539, -0.57409, 0.052, 0.0713, 0.08941, 0.09085, 0.09271, 0.09501, 0.10441, 0.09271, 0.09501, 0.10441, 0.09085, 0.08941, 0.0713], "FUKUI+": [0.003, -0.118, -0.045, 0.028, 0.028, -0.118, 0.003, -0.068, -0.083, -0.052, -0.077, -0.065, -0.047, -0.077, -0.065, -0.047, -0.052, -0.083, -0.068], "FUKUI-": [0.033, -0.133, -0.001, 0.013, 0.013, -0.133, 0.033, -0.117, -0.082, -0.063, -0.047, -0.056, -0.048, -0.047, -0.056, -0.048, -0.063, -0.082, -0.117], "FUKUIrad": [0.018, -0.125, -0.023, 0.021, 0.021, -0.125, 0.018, -0.092, -0.082, -0.057, -0.062, -0.06, -0.048, -0.062, -0.06, -0.048, -0.057, -0.082, -0.092], "s proportion": [0.968, 1.688, 0.997, 1.017, 1.017, 1.688, 0.968, 0.988, 0.972, 0.973, 0.963, 0.961, 0.954, 0.963, 0.961, 0.954, 0.973, 0.972, 0.988], "p proportion": [2.859, 4.787, 2.557, 3.093, 3.093, 4.787, 2.859, 0.0, 0.0, 0.0, 0.0, 0.0, 0.0, 0.0, 0.0, 0.0, 0.0, 0.0, 0.0], "d proportion": [0.0, 0.0, 0.0, 0.0, 0.0, 0.0, 0.0, 0.0, 0.0, 0.0, 0.0, 0.0, 0.0, 0.0, 0.0, 0.0, 0.0, 0.0, 0.0], "Fermi-level/eV": -5.2049, "Coordination numbers": [3.64, 1.701, 3.682, 3.754, 3.754, 1.701, 3.64, 0.924, 0.925, 0.924, 0.925, 0.925, 0.925, 0.925, 0.925, 0.925, 0.924, 0.925, 0.924], "Dispersion coefficient C6": [20.189, 19.691, 16.634, 22.937, 22.937, 19.691, 20.189, 2.572, 2.294, 2.431, 2.326, 2.283, 2.242, 2.326, 2.283, 2.242, 2.431, 2.294, 2.572], "Total dispersion C6": 2481.876788, "Total dispersion C8": 50720.321329, "Polarizability alpha": [6.462, 5.991, 5.841, 6.829, 6.829, 5.991, 6.462, 2.508, 2.368, 2.438, 2.385, 2.363, 2.342, 2.385, 2.363, 2.342, 2.438, 2.368, 2.508], "Total polarizability alpha": 73.214552,