{"total energy": -23.94207564, "HOMO-LUMO gap/eV": 5.11767707, "electronic energy": -24.21256735, "dipole": [-0.99561223, -0.40428487, -0.23248134], "partial charges": [-0.11151635, -0.01466892, -0.11478092, 0.0725423, -0.2415915, 0.33723861, -0.37952298, 0.04356127, 0.04153322, 0.04817736, 0.04835844, 0.04971215, 0.04005501, 0.0430968, 0.05671026, 0.05318344, 0.0279118], "atomic dipole moments": [[0.01362605, 0.1032475, -0.04578235], [0.04671609, 0.02431501, 0.10540964], [0.0823616, -0.06801185, -0.04184446], [0.11884103, -0.18008883, -0.14437859], [0.06403067, 0.18146797, 0.13853242], [-0.18821132, 0.02633759, 0.02731083], [-0.06740662, -0.14595783, -0.11131115], [-0.11105309, -0.04619153, -0.03016379], [0.00725077, 0.00452217, 0.12433018], [0.09013501, -0.07745035, -0.04383274], [-0.01218678, -0.00937761, -0.12459984], [-0.11445175, -0.04206367, -0.0238585], [0.01184833, 0.11285572, -0.05200238], [0.01145951, 0.01325749, 0.1234531], [0.02968153, -0.00276453, 0.12364574], [0.01697837, 0.1182233, -0.04111127], [0.07451289, -0.08615067, -0.06991187]], "atomic quadrupole moments": [[-0.11495694, 0.04227679, 0.18511669, -0.01564164, -0.14156172, -0.07015975], [0.14561654, 0.01510497, 0.08585395, -0.01924158, -0.00816457, -0.23147049], [0.0544607, -0.1598887, 0.03172655, -0.10059432, 0.0801356, -0.08618726], [0.26381879, -0.2127214, -0.06052398, -0.19468938, 0.25168293, -0.20329481], [0.0338111, -0.03231713, -0.00628969, -0.02835606, 0.04305975, -0.02752141], [-0.08363031, 0.07986076, -0.08374871, 0.08668398, -0.50935218, 0.16737902], [-0.11640903, 0.0060803, 0.02027654, 0.01693654, -0.15247768, 0.09613249], [0.06131454, 0.03958709, -0.0243806, 0.03676422, 0.00163091, -0.03693393], [-0.05295375, 0.00401936, -0.02952776, 0.01162879, 0.01298575, 0.0824815], [0.02114947, -0.04945211, 0.00698795, -0.04015398, 0.01868521, -0.02813741], [-0.02259104, 0.00145391, -0.0092864, 0.00689476, 0.00217589, 0.03187745], [0.06263272, 0.0403792, -0.01988636, 0.02307655, 0.02071966, -0.04274636], [-0.03793044, 0.01199419, 0.05521993, -0.02001816, -0.05026767, -0.0172895], [-0.03698213, -0.00993004, -0.04363779, 0.02032624, 0.00778567, 0.08061993], [-0.00934346, -0.01348097, -0.03224222, 0.0014931, -0.00695609, 0.04158569], [-0.00784953, -0.00808673, 0.03057712, -0.01529654, -0.02829034, -0.0227276], [0.05235067, 0.02858859, -0.01301238, 0.01737799, 0.0481538, -0.03933829]], "number of molecular orbitals": 38, "number of electrons": 42, "number of unpaired electrons": 0, "orbital energies/eV": [-20.50804197, -19.72879659, -18.58978545, -17.37935786, -16.81994095, -16.40047656, -16.2786926, -16.13707476, -15.55914694, -15.25938535, -14.46640403, -14.08170983, -13.80551737, -13.45073839, -13.23077892, -12.8940351, -12.50656146, -12.33815345, -12.15800699, -12.00579979, -11.64134307, -6.523666, -0.10839765, 2.02697773, 2.35633846, 3.25605743, 3.34879001, 3.82856754, 4.51882886, 4.8624431, 5.18299768, 5.636664, 6.11808725, 6.71168232, 6.88646704, 7.64716999, 7.72932681, 17.65719737], "fractional occupation": [2.0, 2.0, 2.0, 2.0, 2.0, 2.0, 2.0, 2.0, 2.0, 2.0, 2.0, 2.0, 2.0, 2.0, 2.0, 2.0, 2.0, 2.0, 2.0, 2.0, 2.0, 0.0, 0.0, 0.0, 0.0, 0.0, 0.0, 0.0, 0.0, 0.0, 0.0, 0.0, 0.0, 0.0, 0.0, 0.0, 0.0, 0.0], "program call": "xtb /tmp/scratch/tmpofdnljyu/15081_0_xyzopt.xyz --pop --wbo --acc 0.2 --gfn 2 --chrg 0 --uhf 0 --etemp 300 --input /tmp/scratch/tmpofdnljyu/15081_0_xtb.inp", "method": "GFN2-xTB", "xtb version": "6.3.3 (7355c4f)", "Dipole module/D": 2.794, "Total charge": 0, "Transition dipole module/D": NaN, "HOMO": -11.6413, "LUMO": -6.5237, "HOMO occupancy": 2.0, "LUMO occupancy": 0, "mulliken charges": [-0.09135, -0.01109, -0.09775, 0.18889, -0.40628, 0.5782, -0.51886, 0.03286, 0.02982, 0.04222, 0.03499, 0.03854, 0.03412, 0.03285, 0.04143, 0.04145, 0.02995], "cm5 charges": [-0.24135, -0.08322, -0.24868, 0.10932, -0.49994, 0.59556, -0.57445, 0.08538, 0.08317, 0.0979, 0.09595, 0.09108, 0.08658, 0.0859, 0.10796, 0.10719, 0.10165], "FUKUI+": [0.016, -0.002, 0.015, 0.033, -0.148, -0.165, -0.32, -0.035, -0.016, 0.003, -0.022, -0.033, -0.016, -0.017, -0.045, -0.046, -0.202], "FUKUI-": [0.02, -0.013, 0.019, 0.017, -0.062, 0.0, -0.172, -0.072, -0.089, -0.058, -0.122, -0.072, -0.063, -0.09, -0.059, -0.051, -0.134], "FUKUIrad": [0.018, -0.008, 0.017, 0.025, -0.105, -0.083, -0.246, -0.053, -0.053, -0.027, -0.072, -0.052, -0.039, -0.053, -0.052, -0.049, -0.168], "s proportion": [1.009, 1.053, 1.01, 1.003, 1.684, 0.957, 1.717, 0.967, 0.97, 0.958, 0.965, 0.961, 0.966, 0.967, 0.959, 0.959, 0.97], "p proportion": [3.083, 2.958, 3.087, 2.808, 4.722, 2.465, 4.802, 0.0, 0.0, 0.0, 0.0, 0.0, 0.0, 0.0, 0.0, 0.0, 0.0], "d proportion": [0.0, 0.0, 0.0, 0.0, 0.0, 0.0, 0.0, 0.0, 0.0, 0.0, 0.0, 0.0, 0.0, 0.0, 0.0, 0.0, 0.0], "Fermi-level/eV": -9.0825, "Coordination numbers": [3.756, 3.849, 3.757, 3.713, 1.703, 2.668, 0.856, 0.925, 0.925, 0.925, 0.924, 0.925, 0.925, 0.925, 0.924, 0.924, 0.923], "Dispersion coefficient C6": [22.687, 20.803, 22.75, 19.491, 18.004, 21.271, 21.277, 2.402, 2.428, 2.343, 2.341, 2.323, 2.448, 2.408, 2.238, 2.281, 2.617], "Total dispersion C6": 2235.685038, "Total dispersion C8": 47198.553579, "Polarizability alpha": [6.791, 6.487, 6.8, 6.308, 5.729, 7.546, 6.184, 2.424, 2.437, 2.394, 2.393, 2.384, 2.447, 2.427, 2.34, 2.362, 2.53], "Total polarizability alpha": 69.981716, "Wiberg matrix": [[0.0, 1.0093223691249065, 0.0, 0.0, 0.0, 0.0, 0.0, 0.9862013825292372, 0.9861412920316046, 0.9851754990782958, 0.0, 0.0, 0.0, 0.0, 0.0, 0.0, 0.0], [1.0093223691249065, 0.0, 1.0074353702835488, 0.9937833457239813, 0.0, 0.0, 0.0, 0.0, 0.0, 0.0, 0.9666722350141159, 0.0, 0.0, 0.0, 0.0, 0.0, 0.0], [0.0, 1.0074353702835488, 0.0, 0.0, 0.0, 0.0, 0.0, 0.0, 0.0, 0.0, 0.0, 0.9853799028898971, 0.98625116184283, 0.9862344126841869, 0.0, 0.0, 0.0], [0.0, 0.9937833457239813, 0.0, 0.0, 0.92700601748174, 0.0, 0.0, 0.0, 0.0, 0.0, 0.0, 0.0, 0.0, 0.0, 0.9668440678805876, 0.9672075898901529, 0.0], [0.0, 0.0, 0.0, 0.92700601748174, 0.0, 1.1872014113275084, 0.19717112627493555, 0.0, 0.0, 0.0, 0.0, 0.0, 0.0, 0.0, 0.0, 0.0, 0.0], [0.0, 0.0, 0.0, 0.0, 1.1872014113275084, 0.0, 1.7932716080926951, 0.0, 0.0, 0.0, 0.0, 0.0, 0.0, 0.0, 0.0, 0.0, 0.9144294235172792], [0.0, 0.0, 0.0, 0.0, 0.19717112627493555, 1.7932716080926951, 0.0, 0.0, 0.0, 0.0, 0.0, 0.0, 0.0, 0.0, 0.0, 0.0, 0.0], [0.9862013825292372, 0.0, 0.0, 0.0, 0.0, 0.0, 0.0, 0.0, 0.0, 0.0, 0.0, 0.0, 0.0, 0.0, 0.0, 0.0, 0.0], [0.9861412920316046, 0.0, 0.0, 0.0, 0.0, 0.0, 0.0, 0.0, 0.0, 0.0, 0.0, 0.0, 0.0, 0.0, 0.0, 0.0, 0.0], [0.9851754990782958, 0.0, 0.0, 0.0, 0.0, 0.0, 0.0, 0.0, 0.0, 0.0, 0.0, 0.0, 0.0, 0.0, 0.0, 0.0, 0.0], [0.0, 0.9666722350141159, 0.0, 0.0, 0.0, 0.0, 0.0, 0.0, 0.0, 0.0, 0.0, 0.0, 0.0, 0.0, 0.0, 0.0, 0.0], [0.0, 0.0, 0.9853799028898971, 0.0, 0.0, 0.0, 0.0, 0.0, 0.0, 0.0, 0.0, 0.0, 0.0, 0.0, 0.0, 0.0, 0.0], [0.0, 0.0, 0.98625116184283, 0.0, 0.0, 0.0, 0.0, 0.0, 0.0, 0.0, 0.0, 0.0, 0.0, 0.0, 0.0, 0.0, 0.0], [0.0, 0.0, 0.9862344126841869, 0.0, 0.0, 0.0, 0.0, 0.0, 0.0, 0.0, 0.0, 0.0, 0.0, 0.0, 0.0, 0.0, 0.0], [0.0, 0.0, 0.0, 0.9668440678805876, 0.0, 0.0, 0.0, 0.0, 0.0, 0.0, 0.0, 0.0, 0.0, 0.0, 0.0, 0.0, 0.0], [0.0, 0.0, 0.0, 0.9672075898901529, 0.0, 0.0, 0.0, 0.0, 0.0, 0.0, 0.0, 0.0, 0.0, 0.0, 0.0, 0.0, 0.0], [0.0, 0.0, 0.0, 0.0, 0.0, 0.9144294235172792, 0.0, 0.0, 0.0, 0.0, 0.0, 0.0, 0.0, 0.0, 0.0, 0.0, 0.0]], "Born radii": [], "Atomic SASAs": [], "Solvent H bonds": [], "Total SASA": NaN, "Total FOD": 0.0, "FOD": [0.0, 0.0, 0.0, 0.0, 0.0, 0.0, 0.0, 0.0, 0.0, 0.0, 0.0, 0.0, 0.0, 0.0, 0.0, 0.0, 0.0], "FOD s proportion": [0.0, 0.0, 0.0, 0.0, 0.0, 0.0, 0.0, 0.0, 0.0, 0.0, 0.0, 0.0, 0.0, 0.0, 0.0, 0.0, 0.0], "FOD p proportion": [0.0, 0.0, 0.0, 0.0, 0.0, 0.0, 0.0, 0.0, 0.0, 0.0, 0.0, 0.0, 0.0, 0.0, 0.0, 0.0, 0.0], "FOD d proportion": [0.0, 0.0, 0.0, 0.0, 0.0, 0.0, 0.0, 0.0, 0.0, 0.0, 0.0, 0.0, 0.0, 0.0, 0.0, 0.0, 0.0],