{"total energy": -24.8449297, "HOMO-LUMO gap/eV": 4.67882012, "electronic energy": -25.07188672, "dipole": [1.06192649, 0.57775007, 0.19016556], "partial charges": [0.0298609, -0.25376081, 0.34255977, -0.40973267, 0.09143425, -0.11847227, -0.43456411, 0.074324, 0.06793924, 0.06825678, 0.06022012, 0.05092534, 0.05193857, 0.06745761, 0.31161328], "atomic dipole moments": [[-0.24128103, 0.11377479, -0.02104931], [0.02625317, -0.22830508, 0.06411108], [0.14721842, 0.05416065, -0.02549558], [0.00344434, 0.19089854, -0.05500165], [-0.08862864, -0.14077954, 0.07998097], [0.01765316, -0.07770063, -0.09506314], [0.23782572, 0.04714868, 0.06159784], [0.08507391, 0.09205006, -0.02195744], [0.00281444, -0.09596411, -0.08665562], [0.00589792, -0.05093919, 0.1187011], [-0.00288755, 0.06843532, -0.11067625], [0.09997292, 0.08048718, -0.00469432], [0.00114942, -0.06607089, 0.11027608], [-0.11068033, 0.0636098, -0.00694329], [0.02942953, -0.06353001, 0.03333836]], "atomic quadrupole moments": [[0.41965542, -0.32283755, -0.12851424, 0.05616964, -0.03242199, -0.29114119], [0.06590631, -0.03637008, -0.00050171, 0.00235526, -0.01746426, -0.0654046], [-0.11892361, 0.1449184, -0.27975433, 0.00949278, 0.20636064, 0.39867794], [-0.11747763, 0.0078678, -0.05360452, 0.01796888, 0.07019328, 0.17108215], [0.19670742, 0.16192009, 0.08111567, -0.01185004, 0.10034525, -0.27782309], [-0.14092672, 0.00215515, 0.03049036, -0.02474227, 0.21774355, 0.11043635], [0.0984638, 0.12022873, 0.01315799, 0.02098588, -0.00801349, -0.11162179], [0.03844219, 0.0483179, 0.01595588, -0.01290451, -0.01682995, -0.05439807], [-0.01519387, -0.01580185, 0.0059911, 0.00816923, 0.055478, 0.00920276], [-0.01501593, -0.01984622, -0.03532655, 0.00206782, -0.03308314, 0.05034248], [-0.01903859, 0.02228756, 0.00327348, 0.00672529, -0.01768104, 0.01576511], [0.03315225, 0.06508853, 0.00560274, -0.00807555, 0.00404296, -0.03875499], [-0.04936552, -0.00878545, 0.0049624, 0.0008814, -0.05513975, 0.04440312], [0.04515131, -0.05863932, -0.01479445, 0.01097702, 0.00176706, -0.03035686], [-0.03132136, -0.01458166, 0.08279255, 0.02392974, -0.07805957, -0.05147119]], "number of molecular orbitals": 36, "number of electrons": 42, "number of unpaired electrons": 0, "orbital energies/eV": [-20.69273524, -19.96507906, -18.99979311, -18.75757745, -17.46961779, -16.96702379, -16.69798215, -16.49525837, -16.0832632, -15.69302695, -14.73534378, -14.69239854, -14.35642816, -13.93422228, -13.41434865, -13.38088846, -13.06333529, -12.84448586, -12.58651598, -11.70038644, -11.34072458, -6.66190446, -0.16275091, 1.55139607, 2.72868924, 3.07482857, 3.31815344, 4.12522799, 4.42478734, 4.906366, 4.99710985, 5.29273983, 6.4877143, 6.92508517, 7.85767051, 17.13927653], "fractional occupation": [2.0, 2.0, 2.0, 2.0, 2.0, 2.0, 2.0, 2.0, 2.0, 2.0, 2.0, 2.0, 2.0, 2.0, 2.0, 2.0, 2.0, 2.0, 2.0, 2.0, 2.0, 0.0, 0.0, 0.0, 0.0, 0.0, 0.0, 0.0, 0.0, 0.0, 0.0, 0.0, 0.0, 0.0, 0.0, 0.0], "program call": "xtb /tmp/scratch/tmpvgnpdly7/15209_0_xyzopt.xyz --pop --wbo --acc 0.2 --gfn 2 --chrg 0 --uhf 0 --etemp 300 --input /tmp/scratch/tmpvgnpdly7/15209_0_xtb.inp", "method": "GFN2-xTB", "xtb version": "6.3.3 (7355c4f)", "Dipole module/D": 3.111, "Total charge": 0, "Transition dipole module/D": NaN, "HOMO": -11.3407, "LUMO": -6.6619, "HOMO occupancy": 2.0, "LUMO occupancy": 0, "mulliken charges": [0.17483, -0.4113, 0.56215, -0.53424, 0.20124, -0.10356, -0.56217, 0.04143, 0.04754, 0.04734, 0.04589, 0.03825, 0.04325, 0.05176, 0.35758], "cm5 charges": [0.05386, -0.50214, 0.61832, -0.59043, 0.16476, -0.24955, -0.76857, 0.10226, 0.10903, 0.1096, 0.11548, 0.0935, 0.09873, 0.10619, 0.53897], "FUKUI+": [0.047, -0.13, -0.184, -0.273, 0.005, 0.019, -0.045, -0.076, -0.053, -0.049, -0.091, -0.041, -0.036, -0.073, -0.021], "FUKUI-": [0.025, -0.089, -0.016, -0.144, -0.02, 0.002, -0.163, -0.074, -0.073, -0.058, -0.093, -0.069, -0.066, -0.1, -0.06], "FUKUIrad": [0.036, -0.11, -0.1, -0.209, -0.008, 0.011, -0.104, -0.075, -0.063, -0.053, -0.092, -0.055, -0.051, -0.087, -0.041], "s proportion": [0.974, 1.684, 0.986, 1.722, 1.014, 1.017, 1.693, 0.959, 0.952, 0.953, 0.954, 0.962, 0.957, 0.948, 0.642], "p proportion": [2.851, 4.727, 2.452, 4.813, 2.785, 3.087, 4.869, 0.0, 0.0, 0.0, 0.0, 0.0, 0.0, 0.0, 0.0], "d proportion": [0.0, 0.0, 0.0, 0.0, 0.0, 0.0, 0.0, 0.0, 0.0, 0.0, 0.0, 0.0, 0.0, 0.0, 0.0], "Fermi-level/eV": -9.0013, "Coordination numbers": [3.658, 1.704, 2.727, 0.856, 3.725, 3.754, 1.656, 0.925, 0.924, 0.924, 0.924, 0.925, 0.925, 0.925, 0.804], "Dispersion coefficient C6": [20.354, 18.205, 21.18, 21.877, 19.165, 22.826, 21.531, 2.039, 2.108, 2.105, 2.197, 2.308, 2.296, 2.114, 0.687], "Total dispersion C6": 1836.318381, "Total dispersion C8": 38975.733346, "Polarizability alpha": [6.475, 5.761, 7.534, 6.271, 6.251, 6.813, 6.264, 2.233, 2.271, 2.269, 2.318, 2.376, 2.369, 2.274, 1.302], "Total polarizability alpha": 62.779305, "Wiberg matrix": [[0.0, 0.9496586849381212, 0.0, 0.0, 0.0, 0.0, 0.0, 0.9814204242684371, 0.9767572856941494, 0.9771174385304158, 0.0, 0.0, 0.0, 0.0, 0.0], [0.9496586849381212, 0.0, 1.1522219111518213, 0.17247559826215925, 0.0, 0.0, 0.0, 0.0, 0.0, 0.0, 0.0, 0.0, 0.0, 0.0, 0.0], [0.0, 1.1522219111518213, 0.0, 1.7415459956973356, 0.943104271800011, 0.0, 0.0, 0.0, 0.0, 0.0, 0.0, 0.0, 0.0, 0.0, 0.0], [0.0, 0.17247559826215925, 1.7415459956973356, 0.0, 0.0, 0.0, 0.0, 0.0, 0.0, 0.0, 0.0, 0.0, 0.0, 0.0, 0.0], [0.0, 0.0, 0.943104271800011, 0.0, 0.0, 0.9712340140198616, 1.012816141260212, 0.0, 0.0, 0.0, 0.9493926459432689, 0.0, 0.0, 0.0, 0.0], [0.0, 0.0, 0.0, 0.0, 0.9712340140198616, 0.0, 0.0, 0.0, 0.0, 0.0, 0.0, 0.9853678797526789, 0.9864110994639289, 0.9814291351708683, 0.0], [0.0, 0.0, 0.0, 0.0, 1.012816141260212, 0.0, 0.0, 0.0, 0.0, 0.0, 0.0, 0.0, 0.0, 0.0, 0.8731808679664416], [0.9814204242684371, 0.0, 0.0, 0.0, 0.0, 0.0, 0.0, 0.0, 0.0, 0.0, 0.0, 0.0, 0.0, 0.0, 0.0], [0.9767572856941494, 0.0, 0.0, 0.0, 0.0, 0.0, 0.0, 0.0, 0.0, 0.0, 0.0, 0.0, 0.0, 0.0, 0.0], [0.9771174385304158, 0.0, 0.0, 0.0, 0.0, 0.0, 0.0, 0.0, 0.0, 0.0, 0.0, 0.0, 0.0, 0.0, 0.0], [0.0, 0.0, 0.0, 0.0, 0.9493926459432689, 0.0, 0.0, 0.0, 0.0, 0.0, 0.0, 0.0, 0.0, 0.0, 0.0], [0.0, 0.0, 0.0, 0.0, 0.0, 0.9853678797526789, 0.0, 0.0, 0.0, 0.0, 0.0, 0.0, 0.0, 0.0, 0.0], [0.0, 0.0, 0.0, 0.0, 0.0, 0.9864110994639289, 0.0, 0.0, 0.0, 0.0, 0.0, 0.0, 0.0, 0.0, 0.0], [0.0, 0.0, 0.0, 0.0, 0.0, 0.9814291351708683, 0.0, 0.0, 0.0, 0.0, 0.0, 0.0, 0.0, 0.0, 0.0], [0.0, 0.0, 0.0, 0.0, 0.0, 0.0, 0.8731808679664416, 0.0, 0.0, 0.0, 0.0, 0.0, 0.0, 0.0, 0.0]], "Born radii": [], "Atomic SASAs": [], "Solvent H bonds": [], "Total SASA": NaN, "Total FOD": 0.0, "FOD": [0.0, 0.0, 0.0, 0.0, 0.0, 0.0, 0.0, 0.0, 0.0, 0.0, 0.0, 0.0, 0.0, 0.0, 0.0], "FOD s proportion": [0.0, 0.0, 0.0, 0.0, 0.0, 0.0, 0.0, 0.0, 0.0, 0.0, 0.0, 0.0, 0.0, 0.0, 0.0], "FOD p proportion": [0.0, 0.0, 0.0, 0.0, 0.0, 0.0, 0.0, 0.0, 0.0, 0.0, 0.0, 0.0, 0.0, 0.0, 0.0], "FOD d proportion": [0.0, 0.0, 0.0, 0.0, 0.0, 0.0, 0.0, 0.0, 0.0, 0.0, 0.0, 0.0, 0.0, 0.0, 0.0], "coordinates": [["2.40954547883186", "-0.52208322733657", "-0.36238640312125"], ["1.16608313536490", "0.16026275411372", "-0.49182354107179"], ["0.07580415164315", "-0.55074430841811", "-0.22933830074962"], ["0.07247984168011", "-1.71086678562651", "0.09922134735717"], ["-1.20306400155051", "0.26760859510683", "-0.34378903455088"], ["-1.27175361399228", "1.22728384016138", "0.85447398407220"], ["-2.30489593188031", "-0.59513423561699", "-0.38734016831660"], ["3.18266569475776", "0.22023204209366", "-0.54079054495251"], ["2.47476140163694", "-1.32813051193537", "-1.09549929534715"], ["2.50528702280960", "-0.94707983112005", "0.63842923004274"], ["-1.18628171673354", "0.84475212309435", "-1.27546019882206"], ["-0.43186321186116", "1.91529880595904", "0.82931118580379"], ["-1.25185971156029", "0.66375016722570", "1.78499793840067"], ["-2.20160194405847", "1.78679328898705", "0.80709137953455"], ["-2.03530559508776", "-1.43194071668817", "0.02327942172074"]],