{"total energy": -23.94976712, "HOMO-LUMO gap/eV": 4.9486803, "electronic energy": -24.22029747, "dipole": [0.05227578, 0.54533142, -0.54838805], "partial charges": [0.0331974, -0.26576903, 0.35523751, -0.40574242, -0.03721188, -0.10386153, -0.10755389, 0.06111846, 0.06294097, 0.06729984, 0.05143672, 0.05146709, 0.04162545, 0.04967263, 0.04584073, 0.0596181, 0.04068387], "atomic dipole moments": [[-0.24468502, 0.02378566, -0.07242172], [0.07339238, -0.13672765, 0.18668299], [0.13476761, 0.06462205, -0.06240719], [-0.03489066, 0.11608167, -0.15131576], [0.00130603, -0.0272373, 0.0999764], [0.05169997, -0.08491505, -0.068307], [0.07420075, 0.0967441, -0.01275843], [0.03058686, -0.1234603, -0.01559436], [0.00326555, 0.02744038, 0.12547981], [0.06636465, 0.07907945, -0.07275185], [0.01751396, 0.0425646, -0.11966932], [-0.00947738, -0.03821987, 0.12107361], [0.07463488, 0.10216352, -0.00543544], [-0.11278334, 0.03114303, -0.04137531], [-0.11520696, 0.02945869, -0.03401654], [-0.00022269, -0.04728794, 0.11850064], [0.04378765, -0.08993262, -0.07704634]], "atomic quadrupole moments": [[0.49067268, -0.06882312, -0.27459558, 0.21688554, -0.03084243, -0.2160771], [0.08210514, -0.00428726, -0.05346864, 0.03128776, -0.03970119, -0.0286365], [-0.18906067, 0.05947124, 0.19622317, -0.15505476, 0.36951425, -0.0071625], [-0.11438792, -0.01630611, 0.09064427, -0.02051396, 0.1357071, 0.02374365], [0.1148197, -0.01099182, 0.05676877, 0.03064211, 0.0661458, -0.17158847], [-0.06535954, -0.11005452, 0.08888689, -0.09153189, 0.16830564, -0.02352735], [0.01885032, 0.18623238, 0.12606588, -0.00983424, -0.00066823, -0.1449162], [-0.00765116, -0.02369439, 0.05297049, 0.00997039, 0.02390945, -0.04531932], [-0.00918567, -0.00779462, -0.0431726, 0.00934165, 0.0325288, 0.05235827], [0.01970328, 0.04106862, -0.00645681, -0.03061273, -0.0484028, -0.01324647], [-0.02270928, 0.00544818, -0.00987068, 0.00226921, -0.01231013, 0.03257996], [-0.04687003, -0.00602161, -0.01887571, -0.00921452, -0.03723003, 0.06574574], [0.00872127, 0.05890597, 0.03375995, -0.01504994, 1.376e-05, -0.04248122], [0.05850177, -0.02889538, -0.03673819, 0.04506651, 0.00155659, -0.02176357], [0.06606134, -0.03032668, -0.02198458, 0.03767618, -0.01236789, -0.04407676], [-0.04019138, 0.01191278, -0.02674859, 0.00267109, -0.03598497, 0.06693997], [-0.01996611, -0.02490523, 0.01686555, -0.03959147, 0.05307685, 0.00310056]], "number of molecular orbitals": 38, "number of electrons": 42, "number of unpaired electrons": 0, "orbital energies/eV": [-20.22199081, -19.41351378, -18.39323297, -17.37355051, -16.54722164, -16.41210139, -15.99059998, -15.80779157, -15.31135247, -14.9437763, -14.13087136, -13.94450865, -13.79046083, -13.17801397, -13.08044446, -12.76927076, -12.61113906, -12.25885989, -12.19573451, -12.03486892, -11.13843137, -6.18975108, 0.35101096, 2.45387442, 3.13478209, 3.50587898, 3.59391111, 3.92812082, 4.34316295, 4.97861952, 5.24700576, 5.28315609, 6.18768628, 6.4715765, 6.80021373, 7.17099323, 8.34123895, 17.96668629], "fractional occupation": [2.0, 2.0, 2.0, 2.0, 2.0, 2.0, 2.0, 2.0, 2.0, 2.0, 2.0, 2.0, 2.0, 2.0, 2.0, 2.0, 2.0, 2.0, 2.0, 2.0, 2.0, 0.0, 0.0, 0.0, 0.0, 0.0, 0.0, 0.0, 0.0, 0.0, 0.0, 0.0, 0.0, 0.0, 0.0, 0.0, 0.0, 0.0], "program call": "xtb /tmp/scratch/tmpne4enir7/15213_0_xyzopt.xyz --pop --wbo --acc 0.2 --gfn 2 --chrg 0 --uhf 0 --etemp 300 --input /tmp/scratch/tmpne4enir7/15213_0_xtb.inp", "method": "GFN2-xTB", "xtb version": "6.3.3 (7355c4f)", "Dipole module/D": 1.97, "Total charge": 0, "Transition dipole module/D": NaN, "HOMO": -11.1384, "LUMO": -6.1898, "HOMO occupancy": 2.0, "LUMO occupancy": 0, "mulliken charges": [0.1751, -0.41584, 0.57525, -0.53157, -0.03351, -0.08299, -0.08599, 0.0427, 0.04456, 0.03695, 0.04062, 0.04336, 0.03856, 0.03574, 0.03212, 0.04757, 0.03738], "cm5 charges": [0.05446, -0.50681, 0.62928, -0.58392, -0.0973, -0.2317, -0.23461, 0.10417, 0.10706, 0.09775, 0.10399, 0.09789, 0.09242, 0.08827, 0.08475, 0.10365, 0.09062], "FUKUI+": [0.046, -0.125, -0.182, -0.275, 0.002, 0.019, 0.026, -0.052, -0.046, -0.074, -0.074, -0.034, -0.035, -0.071, -0.062, -0.028, -0.034], "FUKUI-": [0.027, -0.091, -0.03, -0.185, -0.028, 0.022, 0.024, -0.055, -0.046, -0.078, -0.093, -0.07, -0.058, -0.108, -0.106, -0.063, -0.063], "FUKUIrad": [0.037, -0.108, -0.106, -0.23, -0.013, 0.02, 0.025, -0.053, -0.046, -0.076, -0.083, -0.052, -0.047, -0.09, -0.084, -0.045, -0.048], "s proportion": [0.973, 1.686, 0.984, 1.721, 1.058, 1.01, 1.008, 0.957, 0.955, 0.963, 0.959, 0.957, 0.961, 0.964, 0.968, 0.952, 0.963], "p proportion": [2.852, 4.729, 2.441, 4.811, 2.976, 3.073, 3.078, 0.0, 0.0, 0.0, 0.0, 0.0, 0.0, 0.0, 0.0, 0.0, 0.0], "d proportion": [0.0, 0.0, 0.0, 0.0, 0.0, 0.0, 0.0, 0.0, 0.0, 0.0, 0.0, 0.0, 0.0, 0.0, 0.0, 0.0, 0.0], "Fermi-level/eV": -8.6641, "Coordination numbers": [3.655, 1.704, 2.73, 0.856, 3.851, 3.759, 3.757, 0.924, 0.924, 0.925, 0.924, 0.925, 0.925, 0.925, 0.925, 0.925, 0.925], "Dispersion coefficient C6": [20.308, 18.406, 20.97, 21.796, 21.202, 22.534, 22.609, 2.186, 2.165, 2.115, 2.302, 2.302, 2.427, 2.324, 2.372, 2.203, 2.44], "Total dispersion C6": 2221.528006, "Total dispersion C8": 47077.024384, "Polarizability alpha": [6.47, 5.792, 7.497, 6.259, 6.549, 6.767, 6.779, 2.312, 2.301, 2.274, 2.373, 2.372, 2.436, 2.384, 2.409, 2.321, 2.443], "Total polarizability alpha": 69.740346, "Wiberg matrix": [[0.0, 0.957769746399437, 0.0, 0.0, 0.0, 0.0, 0.0, 0.9773098320770773, 0.9774877185926825, 0.9820625275007158, 0.0, 0.0, 0.0, 0.0, 0.0, 0.0, 0.0], [0.957769746399437, 0.0, 1.1251438837063916, 0.17177410288293457, 0.0, 0.0, 0.0, 0.0, 0.0, 0.0, 0.0, 0.0, 0.0, 0.0, 0.0, 0.0, 0.0], [0.0, 1.1251438837063916, 0.0, 1.7640204312511147, 0.953823859466994, 0.0, 0.0, 0.0, 0.0, 0.0, 0.0, 0.0, 0.0, 0.0, 0.0, 0.0, 0.0], [0.0, 0.17177410288293457, 1.7640204312511147, 0.0, 0.0, 0.0, 0.0, 0.0, 0.0, 0.0, 0.0, 0.0, 0.0, 0.0, 0.0, 0.0, 0.0], [0.0, 0.0, 0.953823859466994, 0.0, 0.0, 0.9849163373012136, 1.0033112560000046, 0.0, 0.0, 0.0, 0.9654800438034463, 0.0, 0.0, 0.0, 0.0, 0.0, 0.0], [0.0, 0.0, 0.0, 0.0, 0.9849163373012136, 0.0, 0.0, 0.0, 0.0, 0.0, 0.0, 0.9862631665701238, 0.9869800810094923, 0.9825919785878432, 0.0, 0.0, 0.0], [0.0, 0.0, 0.0, 0.0, 1.0033112560000046, 0.0, 0.0, 0.0, 0.0, 0.0, 0.0, 0.0, 0.0, 0.0, 0.9849120411706621, 0.9840661166394504, 0.9870323623315878], [0.9773098320770773, 0.0, 0.0, 0.0, 0.0, 0.0, 0.0, 0.0, 0.0, 0.0, 0.0, 0.0, 0.0, 0.0, 0.0, 0.0, 0.0], [0.9774877185926825, 0.0, 0.0, 0.0, 0.0, 0.0, 0.0, 0.0, 0.0, 0.0, 0.0, 0.0, 0.0, 0.0, 0.0, 0.0, 0.0], [0.9820625275007158, 0.0, 0.0, 0.0, 0.0, 0.0, 0.0, 0.0, 0.0, 0.0, 0.0, 0.0, 0.0, 0.0, 0.0, 0.0, 0.0], [0.0, 0.0, 0.0, 0.0, 0.9654800438034463, 0.0, 0.0, 0.0, 0.0, 0.0, 0.0, 0.0, 0.0, 0.0, 0.0, 0.0, 0.0], [0.0, 0.0, 0.0, 0.0, 0.0, 0.9862631665701238, 0.0, 0.0, 0.0, 0.0, 0.0, 0.0, 0.0, 0.0, 0.0, 0.0, 0.0], [0.0, 0.0, 0.0, 0.0, 0.0, 0.9869800810094923, 0.0, 0.0, 0.0, 0.0, 0.0, 0.0, 0.0, 0.0, 0.0, 0.0, 0.0], [0.0, 0.0, 0.0, 0.0, 0.0, 0.9825919785878432, 0.0, 0.0, 0.0, 0.0, 0.0, 0.0, 0.0, 0.0, 0.0, 0.0, 0.0], [0.0, 0.0, 0.0, 0.0, 0.0, 0.0, 0.9849120411706621, 0.0, 0.0, 0.0, 0.0, 0.0, 0.0, 0.0, 0.0, 0.0, 0.0], [0.0, 0.0, 0.0, 0.0, 0.0, 0.0, 0.9840661166394504, 0.0, 0.0, 0.0, 0.0, 0.0, 0.0, 0.0, 0.0, 0.0, 0.0], [0.0, 0.0, 0.0, 0.0, 0.0, 0.0, 0.9870323623315878, 0.0, 0.0, 0.0, 0.0, 0.0, 0.0, 0.0, 0.0, 0.0, 0.0]], "Born radii": [], "Atomic SASAs": [], "Solvent H bonds": [], "Total SASA": NaN, "Total FOD": 0.0, "FOD": [0.0, 0.0, 0.0, 0.0, 0.0, 0.0, 0.0, 0.0, 0.0, 0.0, 0.0, 0.0, 0.0, 0.0, 0.0, 0.0, 0.0], "FOD s proportion": [0.0, 0.0, 0.0, 0.0, 0.0, 0.0, 0.0, 0.0, 0.0, 0.0, 0.0, 0.0, 0.0, 0.0, 0.0, 0.0, 0.0], "FOD p proportion": [0.0, 0.0, 0.0, 0.0, 0.0, 0.0, 0.0, 0.0, 0.0, 0.0, 0.0, 0.0, 0.0, 0.0, 0.0, 0.0, 0.0], "FOD d proportion": [0.0, 0.0, 0.0, 0.0, 0.0, 0.0, 0.0, 0.0, 0.0, 0.0, 0.0, 0.0, 0.0, 0.0, 0.0, 0.0, 0.0],