{"total energy": -27.11564854, "HOMO-LUMO gap/eV": 5.07023854, "electronic energy": -27.43321795, "dipole": [0.0857907, -0.16780948, -0.77553818], "partial charges": [0.0327755, -0.26465037, 0.35839331, -0.41024464, -0.09532437, -0.00612914, -0.11006765, -0.10721517, 0.06423611, 0.06714092, 0.05955011, 0.06155248, 0.06811397, 0.05018126, 0.03657436, 0.04189541, 0.03887865, 0.04083625, 0.03586502, 0.03763802], "atomic dipole moments": [[-0.2064462, 0.10321496, -0.10968595], [0.04351956, 0.00394833, 0.2397885], [0.12257261, -0.08298932, -0.06464666], [-0.0125896, -0.01416882, -0.19453886], [-0.00274147, -0.04566669, 0.09996654], [0.02579431, -0.02826987, -0.10854664], [0.07637807, -0.05104994, 0.05367696], [0.0247184, 0.10080531, 0.00456574], [0.04623091, 0.08912243, 0.08081336], [0.07820008, -0.03165847, -0.09398561], [-0.04104373, -0.09985208, 0.06828499], [0.01214369, -0.05142341, -0.11790509], [0.01626548, 0.12829268, -0.00653227], [0.00513284, 0.03812941, 0.12069721], [0.02147433, 0.12216244, 0.00422183], [-0.1117929, -0.02086985, 0.05025842], [-0.00472611, -0.03426252, -0.11881707], [-0.11076244, -0.02237608, 0.05042612], [0.08582788, -0.0628809, 0.06692768], [-0.00075078, -0.04427628, -0.1153953]], "atomic quadrupole moments": [[0.26573902, -0.28496481, -0.14311761, 0.27918056, -0.1429783, -0.12262141], [0.03610602, -0.06621826, -0.04727996, 0.03842583, -0.01123448, 0.01117394], [0.01206114, 0.26355351, 0.30689507, -0.15797848, 0.00026348, -0.31895621], [-0.03321251, 0.13546423, 0.11357806, -0.02369299, -0.01836005, -0.08036555], [0.19924195, -0.06570018, -0.16094816, 0.0178478, -0.10986204, -0.03829379], [0.13618776, 0.00356495, 0.05608359, -0.02265336, -0.10234603, -0.19227135], [0.06532051, -0.12099137, -0.02256816, 0.12786051, -0.09676874, -0.04275235], [-0.09454682, 0.06694078, 0.22343126, 0.00277922, 0.00538523, -0.12888444], [-0.00895782, 0.01419305, 0.02107572, 0.03978049, 0.03624491, -0.0121179], [0.02127022, -0.03651157, -0.04186111, -0.04822491, 0.0164593, 0.02059089], [-0.00394766, 0.02309858, 0.02653461, -0.00459332, -0.05121942, -0.02258694], [-0.01710373, -0.00040943, -0.02733211, 0.00357554, 0.04045744, 0.04443585], [-0.0263922, 0.01328209, 0.06371744, -0.00798704, -0.00264214, -0.03732525], [-0.01540407, -0.00315019, -0.00739814, -0.00164966, 0.01297867, 0.02280221], [-0.03155435, 0.028832, 0.07721892, 0.01360249, 0.00681761, -0.04566457], [0.05603864, 0.01882166, -0.04040545, -0.04737477, -0.02231356, -0.01563318], [-0.04142158, -0.01168774, -0.0298073, -0.00011731, 0.04020385, 0.07122888], [0.06091441, 0.01309778, -0.03041733, -0.05285007, -0.00325557, -0.03049708], [0.02128466, -0.03482062, -0.00719626, 0.05471465, -0.02614736, -0.01408839], [-0.05329361, 0.00421293, -0.02385497, -0.00358709, 0.03132376, 0.07714858]], "number of molecular orbitals": 44, "number of electrons": 48, "number of unpaired electrons": 0, "orbital energies/eV": [-20.22535428, -19.42255413, -18.38324987, -17.38119838, -16.68379529, -16.53774374, -16.17409955, -15.90750346, -15.38576706, -15.30598345, -14.98042562, -14.24564476, -13.97399154, -13.70551516, -13.51936441, -13.17057255, -12.89212968, -12.76405186, -12.55236052, -12.19309736, -12.08579588, -11.98055057, -11.6995936, -11.23426602, -6.16402747, 0.32151026, 2.46581909, 2.64020667, 2.83813294, 3.58870302, 3.76953339, 4.05228243, 4.37652176, 5.05901548, 5.24426008, 5.37482579, 5.54432585, 6.00830473, 6.36964064, 6.84736773, 7.03675911, 7.81962701, 8.37610149, 17.9368258], "fractional occupation": [2.0, 2.0, 2.0, 2.0, 2.0, 2.0, 2.0, 2.0, 2.0, 2.0, 2.0, 2.0, 2.0, 2.0, 2.0, 2.0, 2.0, 2.0, 2.0, 2.0, 2.0, 2.0, 2.0, 2.0, 0.0, 0.0, 0.0, 0.0, 0.0, 0.0, 0.0, 0.0, 0.0, 0.0, 0.0, 0.0, 0.0, 0.0, 0.0, 0.0, 0.0, 0.0, 0.0, 0.0], "program call": "xtb /tmp/scratch/tmpnkbtvly5/15377_0_xyzopt.xyz --pop --wbo --acc 0.2 --gfn 2 --chrg 0 --uhf 0 --etemp 300 --input /tmp/scratch/tmpnkbtvly5/15377_0_xtb.inp", "method": "GFN2-xTB", "xtb version": "6.3.3 (7355c4f)", "Dipole module/D": 2.029, "Total charge": 0, "Transition dipole module/D": NaN, "HOMO": -11.2343, "LUMO": -6.164, "HOMO occupancy": 2.0, "LUMO occupancy": 0, "mulliken charges": [0.17487, -0.4156, 0.58069, -0.5328, -0.09118, 0.00823, -0.09464, -0.09617, 0.04638, 0.03713, 0.04099, 0.04774, 0.05812, 0.03828, 0.03175, 0.03476, 0.0295, 0.03357, 0.04011, 0.02827], "cm5 charges": [0.05422, -0.5068, 0.63251, -0.58562, -0.18936, -0.06523, -0.24551, -0.24627, 0.10951, 0.09792, 0.10201, 0.10958, 0.11682, 0.09984, 0.08412, 0.08722, 0.08243, 0.08607, 0.09512, 0.08144], "FUKUI+": [0.046, -0.126, -0.186, -0.276, 0.025, -0.002, 0.019, 0.019, -0.044, -0.074, -0.055, -0.079, -0.097, -0.019, -0.024, -0.041, -0.026, -0.044, 0.009, -0.026], "FUKUI-": [0.023, -0.077, -0.012, -0.147, -0.008, -0.012, 0.015, 0.021, -0.041, -0.067, -0.049, -0.062, -0.065, -0.096, -0.061, -0.08, -0.087, -0.066, -0.052, -0.077], "FUKUIrad": [0.034, -0.102, -0.099, -0.211, 0.009, -0.007, 0.017, 0.02, -0.042, -0.071, -0.052, -0.071, -0.081, -0.058, -0.043, -0.06, -0.057, -0.055, -0.021, -0.052], "s proportion": [0.973, 1.686, 0.98, 1.72, 1.043, 1.051, 1.01, 1.01, 0.954, 0.963, 0.959, 0.952, 0.942, 0.962, 0.968, 0.965, 0.971, 0.966, 0.96, 0.972], "p proportion": [2.853, 4.73, 2.439, 4.812, 3.048, 2.941, 3.084, 3.086, 0.0, 0.0, 0.0, 0.0, 0.0, 0.0, 0.0, 0.0, 0.0, 0.0, 0.0, 0.0], "d proportion": [0.0, 0.0, 0.0, 0.0, 0.0, 0.0, 0.0, 0.0, 0.0, 0.0, 0.0, 0.0, 0.0, 0.0, 0.0, 0.0, 0.0, 0.0, 0.0, 0.0], "Fermi-level/eV": -8.6991, "Coordination numbers": [3.654, 1.704, 2.721, 0.856, 3.808, 3.851, 3.756, 3.756, 0.924, 0.925, 0.924, 0.924, 0.924, 0.924, 0.925, 0.925, 0.925, 0.925, 0.925, 0.925], "Dispersion coefficient C6": [20.319, 18.387, 20.917, 21.887, 22.312, 20.652, 22.659, 22.603, 2.15, 2.117, 2.204, 2.181, 2.106, 2.318, 2.495, 2.424, 2.464, 2.438, 2.505, 2.481], "Total dispersion C6": 3021.991418, "Total dispersion C8": 64065.09147, "Polarizability alpha": [6.472, 5.789, 7.487, 6.272, 6.724, 6.464, 6.787, 6.779, 2.293, 2.275, 2.322, 2.309, 2.27, 2.381, 2.47, 2.435, 2.455, 2.442, 2.475, 2.463], "Total polarizability alpha": 81.363163,