{"total energy": -18.93874536, "HOMO-LUMO gap/eV": 5.44452458, "electronic energy": -19.25656228, "dipole": [-0.1585292, -0.01549262, 0.0100124], "partial charges": [-0.09517774, -0.03083784, 0.03018137, -0.10791093, -0.10519844, -0.10519845, 0.03766055, 0.02967396, 0.02837471, 0.0369863, 0.03462471, 0.03698613, 0.03641635, 0.03454799, 0.03395342, 0.03641652, 0.03395338, 0.034548], "atomic dipole moments": [[0.06891013, -0.02691794, -0.01214938], [-0.14927403, -0.01589927, 0.00911771], [-0.02669457, -0.00642189, 0.00080229], [-0.0044048, 0.09400819, 0.02215584], [0.05518351, -0.0440994, 0.06486495], [0.04227988, -0.00924697, -0.08558213], [0.01516927, -0.14316182, -0.03446302], [0.11890012, 0.08222225, 0.0088532], [-0.00246932, 0.13853706, 0.03230658], [0.05128391, -0.01531426, -0.1126828], [-0.11280318, -0.04958105, -0.00181129], [0.06821628, -0.06105004, 0.08474318], [-0.11378319, -0.04934322, -0.00474889], [-0.0114362, 0.12085508, 0.0266358], [0.05226804, -0.00979214, -0.11323367], [-0.11328596, -0.05068665, 0.00105089], [0.06948261, -0.05629028, 0.08748298], [-0.01105748, 0.1198322, 0.03105112]], "atomic quadrupole moments": [[-0.33396077, 0.02635141, -0.23013633, 0.08771448, -0.19865473, 0.5640971], [-0.25228985, 0.13904597, -0.25681416, 0.1022859, -0.20224609, 0.50910401], [-0.03211748, -0.02723907, 0.02219242, -0.00283354, 0.00553193, 0.00992507], [-0.09930739, -0.02297259, 0.20013091, -0.00701144, 0.07590212, -0.10082352], [-0.01128409, -0.09096345, -0.03704763, 0.13881461, -0.10569019, 0.04833172], [-0.05946319, -0.01326627, -0.10528098, -0.13706257, 0.02809778, 0.16474416], [0.01509846, 0.00694212, 0.04769299, -0.00564049, 0.02653739, -0.06279145], [0.04514549, 0.01639302, 0.02239711, -0.00632515, 0.02066289, -0.0675426], [0.0440408, -0.00084786, 0.02532644, -0.01046633, 0.02347653, -0.06936724], [-0.02554079, -0.00085121, -0.03222106, -0.05185368, 0.00670636, 0.05776185], [0.07134958, 0.03808515, -0.01750314, -0.00203878, 0.00548789, -0.05384643], [-0.00698351, -0.02974147, -0.01154226, 0.05464952, -0.03338064, 0.01852577], [0.05851776, 0.05096279, -0.01627238, 0.00324068, -0.01179876, -0.04224538], [-0.04601317, -0.0089248, 0.0743061, 0.00897308, 0.0339687, -0.02829293], [-0.01232066, -0.01621806, -0.04484865, -0.0488292, 0.00919056, 0.0571693], [0.05865314, 0.05273688, -0.02684496, 0.00447837, 0.0098116, -0.03180819], [0.00370981, -0.04231518, -0.02082413, 0.04290828, -0.03802247, 0.01711432], [-0.04931303, -0.00569473, 0.08093148, -0.01040633, 0.02005442, -0.03161845]], "number of molecular orbitals": 36, "number of electrons": 36, "number of unpaired electrons": 0, "orbital energies/eV": [-17.12807268, -16.38651756, -15.95612416, -15.94544456, -15.20306725, -14.37055138, -13.87842996, -13.52320309, -13.49021392, -12.99773132, -12.63959547, -12.37743352, -12.21355561, -12.13569927, -11.82987711, -11.56122671, -11.26262009, -10.75780554, -5.31328096, 2.4217909, 2.50121502, 2.85238286, 3.11101042, 4.06293073, 4.34483893, 5.48006927, 5.58409827, 6.14552879, 6.29094547, 6.34838197, 6.87040589, 7.14268405, 7.37229189, 7.67569074, 11.72322756, 17.26937711], "fractional occupation": [2.0, 2.0, 2.0, 2.0, 2.0, 2.0, 2.0, 2.0, 2.0, 2.0, 2.0, 2.0, 2.0, 2.0, 2.0, 2.0, 2.0, 2.0, 0.0, 0.0, 0.0, 0.0, 0.0, 0.0, 0.0, 0.0, 0.0, 0.0, 0.0, 0.0, 0.0, 0.0, 0.0, 0.0, 0.0, 0.0], "program call": "xtb /tmp/scratch/tmp02acov7h/15444_0_xyzopt.xyz --pop --wbo --acc 0.2 --gfn 2 --chrg 0 --uhf 0 --etemp 300 --input /tmp/scratch/tmp02acov7h/15444_0_xtb.inp", "method": "GFN2-xTB", "xtb version": "6.3.3 (7355c4f)", "Dipole module/D": 0.406, "Total charge": 0, "Transition dipole module/D": NaN, "HOMO": -10.7578, "LUMO": -5.3133, "HOMO occupancy": 2.0, "LUMO occupancy": 0, "mulliken charges": [-0.08499, -0.03184, 0.03905, -0.09794, -0.09481, -0.09481, 0.02939, 0.03053, 0.0253, 0.03213, 0.03004, 0.03213, 0.03068, 0.03076, 0.03148, 0.03068, 0.03148, 0.03076], "cm5 charges": [-0.18942, -0.09359, 0.00514, -0.24689, -0.24326, -0.24326, 0.0845, 0.08398, 0.08301, 0.08576, 0.08331, 0.08576, 0.08379, 0.08396, 0.08472, 0.08379, 0.08472, 0.08396], "FUKUI+": [-0.127, -0.156, -0.005, 0.031, 0.021, 0.021, -0.153, -0.149, -0.139, -0.022, -0.056, -0.022, -0.06, -0.033, -0.027, -0.06, -0.027, -0.033], "FUKUI-": [-0.059, -0.046, -0.039, 0.025, 0.009, 0.009, -0.091, -0.109, -0.092, -0.065, -0.065, -0.065, -0.075, -0.061, -0.07, -0.075, -0.07, -0.061], "FUKUIrad": [-0.093, -0.101, -0.022, 0.028, 0.015, 0.015, -0.122, -0.129, -0.115, -0.044, -0.06, -0.044, -0.068, -0.047, -0.049, -0.068, -0.049, -0.047], "s proportion": [1.041, 1.074, 1.075, 1.012, 1.014, 1.014, 0.971, 0.969, 0.975, 0.968, 0.97, 0.968, 0.969, 0.969, 0.969, 0.969, 0.969, 0.969], "p proportion": [3.044, 2.958, 2.886, 3.086, 3.081, 3.081, 0.0, 0.0, 0.0, 0.0, 0.0, 0.0, 0.0, 0.0, 0.0, 0.0, 0.0, 0.0], "d proportion": [0.0, 0.0, 0.0, 0.0, 0.0, 0.0, 0.0, 0.0, 0.0, 0.0, 0.0, 0.0, 0.0, 0.0, 0.0, 0.0, 0.0, 0.0], "Fermi-level/eV": -8.0355, "Coordination numbers": [2.835, 2.899, 3.902, 3.76, 3.763, 3.763, 0.926, 0.926, 0.925, 0.925, 0.925, 0.925, 0.925, 0.925, 0.925, 0.925, 0.925, 0.925], "Dispersion coefficient C6": [30.383, 28.768, 20.011, 22.611, 22.553, 22.553, 2.48, 2.591, 2.61, 2.489, 2.522, 2.489, 2.497, 2.523, 2.531, 2.497, 2.531, 2.523], "Total dispersion C6": 2360.987981, "Total dispersion C8": 50680.94007, "Polarizability alpha": [9.033, 8.794, 6.359, 6.779, 6.769, 6.769, 2.463, 2.517, 2.526, 2.467, 2.483, 2.467, 2.471, 2.484, 2.488, 2.471, 2.488, 2.484], "Total polarizability alpha": 74.312827, "Wiberg matrix": [[0.0, 1.981388216760588, 0.0, 0.0, 0.0, 0.0, 0.9737502314878386, 0.9767020370789334, 0.0, 0.0, 0.0, 0.0, 0.0, 0.0, 0.0, 0.0, 0.0, 0.0], [1.981388216760588, 0.0, 0.9996172583178767, 0.0, 0.0, 0.0, 0.0, 0.0, 0.9650839028969979, 0.0, 0.0, 0.0, 0.0, 0.0, 0.0, 0.0, 0.0, 0.0], [0.0, 0.9996172583178767, 0.0, 0.9994925587659098, 0.9841537311252133, 0.9841537636931187, 0.0, 0.0, 0.0, 0.0, 0.0, 0.0, 0.0, 0.0, 0.0, 0.0, 0.0, 0.0], [0.0, 0.0, 0.9994925587659098, 0.0, 0.0, 0.0, 0.0, 0.0, 0.0, 0.9851594958087309, 0.9855131477130096, 0.9851594604826113, 0.0, 0.0, 0.0, 0.0, 0.0, 0.0], [0.0, 0.0, 0.9841537311252133, 0.0, 0.0, 0.0, 0.0, 0.0, 0.0, 0.0, 0.0, 0.0, 0.9843292272965326, 0.9861529827713297, 0.9869781112230449, 0.0, 0.0, 0.0], [0.0, 0.0, 0.9841537636931187, 0.0, 0.0, 0.0, 0.0, 0.0, 0.0, 0.0, 0.0, 0.0, 0.0, 0.0, 0.0, 0.984329205511332, 0.9869781184245439, 0.9861529824780303], [0.9737502314878386, 0.0, 0.0, 0.0, 0.0, 0.0, 0.0, 0.0, 0.0, 0.0, 0.0, 0.0, 0.0, 0.0, 0.0, 0.0, 0.0, 0.0], [0.9767020370789334, 0.0, 0.0, 0.0, 0.0, 0.0, 0.0, 0.0, 0.0, 0.0, 0.0, 0.0, 0.0, 0.0, 0.0, 0.0, 0.0, 0.0], [0.0, 0.9650839028969979, 0.0, 0.0, 0.0, 0.0, 0.0, 0.0, 0.0, 0.0, 0.0, 0.0, 0.0, 0.0, 0.0, 0.0, 0.0, 0.0], [0.0, 0.0, 0.0, 0.9851594958087309, 0.0, 0.0, 0.0, 0.0, 0.0, 0.0, 0.0, 0.0, 0.0, 0.0, 0.0, 0.0, 0.0, 0.0], [0.0, 0.0, 0.0, 0.9855131477130096, 0.0, 0.0, 0.0, 0.0, 0.0, 0.0, 0.0, 0.0, 0.0, 0.0, 0.0, 0.0, 0.0, 0.0], [0.0, 0.0, 0.0, 0.9851594604826113, 0.0, 0.0, 0.0, 0.0, 0.0, 0.0, 0.0, 0.0, 0.0, 0.0, 0.0, 0.0, 0.0, 0.0], [0.0, 0.0, 0.0, 0.0, 0.9843292272965326, 0.0, 0.0, 0.0, 0.0, 0.0, 0.0, 0.0, 0.0, 0.0, 0.0, 0.0, 0.0, 0.0], [0.0, 0.0, 0.0, 0.0, 0.9861529827713297, 0.0, 0.0, 0.0, 0.0, 0.0, 0.0, 0.0, 0.0, 0.0, 0.0, 0.0, 0.0, 0.0], [0.0, 0.0, 0.0, 0.0, 0.9869781112230449, 0.0, 0.0, 0.0, 0.0, 0.0, 0.0, 0.0, 0.0, 0.0, 0.0, 0.0, 0.0, 0.0], [0.0, 0.0, 0.0, 0.0, 0.0, 0.984329205511332, 0.0, 0.0, 0.0, 0.0, 0.0, 0.0, 0.0, 0.0, 0.0, 0.0, 0.0, 0.0], [0.0, 0.0, 0.0, 0.0, 0.0, 0.9869781184245439, 0.0, 0.0, 0.0, 0.0, 0.0, 0.0, 0.0, 0.0, 0.0, 0.0, 0.0, 0.0], [0.0, 0.0, 0.0, 0.0, 0.0, 0.9861529824780303, 0.0, 0.0, 0.0, 0.0, 0.0, 0.0, 0.0, 0.0, 0.0, 0.0, 0.0, 0.0]], "Born radii": [], "Atomic SASAs": [], "Solvent H bonds": [], "Total SASA": NaN, "Total FOD": 0.0, "FOD": [0.0, 0.0, 0.0, 0.0, 0.0, 0.0, 0.0, 0.0, 0.0, 0.0, 0.0, 0.0, 0.0, 0.0, 0.0, 0.0, 0.0, 0.0],