{"total energy": -18.94712124, "HOMO-LUMO gap/eV": 4.91595935, "electronic energy": -19.26464082, "dipole": [-2.492e-05, 5.4e-07, -6.87e-06], "partial charges": [-0.10735261, -0.01095108, -0.10735252, -0.01095096, -0.10735782, -0.10735765, 0.03667505, 0.03790364, 0.0382491, 0.03790361, 0.03824907, 0.03667501, 0.03824955, 0.03667765, 0.0379065, 0.0379064, 0.03824952, 0.03667753], "atomic dipole moments": [[-0.04580357, 0.03262704, 0.02714122], [0.15440644, -0.00378244, 0.04222651], [-0.02706369, -0.03084199, -0.04706864], [-0.15440577, 0.00378234, -0.04222636], [0.04136888, -0.04519626, -0.01205157], [0.03149825, 0.0434112, 0.03197898], [0.00140417, -0.10848927, 0.06480433], [0.11558703, 0.0473864, 0.00457112], [-0.02824556, -0.027884, -0.11999662], [0.09954675, -0.0526567, 0.05426306], [-0.08404645, 0.030635, 0.0892874], [0.03911027, 0.10749675, -0.05372488], [0.05745326, 0.11066977, 0.02059798], [-0.0525135, -0.03631728, 0.10905495], [-0.09283449, 0.01706434, -0.0819443], [-0.12227388, -0.01179406, 0.0231167], [0.05483179, -0.11342074, 0.0101105], [0.01197151, 0.03731002, -0.12014288]], "atomic quadrupole moments": [[0.04373308, -0.1053041, 0.01811526, -0.04025336, 0.0832784, -0.06184835], [-0.34410135, 0.05801001, 0.17485325, -0.15643782, -0.16167594, 0.1692481], [-0.01444729, 0.04882554, 0.01059892, 0.07190537, 0.12229201, 0.00384837], [-0.34160897, 0.05492599, 0.13740571, -0.16580151, -0.15375485, 0.20420326], [0.04345781, -0.1057306, 0.01791206, -0.03984031, 0.08319066, -0.06136987], [-0.01412932, 0.04922011, 0.0103556, 0.07138799, 0.12245587, 0.00377372], [-0.0393054, 0.00111148, 0.04180635, -0.01325304, -0.06401073, -0.00250095], [0.06029406, 0.04808067, -0.01485803, -5.036e-05, 0.02190664, -0.04543604], [-0.0148427, -0.00340034, -0.04726623, 0.03562733, 0.02533662, 0.06210893], [0.02796109, -0.05505861, -0.00978532, 0.04536836, -0.00762887, -0.01817577], [0.03524786, -0.01311496, -0.04682017, -0.04991949, 0.02511137, 0.01157231], [-0.03832772, 0.03543864, 0.04012359, -0.01183058, -0.05465121, -0.00179587], [0.00943394, 0.04701594, 0.04349792, 0.01124777, 0.01875987, -0.05293186], [-0.02598894, 0.00858207, -0.02287019, -0.04347045, -0.04657754, 0.04885912], [0.01518475, -0.01897886, -0.03272072, 0.06744257, 0.00640267, 0.01753597], [0.07586871, 0.0085301, -0.0341047, -0.03267663, 0.01678542, -0.041764], [-0.00134474, -0.04823605, 0.04817149, 0.02093528, -0.00759992, -0.04682676], [-0.04315266, 0.01742519, -0.02329372, -0.01366319, -0.04500351, 0.06644638]], "number of molecular orbitals": 36, "number of electrons": 36, "number of unpaired electrons": 0, "orbital energies/eV": [-16.88737992, -16.31928993, -16.01944928, -15.61066704, -15.37251735, -13.9927308, -13.60513784, -13.46843018, -13.29765153, -12.89020233, -12.5957727, -12.50170425, -12.43110033, -12.15545979, -12.10999882, -11.60064473, -11.30228629, -9.75723804, -4.84127869, 2.59347954, 2.61481447, 3.56039358, 4.31188332, 4.7624815, 4.95271183, 5.74314004, 5.77875025, 5.88255393, 6.06172665, 6.23167901, 7.05489598, 7.08122865, 7.13326124, 7.6188804, 10.4663952, 17.99885828], "fractional occupation": [2.0, 2.0, 2.0, 2.0, 2.0, 2.0, 2.0, 2.0, 2.0, 2.0, 2.0, 2.0, 2.0, 2.0, 2.0, 2.0, 2.0, 2.0, 0.0, 0.0, 0.0, 0.0, 0.0, 0.0, 0.0, 0.0, 0.0, 0.0, 0.0, 0.0, 0.0, 0.0, 0.0, 0.0, 0.0, 0.0], "program call": "xtb /tmp/scratch/tmpa3n91n3t/15548_0_xyzopt.xyz --pop --wbo --acc 0.2 --gfn 2 --chrg 0 --uhf 0 --etemp 300 --input /tmp/scratch/tmpa3n91n3t/15548_0_xtb.inp", "method": "GFN2-xTB", "xtb version": "6.3.3 (7355c4f)", "Dipole module/D": 0.0, "Total charge": 0, "Transition dipole module/D": NaN, "HOMO": -9.7572, "LUMO": -4.8413, "HOMO occupancy": 2.0, "LUMO occupancy": 0, "mulliken charges": [-0.08761, -0.02075, -0.08761, -0.02074, -0.08762, -0.08762, 0.03465, 0.03107, 0.03226, 0.03107, 0.03226, 0.03465, 0.03226, 0.03466, 0.03107, 0.03107, 0.03226, 0.03466], "cm5 charges": [-0.23438, -0.04473, -0.23438, -0.04472, -0.2344, -0.2344, 0.08678, 0.08409, 0.08588, 0.08409, 0.08588, 0.08678, 0.08589, 0.08678, 0.08409, 0.08409, 0.08589, 0.08678], "FUKUI+": [0.044, -0.155, 0.044, -0.155, 0.044, 0.044, -0.082, -0.073, -0.061, -0.073, -0.061, -0.082, -0.061, -0.082, -0.073, -0.073, -0.061, -0.082], "FUKUI-": [0.032, -0.089, 0.032, -0.089, 0.032, 0.032, -0.101, -0.071, -0.066, -0.071, -0.066, -0.101, -0.066, -0.101, -0.071, -0.071, -0.066, -0.101], "FUKUIrad": [0.038, -0.122, 0.038, -0.122, 0.038, 0.038, -0.091, -0.072, -0.063, -0.072, -0.063, -0.091, -0.063, -0.091, -0.072, -0.072, -0.063, -0.091], "s proportion": [1.005, 1.082, 1.005, 1.082, 1.005, 1.005, 0.965, 0.969, 0.968, 0.969, 0.968, 0.965, 0.968, 0.965, 0.969, 0.969, 0.968, 0.965], "p proportion": [3.082, 2.938, 3.082, 2.938, 3.082, 3.082, 0.0, 0.0, 0.0, 0.0, 0.0, 0.0, 0.0, 0.0, 0.0, 0.0, 0.0, 0.0], "d proportion": [0.0, 0.0, 0.0, 0.0, 0.0, 0.0, 0.0, 0.0, 0.0, 0.0, 0.0, 0.0, 0.0, 0.0, 0.0, 0.0, 0.0, 0.0], "Fermi-level/eV": -7.2993, "Coordination numbers": [3.758, 2.943, 3.758, 2.943, 3.758, 3.758, 0.924, 0.925, 0.925, 0.925, 0.925, 0.924, 0.925, 0.924, 0.925, 0.925, 0.925, 0.924], "Dispersion coefficient C6": [22.604, 28.289, 22.604, 28.289, 22.604, 22.604, 2.494, 2.477, 2.472, 2.477, 2.472, 2.494, 2.472, 2.494, 2.477, 2.477, 2.472, 2.494], "Total dispersion C6": 2350.496528, "Total dispersion C8": 50557.321548, "Polarizability alpha": [6.778, 8.723, 6.778, 8.723, 6.778, 6.778, 2.469, 2.461, 2.459, 2.461, 2.459, 2.469, 2.459, 2.469, 2.461, 2.461, 2.459, 2.469], "Total polarizability alpha": 74.117972, "Wiberg matrix": [[0.0, 1.0197478970610094, 0.0, 0.0, 0.0, 0.0, 0.9700749209094494, 0.9824629906179526, 0.9813459624706518, 0.0, 0.0, 0.0, 0.0, 0.0, 0.0, 0.0, 0.0, 0.0], [1.0197478970610094, 0.0, 1.0197479086959953, 1.8506811493074347, 0.0, 0.0, 0.0, 0.0, 0.0, 0.0, 0.0, 0.0, 0.0, 0.0, 0.0, 0.0, 0.0, 0.0], [0.0, 1.0197479086959953, 0.0, 0.0, 0.0, 0.0, 0.0, 0.0, 0.0, 0.9824629366752247, 0.9813459926257737, 0.9700749396890995, 0.0, 0.0, 0.0, 0.0, 0.0, 0.0], [0.0, 1.8506811493074347, 0.0, 0.0, 1.019747422165378, 1.0197473882631733, 0.0, 0.0, 0.0, 0.0, 0.0, 0.0, 0.0, 0.0, 0.0, 0.0, 0.0, 0.0], [0.0, 0.0, 0.0, 1.019747422165378, 0.0, 0.0, 0.0, 0.0, 0.0, 0.0, 0.0, 0.0, 0.9813469295191798, 0.9700753776326888, 0.9824618043831399, 0.0, 0.0, 0.0], [0.0, 0.0, 0.0, 1.0197473882631733, 0.0, 0.0, 0.0, 0.0, 0.0, 0.0, 0.0, 0.0, 0.0, 0.0, 0.0, 0.9824619826252111, 0.9813468476331223, 0.9700753625779592], [0.9700749209094494, 0.0, 0.0, 0.0, 0.0, 0.0, 0.0, 0.0, 0.0, 0.0, 0.0, 0.0, 0.0, 0.0, 0.0, 0.0, 0.0, 0.0], [0.9824629906179526, 0.0, 0.0, 0.0, 0.0, 0.0, 0.0, 0.0, 0.0, 0.0, 0.0, 0.0, 0.0, 0.0, 0.0, 0.0, 0.0, 0.0], [0.9813459624706518, 0.0, 0.0, 0.0, 0.0, 0.0, 0.0, 0.0, 0.0, 0.0, 0.0, 0.0, 0.0, 0.0, 0.0, 0.0, 0.0, 0.0], [0.0, 0.0, 0.9824629366752247, 0.0, 0.0, 0.0, 0.0, 0.0, 0.0, 0.0, 0.0, 0.0, 0.0, 0.0, 0.0, 0.0, 0.0, 0.0], [0.0, 0.0, 0.9813459926257737, 0.0, 0.0, 0.0, 0.0, 0.0, 0.0, 0.0, 0.0, 0.0, 0.0, 0.0, 0.0, 0.0, 0.0, 0.0], [0.0, 0.0, 0.9700749396890995, 0.0, 0.0, 0.0, 0.0, 0.0, 0.0, 0.0, 0.0, 0.0, 0.0, 0.0, 0.0, 0.0, 0.0, 0.0], [0.0, 0.0, 0.0, 0.0, 0.9813469295191798, 0.0, 0.0, 0.0, 0.0, 0.0, 0.0, 0.0, 0.0, 0.0, 0.0, 0.0, 0.0, 0.0], [0.0, 0.0, 0.0, 0.0, 0.9700753776326888, 0.0, 0.0, 0.0, 0.0, 0.0, 0.0, 0.0, 0.0, 0.0, 0.0, 0.0, 0.0, 0.0], [0.0, 0.0, 0.0, 0.0, 0.9824618043831399, 0.0, 0.0, 0.0, 0.0, 0.0, 0.0, 0.0, 0.0, 0.0, 0.0, 0.0, 0.0, 0.0], [0.0, 0.0, 0.0, 0.0, 0.0, 0.9824619826252111, 0.0, 0.0, 0.0, 0.0, 0.0, 0.0, 0.0, 0.0, 0.0, 0.0, 0.0, 0.0], [0.0, 0.0, 0.0, 0.0, 0.0, 0.9813468476331223, 0.0, 0.0, 0.0, 0.0, 0.0, 0.0, 0.0, 0.0, 0.0, 0.0, 0.0, 0.0], [0.0, 0.0, 0.0, 0.0, 0.0, 0.9700753625779592, 0.0, 0.0, 0.0, 0.0, 0.0, 0.0, 0.0, 0.0, 0.0, 0.0, 0.0, 0.0]], "Born radii": [], "Atomic SASAs": [], "Solvent H bonds": [], "Total SASA": NaN, "Total FOD": 0.0, "FOD": [0.0, 0.0, 0.0, 0.0, 0.0, 0.0, 0.0, 0.0, 0.0, 0.0, 0.0, 0.0, 0.0, 0.0, 0.0, 0.0, 0.0, 0.0], "FOD s proportion": [0.0, 0.0, 0.0, 0.0, 0.0, 0.0, 0.0, 0.0, 0.0, 0.0, 0.0, 0.0, 0.0, 0.0, 0.0, 0.0, 0.0, 0.0],