{"total energy": -19.86289492, "HOMO-LUMO gap/eV": 3.90972929, "electronic energy": -20.12893963, "dipole": [0.24978262, -0.92833986, 0.75579257], "partial charges": [-0.13887447, 0.23981516, -0.35346948, -0.03481315, -0.10037478, -0.10336837, 0.06051582, 0.06574898, 0.06585328, 0.03616751, 0.05007928, 0.03400336, 0.04568691, 0.0361082, 0.05772646, 0.03919529], "atomic dipole moments": [[0.06216471, 0.04301606, -0.01224049], [-0.00687423, 0.0179436, -0.01754845], [0.02681298, -0.12731419, 0.11153848], [0.0179687, 0.04070236, -0.08607768], [-0.0607838, 0.05646525, 0.07502733], [-0.0556428, -0.09817747, -0.00917931], [0.03813773, -0.12467341, -0.01055036], [-0.10872706, 0.02094013, -0.07198615], [-0.02872796, 0.02156775, 0.1269947], [-0.01452086, -0.06552532, 0.10674963], [0.01246932, 0.06310739, -0.11014853], [-0.05920396, -0.10753448, -0.02332083], [0.11350361, -0.02700238, 0.04389987], [-0.05939549, 0.0680034, 0.08769073], [0.00340023, 0.06965986, -0.10692244], [0.11548738, -0.02351559, 0.03866542]], "atomic quadrupole moments": [[0.05265526, 0.1394073, 0.02296694, -0.06805341, -0.08398746, -0.0756222], [-0.2531421, -0.1199821, 0.03338029, -0.16211833, 0.45889332, 0.21976181], [-0.10995308, -0.0542747, 0.01516302, -0.06893219, 0.18761201, 0.09479006], [0.09226566, -0.00960364, 0.03240295, 0.01816608, 0.10461295, -0.12466861], [-0.0233401, -0.10072377, 0.00044166, -0.1333514, 0.15157762, 0.02289844], [-0.02425112, 0.15752559, 0.15026412, 0.03193486, 0.06776465, -0.126013], [-0.01739837, -0.03891186, 0.07416238, 0.00363332, 0.01697409, -0.05676401], [0.03800346, -0.01133487, -0.03408797, 0.05698134, -0.01953519, -0.0039155], [-0.03141113, -0.0077266, -0.05175609, -0.02043882, 0.02640643, 0.08316722], [-0.01790548, 0.01092013, -0.00527712, -0.00069236, -0.02025648, 0.02318259], [-0.04407906, -0.00405722, -0.0005722, -0.0128725, -0.05211294, 0.04465126], [-0.00317789, 0.05711839, 0.04461894, -0.00057766, 0.01935014, -0.04144105], [0.05616497, -0.02589419, -0.04291791, 0.04507521, 0.00093093, -0.01324706], [-0.00723989, -0.02196295, -0.00763079, -0.05150163, 0.04605276, 0.01487069], [-0.04303281, 0.01237189, -0.007333, 0.00147476, -0.04951299, 0.05036582], [0.064864, -0.02785675, -0.02392941, 0.04150305, -0.00682648, -0.04093459]], "number of molecular orbitals": 34, "number of electrons": 36, "number of unpaired electrons": 0, "orbital energies/eV": [-19.25194564, -17.54296456, -17.09817616, -16.29150147, -15.9895002, -15.26033306, -14.79796385, -14.61415541, -14.12585351, -13.61716623, -13.22199154, -13.1516608, -13.01947622, -12.71504116, -12.47847654, -12.20019007, -11.97830649, -10.62124572, -6.71151642, 1.78369727, 2.52016345, 3.36256768, 3.48947911, 4.19233103, 4.699125, 4.88990294, 5.23726786, 5.74090986, 6.00731363, 6.29958609, 6.65594095, 6.90831877, 8.17978634, 17.37886517], "fractional occupation": [2.0, 2.0, 2.0, 2.0, 2.0, 2.0, 2.0, 2.0, 2.0, 2.0, 2.0, 2.0, 2.0, 2.0, 2.0, 2.0, 2.0, 2.0, 0.0, 0.0, 0.0, 0.0, 0.0, 0.0, 0.0, 0.0, 0.0, 0.0, 0.0, 0.0, 0.0, 0.0, 0.0, 0.0], "program call": "xtb /tmp/scratch/tmplzt0dkgx/15567_0_xyzopt.xyz --pop --wbo --acc 0.2 --gfn 2 --chrg 0 --uhf 0 --etemp 300 --input /tmp/scratch/tmplzt0dkgx/15567_0_xtb.inp", "method": "GFN2-xTB", "xtb version": "6.3.3 (7355c4f)", "Dipole module/D": 3.108, "Total charge": 0, "Transition dipole module/D": NaN, "HOMO": -10.6212, "LUMO": -6.7115, "HOMO occupancy": 2.0, "LUMO occupancy": 0, "mulliken charges": [-0.13278, 0.40088, -0.48626, -0.04095, -0.08099, -0.08061, 0.04915, 0.06275, 0.05666, 0.02376, 0.04688, 0.03056, 0.03649, 0.0352, 0.04923, 0.03003], "cm5 charges": [-0.27663, 0.42009, -0.53973, -0.10802, -0.23032, -0.22937, 0.10272, 0.1179, 0.10997, 0.08312, 0.10137, 0.08347, 0.08894, 0.08836, 0.10556, 0.08258], "FUKUI+": [0.049, -0.19, -0.292, 0.006, 0.02, 0.027, -0.103, -0.077, -0.108, -0.075, -0.032, -0.035, -0.07, -0.032, -0.026, -0.062], "FUKUI-": [-0.003, -0.047, -0.218, -0.034, 0.022, 0.022, -0.078, -0.081, -0.083, -0.074, -0.054, -0.057, -0.103, -0.063, -0.044, -0.105], "FUKUIrad": [0.023, -0.118, -0.255, -0.014, 0.021, 0.025, -0.09, -0.079, -0.096, -0.074, -0.043, -0.046, -0.086, -0.048, -0.035, -0.083], "s proportion": [1.021, 1.07, 1.729, 1.06, 1.01, 1.007, 0.951, 0.937, 0.943, 0.976, 0.953, 0.969, 0.964, 0.965, 0.951, 0.97], "p proportion": [3.112, 2.529, 4.758, 2.981, 3.071, 3.074, 0.0, 0.0, 0.0, 0.0, 0.0, 0.0, 0.0, 0.0, 0.0, 0.0], "d proportion": [0.0, 0.0, 0.0, 0.0, 0.0, 0.0, 0.0, 0.0, 0.0, 0.0, 0.0, 0.0, 0.0, 0.0, 0.0, 0.0], "Fermi-level/eV": -8.6664, "Coordination numbers": [3.753, 2.818, 0.857, 3.851, 3.759, 3.756, 0.925, 0.925, 0.925, 0.924, 0.925, 0.925, 0.925, 0.925, 0.925, 0.925], "Dispersion coefficient C6": [23.233, 22.997, 20.773, 21.16, 22.467, 22.529, 2.193, 2.133, 2.132, 2.501, 2.319, 2.53, 2.374, 2.501, 2.226, 2.46], "Total dispersion C6": 1886.903542, "Total dispersion C8": 40255.02443, "Polarizability alpha": [6.873, 7.857, 6.111, 6.543, 6.758, 6.767, 2.316, 2.284, 2.283, 2.473, 2.381, 2.488, 2.41, 2.473, 2.333, 2.453], "Total polarizability alpha": 64.802183, "Wiberg matrix": [[0.0, 1.0040024293499006, 0.0, 0.0, 0.0, 0.0, 0.9664475665983298, 0.9828101210299991, 0.9574535505321102, 0.0, 0.0, 0.0, 0.0, 0.0, 0.0, 0.0], [1.0040024293499006, 0.0, 1.8763102514310448, 0.9661038277826265, 0.0, 0.0, 0.0, 0.0, 0.0, 0.0, 0.0, 0.0, 0.0, 0.0, 0.0, 0.0], [0.0, 1.8763102514310448, 0.0, 0.0, 0.0, 0.0, 0.0, 0.0, 0.0, 0.0, 0.0, 0.0, 0.0, 0.0, 0.0, 0.0], [0.0, 0.9661038277826265, 0.0, 0.0, 0.9822408273765069, 1.003253470448305, 0.0, 0.0, 0.0, 0.9671155975730971, 0.0, 0.0, 0.0, 0.0, 0.0, 0.0], [0.0, 0.0, 0.0, 0.9822408273765069, 0.0, 0.0, 0.0, 0.0, 0.0, 0.0, 0.986402090087078, 0.98648721680766, 0.9825586857176853, 0.0, 0.0, 0.0], [0.0, 0.0, 0.0, 1.003253470448305, 0.0, 0.0, 0.0, 0.0, 0.0, 0.0, 0.0, 0.0, 0.0, 0.9872968121101635, 0.9841414941557568, 0.9853317287766565], [0.9664475665983298, 0.0, 0.0, 0.0, 0.0, 0.0, 0.0, 0.0, 0.0, 0.0, 0.0, 0.0, 0.0, 0.0, 0.0, 0.0], [0.9828101210299991, 0.0, 0.0, 0.0, 0.0, 0.0, 0.0, 0.0, 0.0, 0.0, 0.0, 0.0, 0.0, 0.0, 0.0, 0.0], [0.9574535505321102, 0.0, 0.0, 0.0, 0.0, 0.0, 0.0, 0.0, 0.0, 0.0, 0.0, 0.0, 0.0, 0.0, 0.0, 0.0], [0.0, 0.0, 0.0, 0.9671155975730971, 0.0, 0.0, 0.0, 0.0, 0.0, 0.0, 0.0, 0.0, 0.0, 0.0, 0.0, 0.0], [0.0, 0.0, 0.0, 0.0, 0.986402090087078, 0.0, 0.0, 0.0, 0.0, 0.0, 0.0, 0.0, 0.0, 0.0, 0.0, 0.0], [0.0, 0.0, 0.0, 0.0, 0.98648721680766, 0.0, 0.0, 0.0, 0.0, 0.0, 0.0, 0.0, 0.0, 0.0, 0.0, 0.0], [0.0, 0.0, 0.0, 0.0, 0.9825586857176853, 0.0, 0.0, 0.0, 0.0, 0.0, 0.0, 0.0, 0.0, 0.0, 0.0, 0.0], [0.0, 0.0, 0.0, 0.0, 0.0, 0.9872968121101635, 0.0, 0.0, 0.0, 0.0, 0.0, 0.0, 0.0, 0.0, 0.0, 0.0], [0.0, 0.0, 0.0, 0.0, 0.0, 0.9841414941557568, 0.0, 0.0, 0.0, 0.0, 0.0, 0.0, 0.0, 0.0, 0.0, 0.0], [0.0, 0.0, 0.0, 0.0, 0.0, 0.9853317287766565, 0.0, 0.0, 0.0, 0.0, 0.0, 0.0, 0.0, 0.0, 0.0, 0.0]], "Born radii": [], "Atomic SASAs": [], "Solvent H bonds": [], "Total SASA": NaN, "Total FOD": 0.0, "FOD": [0.0, 0.0, 0.0, 0.0, 0.0, 0.0, 0.0, 0.0, 0.0, 0.0, 0.0, 0.0, 0.0, 0.0, 0.0, 0.0], "FOD s proportion": [0.0, 0.0, 0.0, 0.0, 0.0, 0.0, 0.0, 0.0, 0.0, 0.0, 0.0, 0.0, 0.0, 0.0, 0.0, 0.0], "FOD p proportion": [0.0, 0.0, 0.0, 0.0, 0.0, 0.0, 0.0, 0.0, 0.0, 0.0, 0.0, 0.0, 0.0, 0.0, 0.0, 0.0], "FOD d proportion": [0.0, 0.0, 0.0, 0.0, 0.0, 0.0, 0.0, 0.0, 0.0, 0.0, 0.0, 0.0, 0.0, 0.0, 0.0, 0.0],