{"total energy": -23.02648543, "HOMO-LUMO gap/eV": 3.86820854, "electronic energy": -23.33899383, "dipole": [-0.13583436, 0.80889335, -0.81636825], "partial charges": [-0.10015697, -0.08040457, 0.23336474, -0.35102244, -0.03493026, -0.10308514, -0.10023316, 0.05278772, 0.04579065, 0.03596982, 0.05084975, 0.05654957, 0.03237017, 0.03912255, 0.05784662, 0.03578042, 0.05042144, 0.03367951, 0.04529958], "atomic dipole moments": [[-0.09665401, 0.02618167, -0.06035878], [0.01438627, -0.04931195, 0.07046735], [0.00289637, -0.0157432, 0.01930621], [-0.01682863, 0.11428885, -0.1264588], [-0.0169288, -0.02580713, 0.08856595], [0.06982962, 0.08894994, -0.0071861], [0.04562003, -0.07304403, -0.07151722], [0.01942484, -0.1253543, 0.00944031], [-0.00696542, 0.04466404, 0.11816686], [0.09496396, 0.05330635, -0.05901691], [-0.02306917, 0.12594822, -0.00747315], [0.01070427, -0.04260644, -0.12136016], [0.01525844, 0.04962893, -0.11480114], [-0.11355397, 0.03619234, -0.03432348], [-0.0048935, -0.055045, 0.1149077], [0.04182907, -0.08602098, -0.08169741], [-0.01170559, -0.04729163, 0.1176867], [0.075791, 0.09913795, 0.00523267], [-0.11177858, 0.03858773, -0.03918887]], "atomic quadrupole moments": [[0.16591245, -0.04953993, -0.12679083, 0.15732269, -0.03904447, -0.03912162], [0.18405075, 0.04589927, -0.13357565, 0.03747584, -0.1250792, -0.0504751], [-0.29096881, -0.04026327, 0.18725518, -0.0351796, 0.48287383, 0.10371363], [-0.12722868, -0.01966091, 0.08042199, -0.0176485, 0.20069125, 0.04680669], [0.09208098, -0.00657976, 0.05578284, 0.01547706, 0.07930595, -0.14786382], [0.02981517, 0.18247245, 0.10974919, 0.0073701, 0.01970303, -0.13956436], [-0.06923879, -0.09017443, 0.06929024, -0.09239679, 0.17283931, -5.145e-05], [-0.03210916, -0.01422878, 0.07818752, 0.01152883, 0.00137419, -0.04607836], [-0.02999048, -0.01474775, -0.0289532, -0.0076401, 0.04809274, 0.05894368], [0.03097837, 0.04256668, -0.0255874, -0.04214977, -0.03836497, -0.00539097], [-0.00813865, -0.01018771, 0.06352712, 0.01869691, 0.00459669, -0.05538847], [-0.0110559, -0.01831398, -0.03942003, -0.00098624, 0.04112861, 0.05047593], [-0.01480276, 0.00996017, -0.01309751, -0.00135772, -0.0165825, 0.02790027], [0.06073681, -0.03620302, -0.01680466, 0.03639452, -0.01324259, -0.04393215], [-0.03920077, 0.01312646, -0.0224764, -0.00020247, -0.04188643, 0.06167717], [-0.02043561, -0.02169594, 0.0118775, -0.03915377, 0.05581111, 0.00855811], [-0.0471112, -0.00354654, -0.01147759, -0.01221435, -0.0428988, 0.05858879], [0.01363343, 0.06224422, 0.03002512, -0.00979689, 0.00570706, -0.04365855], [0.05413158, -0.03438556, -0.03387263, 0.04339691, -0.00071375, -0.02025895]], "number of molecular orbitals": 40, "number of electrons": 42, "number of unpaired electrons": 0, "orbital energies/eV": [-19.20072596, -17.52970484, -17.23355951, -16.31571278, -16.2453039, -15.56991591, -15.26003852, -14.82478062, -14.66217199, -14.01152622, -13.70334757, -13.47734132, -13.11974602, -13.02335232, -12.7620904, -12.54519885, -12.36360126, -12.17742484, -12.09745427, -11.95523858, -10.51799878, -6.64979024, 1.43201185, 2.51803233, 3.11280766, 3.43757756, 3.89921785, 4.20220807, 4.33617759, 4.53512449, 4.96399436, 5.19510408, 5.42054767, 6.2303484, 6.58394575, 6.80622704, 7.00803107, 7.51396421, 8.23487912, 17.44840158], "fractional occupation": [2.0, 2.0, 2.0, 2.0, 2.0, 2.0, 2.0, 2.0, 2.0, 2.0, 2.0, 2.0, 2.0, 2.0, 2.0, 2.0, 2.0, 2.0, 2.0, 2.0, 2.0, 0.0, 0.0, 0.0, 0.0, 0.0, 0.0, 0.0, 0.0, 0.0, 0.0, 0.0, 0.0, 0.0, 0.0, 0.0, 0.0, 0.0, 0.0, 0.0], "program call": "xtb /tmp/scratch/tmp2mgl5sdd/15664_0_xyzopt.xyz --pop --wbo --acc 0.2 --gfn 2 --chrg 0 --uhf 0 --etemp 300 --input /tmp/scratch/tmp2mgl5sdd/15664_0_xtb.inp", "method": "GFN2-xTB", "xtb version": "6.3.3 (7355c4f)", "Dipole module/D": 2.941, "Total charge": 0, "Transition dipole module/D": NaN, "HOMO": -10.518, "LUMO": -6.6498, "HOMO occupancy": 2.0, "LUMO occupancy": 0, "mulliken charges": [-0.07312, -0.08249, 0.39367, -0.48727, -0.04085, -0.08046, -0.08093, 0.04555, 0.03996, 0.02769, 0.04011, 0.04824, 0.02296, 0.02984, 0.04908, 0.03476, 0.04681, 0.03035, 0.0361], "cm5 charges": [-0.22352, -0.18722, 0.41457, -0.54237, -0.10795, -0.22922, -0.23026, 0.10045, 0.09383, 0.07944, 0.09658, 0.10447, 0.0823, 0.08239, 0.1054, 0.0879, 0.10138, 0.08328, 0.08855], "FUKUI+": [0.03, 0.028, -0.187, -0.289, 0.006, 0.026, 0.019, -0.028, -0.031, -0.06, -0.092, -0.098, -0.073, -0.06, -0.025, -0.032, -0.031, -0.034, -0.068], "FUKUI-": [0.02, -0.016, -0.043, -0.194, -0.031, 0.02, 0.021, -0.044, -0.051, -0.099, -0.071, -0.077, -0.065, -0.092, -0.039, -0.054, -0.046, -0.048, -0.089], "FUKUIrad": [0.025, 0.006, -0.115, -0.242, -0.013, 0.023, 0.02, -0.036, -0.041, -0.08, -0.081, -0.088, -0.069, -0.076, -0.032, -0.043, -0.038, -0.041, -0.079], "s proportion": [1.001, 1.038, 1.074, 1.729, 1.06, 1.007, 1.01, 0.954, 0.96, 0.972, 0.96, 0.952, 0.977, 0.97, 0.951, 0.965, 0.953, 0.97, 0.964], "p proportion": [3.072, 3.044, 2.533, 4.758, 2.98, 3.074, 3.071, 0.0, 0.0, 0.0, 0.0, 0.0, 0.0, 0.0, 0.0, 0.0, 0.0, 0.0, 0.0], "d proportion": [0.0, 0.0, 0.0, 0.0, 0.0, 0.0, 0.0, 0.0, 0.0, 0.0, 0.0, 0.0, 0.0, 0.0, 0.0, 0.0, 0.0, 0.0, 0.0], "Fermi-level/eV": -8.5839, "Coordination numbers": [3.752, 3.802, 2.82, 0.857, 3.851, 3.756, 3.759, 0.925, 0.925, 0.925, 0.924, 0.924, 0.924, 0.925, 0.925, 0.925, 0.925, 0.925, 0.925], "Dispersion coefficient C6": [22.472, 22.034, 23.117, 20.727, 21.162, 22.523, 22.464, 2.285, 2.373, 2.503, 2.309, 2.24, 2.553, 2.461, 2.224, 2.506, 2.315, 2.535, 2.379], "Total dispersion C6": 2633.328843, "Total dispersion C8": 56077.722215, "Polarizability alpha": [6.76, 6.683, 7.878, 6.104, 6.543, 6.767, 6.757, 2.364, 2.409, 2.474, 2.376, 2.34, 2.499, 2.453, 2.332, 2.475, 2.379, 2.49, 2.412], "Total polarizability alpha": 76.496539,