{"total energy": -22.01905301, "HOMO-LUMO gap/eV": 3.8348544, "electronic energy": -22.3077677, "dipole": [0.29147792, -1.20392285, 0.62400155], "partial charges": [-0.35878392, 0.24323273, -0.08579685, -0.05335009, -0.0603667, -0.05335009, -0.08579685, 0.05580659, 0.05604234, 0.03853867, 0.03955524, 0.03718755, 0.03713854, 0.03853867, 0.03955523, 0.05580659, 0.05604234], "atomic dipole moments": [[0.03474898, -0.14344527, 0.0829479], [-0.00566917, 0.0233588, -0.01808858], [-0.05824206, -0.07063349, -0.04886995], [-0.08804977, 0.03821107, 0.07054408], [-0.02277987, 0.09390179, -0.06837313], [0.06129744, 0.07418984, 0.07019834], [0.08380345, -0.03641374, -0.0491988], [0.08376151, 0.08811496, -0.04619787], [0.00968517, -0.00266489, 0.12838122], [0.11266466, -0.03334961, 0.0385172], [0.00194864, 0.00292312, -0.12539086], [0.00228268, -0.00829221, 0.12312061], [0.02694874, -0.11229824, -0.04521623], [-0.08494827, -0.08095593, 0.03897468], [-0.00361471, 0.00158287, -0.12537798], [-0.11489981, 0.04025607, -0.04573796], [-0.00684721, -0.00664766, 0.12841949]], "atomic quadrupole moments": [[-0.12805831, -0.02025419, -0.04718939, -0.03897812, 0.16475816, 0.1752477], [-0.28087898, -0.04113186, -0.11585201, -0.09797112, 0.41328099, 0.39673099], [0.06289575, -0.13799054, 0.10015922, 0.05726649, 0.06851924, -0.16305496], [-0.0476484, 0.07861226, 0.21660444, -0.10606173, 0.04507838, -0.16895604], [0.205617, 0.06169927, -0.03663829, 0.02299746, -0.09920408, -0.16897871], [0.07153707, -0.15267766, 0.0982487, 0.07300653, 0.08881908, -0.16978577], [-0.0419888, 0.06571561, 0.20439474, -0.0827859, 0.03424958, -0.16240594], [0.01022821, 0.03091159, 0.0128764, -0.03000769, -0.02247237, -0.02310461], [-0.03788295, -0.00024744, -0.02691263, -0.0005911, -0.00567123, 0.06479557], [0.0380133, -0.01822683, -0.01371444, 0.0337448, -0.00669989, -0.02429887], [-0.03929489, 0.00803772, -0.01442512, 0.00772049, -0.0046853, 0.05372002], [-0.01542113, 0.00716247, -0.04339784, -0.00053021, 0.00289773, 0.05881897], [-0.01756653, -0.01455835, 0.03974137, -0.009093, 0.0377341, -0.02217484], [0.01226986, 0.03151676, 0.01174676, -0.027185, -0.02150782, -0.02401662], [-0.02765996, -0.01482505, -0.02611596, -0.00436813, -0.00753812, 0.05377592], [0.0361645, -0.01915339, -0.01275084, 0.03671012, -0.00626922, -0.02341366], [-0.03577945, -0.00432, -0.02899692, 0.00355354, -0.00466216, 0.06477637]], "number of molecular orbitals": 38, "number of electrons": 40, "number of unpaired electrons": 0, "orbital energies/eV": [-19.26438775, -17.78589623, -17.18446499, -17.02230276, -16.22015983, -15.89041026, -15.39383247, -14.70283082, -14.50146656, -14.37603084, -14.02780261, -13.81188117, -13.36028867, -13.09220401, -12.94097704, -12.47338748, -12.08420134, -12.03187248, -11.90547379, -10.57590867, -6.74105427, 2.20937694, 2.35504089, 2.37635709, 2.55296198, 3.04234546, 3.39892704, 3.59101089, 4.54522869, 4.81771426, 5.27347908, 5.98850939, 6.31976764, 6.33656399, 6.94387829, 7.61312202, 8.27191869, 17.32673101], "fractional occupation": [2.0, 2.0, 2.0, 2.0, 2.0, 2.0, 2.0, 2.0, 2.0, 2.0, 2.0, 2.0, 2.0, 2.0, 2.0, 2.0, 2.0, 2.0, 2.0, 2.0, 0.0, 0.0, 0.0, 0.0, 0.0, 0.0, 0.0, 0.0, 0.0, 0.0, 0.0, 0.0, 0.0, 0.0, 0.0, 0.0, 0.0, 0.0], "program call": "xtb /tmp/scratch/tmpjwi38v9e/1572_0_xyzopt.xyz --pop --wbo --acc 0.2 --gfn 2 --chrg 0 --uhf 0 --etemp 300 --input /tmp/scratch/tmpjwi38v9e/1572_0_xtb.inp", "method": "GFN2-xTB", "xtb version": "6.3.3 (7355c4f)", "Dipole module/D": 3.525, "Total charge": 0, "Transition dipole module/D": NaN, "HOMO": -10.5759, "LUMO": -6.7411, "HOMO occupancy": 2.0, "LUMO occupancy": 0, "mulliken charges": [-0.48642, 0.402, -0.09215, -0.04183, -0.05382, -0.04183, -0.09215, 0.05618, 0.04671, 0.03388, 0.03519, 0.02723, 0.03504, 0.03388, 0.03519, 0.05618, 0.04671], "cm5 charges": [-0.53715, 0.42243, -0.19408, -0.1515, -0.16425, -0.1515, -0.19408, 0.1144, 0.10385, 0.08859, 0.09166, 0.08333, 0.0898, 0.08859, 0.09166, 0.1144, 0.10385], "FUKUI+": [-0.288, -0.189, 0.022, 0.01, 0.023, 0.01, 0.022, -0.066, -0.095, -0.064, -0.035, -0.034, -0.056, -0.064, -0.035, -0.066, -0.095], "FUKUI-": [-0.208, -0.042, -0.013, 0.006, 0.011, 0.006, -0.013, -0.077, -0.075, -0.112, -0.057, -0.045, -0.061, -0.112, -0.057, -0.077, -0.075], "FUKUIrad": [-0.248, -0.115, 0.004, 0.008, 0.017, 0.008, 0.004, -0.072, -0.085, -0.088, -0.046, -0.039, -0.058, -0.088, -0.046, -0.072, -0.085], "s proportion": [1.729, 1.065, 1.041, 1.03, 1.029, 1.03, 1.041, 0.944, 0.953, 0.966, 0.965, 0.973, 0.965, 0.966, 0.965, 0.944, 0.953], "p proportion": [4.758, 2.533, 3.051, 3.012, 3.025, 3.012, 3.051, 0.0, 0.0, 0.0, 0.0, 0.0, 0.0, 0.0, 0.0, 0.0, 0.0], "d proportion": [0.0, 0.0, 0.0, 0.0, 0.0, 0.0, 0.0, 0.0, 0.0, 0.0, 0.0, 0.0, 0.0, 0.0, 0.0, 0.0, 0.0], "Fermi-level/eV": -8.6585, "Coordination numbers": [0.857, 2.816, 3.806, 3.806, 3.805, 3.806, 3.806, 0.924, 0.924, 0.924, 0.924, 0.924, 0.924, 0.924, 0.924, 0.924, 0.924], "Dispersion coefficient C6": [20.875, 22.933, 22.132, 21.527, 21.657, 21.527, 22.132, 2.249, 2.246, 2.468, 2.455, 2.487, 2.487, 2.468, 2.455, 2.249, 2.246], "Total dispersion C6": 2306.105138, "Total dispersion C8": 50626.215534, "Polarizability alpha": [6.126, 7.846, 6.697, 6.605, 6.625, 6.605, 6.697, 2.345, 2.344, 2.457, 2.45, 2.466, 2.466, 2.457, 2.45, 2.345, 2.344], "Total polarizability alpha": 71.325817, "Wiberg matrix": [[0.0, 1.8720085216071891, 0.0, 0.0, 0.0, 0.0, 0.0, 0.0, 0.0, 0.0, 0.0, 0.0, 0.0, 0.0, 0.0, 0.0, 0.0], [1.8720085216071891, 0.0, 0.9887524297330873, 0.0, 0.0, 0.0, 0.9887524275310587, 0.0, 0.0, 0.0, 0.0, 0.0, 0.0, 0.0, 0.0, 0.0, 0.0], [0.0, 0.9887524297330873, 0.0, 0.9890608591126987, 0.0, 0.0, 0.0, 0.9746302489570019, 0.9532822337608707, 0.0, 0.0, 0.0, 0.0, 0.0, 0.0, 0.0, 0.0], [0.0, 0.0, 0.9890608591126987, 0.0, 1.0102095168823806, 0.0, 0.0, 0.0, 0.0, 0.9759080099675204, 0.9780154682025088, 0.0, 0.0, 0.0, 0.0, 0.0, 0.0], [0.0, 0.0, 0.0, 1.0102095168823806, 0.0, 1.0102095152457795, 0.0, 0.0, 0.0, 0.0, 0.0, 0.9767920729197743, 0.9750318333816165, 0.0, 0.0, 0.0, 0.0], [0.0, 0.0, 0.0, 0.0, 1.0102095152457795, 0.0, 0.9890608599611493, 0.0, 0.0, 0.0, 0.0, 0.0, 0.0, 0.9759080098373014, 0.978015467896111, 0.0, 0.0], [0.0, 0.9887524275310587, 0.0, 0.0, 0.0, 0.9890608599611493, 0.0, 0.0, 0.0, 0.0, 0.0, 0.0, 0.0, 0.0, 0.0, 0.9746302491333989, 0.9532822349805634], [0.0, 0.0, 0.9746302489570019, 0.0, 0.0, 0.0, 0.0, 0.0, 0.0, 0.0, 0.0, 0.0, 0.0, 0.0, 0.0, 0.0, 0.0], [0.0, 0.0, 0.9532822337608707, 0.0, 0.0, 0.0, 0.0, 0.0, 0.0, 0.0, 0.0, 0.0, 0.0, 0.0, 0.0, 0.0, 0.0], [0.0, 0.0, 0.0, 0.9759080099675204, 0.0, 0.0, 0.0, 0.0, 0.0, 0.0, 0.0, 0.0, 0.0, 0.0, 0.0, 0.0, 0.0], [0.0, 0.0, 0.0, 0.9780154682025088, 0.0, 0.0, 0.0, 0.0, 0.0, 0.0, 0.0, 0.0, 0.0, 0.0, 0.0, 0.0, 0.0], [0.0, 0.0, 0.0, 0.0, 0.9767920729197743, 0.0, 0.0, 0.0, 0.0, 0.0, 0.0, 0.0, 0.0, 0.0, 0.0, 0.0, 0.0], [0.0, 0.0, 0.0, 0.0, 0.9750318333816165, 0.0, 0.0, 0.0, 0.0, 0.0, 0.0, 0.0, 0.0, 0.0, 0.0, 0.0, 0.0], [0.0, 0.0, 0.0, 0.0, 0.0, 0.9759080098373014, 0.0, 0.0, 0.0, 0.0, 0.0, 0.0, 0.0, 0.0, 0.0, 0.0, 0.0], [0.0, 0.0, 0.0, 0.0, 0.0, 0.978015467896111, 0.0, 0.0, 0.0, 0.0, 0.0, 0.0, 0.0, 0.0, 0.0, 0.0, 0.0], [0.0, 0.0, 0.0, 0.0, 0.0, 0.0, 0.9746302491333989, 0.0, 0.0, 0.0, 0.0, 0.0, 0.0, 0.0, 0.0, 0.0, 0.0], [0.0, 0.0, 0.0, 0.0, 0.0, 0.0, 0.9532822349805634, 0.0, 0.0, 0.0, 0.0, 0.0, 0.0, 0.0, 0.0, 0.0, 0.0]], "Born radii": [], "Atomic SASAs": [], "Solvent H bonds": [], "Total SASA": NaN, "Total FOD": 0.0, "FOD": [0.0, 0.0, 0.0, 0.0, 0.0, 0.0, 0.0, 0.0, 0.0, 0.0, 0.0, 0.0, 0.0, 0.0, 0.0, 0.0, 0.0], "FOD s proportion": [0.0, 0.0, 0.0, 0.0, 0.0, 0.0, 0.0, 0.0, 0.0, 0.0, 0.0, 0.0, 0.0, 0.0, 0.0, 0.0, 0.0], "FOD p proportion": [0.0, 0.0, 0.0, 0.0, 0.0, 0.0, 0.0, 0.0, 0.0, 0.0, 0.0, 0.0, 0.0, 0.0, 0.0, 0.0, 0.0], "FOD d proportion": [0.0, 0.0, 0.0, 0.0, 0.0, 0.0, 0.0, 0.0, 0.0, 0.0, 0.0, 0.0, 0.0, 0.0, 0.0, 0.0, 0.0],