{"total energy": -20.89172374, "HOMO-LUMO gap/eV": 12.33927556, "electronic energy": -21.15432006, "dipole": [0.11566271, -0.48645613, -0.512408], "partial charges": [-0.10283661, -0.06710443, 0.10704009, -0.44338857, -0.06710443, -0.10283661, 0.03630779, 0.04831405, 0.03320297, 0.02722719, 0.02982998, 0.04331597, 0.28315066, 0.02982998, 0.02722718, 0.04831405, 0.03630779, 0.03320297], "atomic dipole moments": [[-0.07008182, -0.07027919, -0.0385151], [-0.02027687, 0.07635725, 0.0684408], [-0.03580608, 0.12584795, -0.14443465], [0.0543431, -0.21491582, -0.07368537], [-0.01678096, 0.07726668, 0.06836653], [0.09384326, -0.02763568, -0.04199703], [0.0096685, -0.01422366, 0.12341198], [-0.03108537, 0.11971678, -0.02238996], [0.10929292, -0.0250338, -0.0519502], [0.00145329, 0.00556269, -0.12241183], [0.0244494, -0.11706902, 0.03112818], [0.00043596, 0.00850614, 0.12469896], [-0.00068832, -0.00352729, -0.07560387], [0.03693139, -0.11382194, 0.03086307], [-0.00884612, 0.00288337, -0.12219306], [-0.03208408, 0.11945697, -0.02236878], [0.00340153, -0.01585392, 0.1235451], [-0.08522397, -0.0756355, -0.04781844]], "atomic quadrupole moments": [[0.07242536, 0.16000687, 0.00093069, 0.08983968, 0.08920832, -0.07335605], [0.19807331, 0.05686022, -0.05959011, -0.03310259, 0.11088242, -0.1384832], [-0.00372155, -0.08208954, 0.28061727, 0.024438, -0.11446091, -0.27689572], [-0.09436953, -0.0645052, 0.13201158, 0.01579714, -0.05469595, -0.03764205], [0.18273478, 0.08386735, -0.04450078, -0.03880668, 0.10874013, -0.138234], [0.18153475, -0.05349446, -0.11753363, -0.13152832, 0.03675949, -0.06400112], [-0.04455999, 0.01312096, -0.03496718, 0.00659271, -0.02074751, 0.07952717], [-0.02579267, -0.0272489, 0.06686773, 0.01756645, -0.02540891, -0.04107506], [0.05535568, -0.0216538, -0.03670181, -0.04778971, 0.0256549, -0.01865387], [-0.01957701, 0.01396895, -0.04193158, 0.00379798, -0.01516683, 0.06150859], [-0.01405455, -0.01564734, 0.04822734, 0.0141914, -0.02920628, -0.03417279], [-0.02114728, -0.00313745, -0.01091984, 0.00411143, -0.0113858, 0.03206712], [-0.09105848, -0.01219703, -0.04912664, 0.00998415, -0.01922182, 0.14018512], [-0.01246147, -0.01956271, 0.04608242, 0.00118503, -0.0324978, -0.03362096], [-0.01255599, 0.00165575, -0.04881304, 0.00700874, -0.01403122, 0.06136902], [-0.02722607, -0.0263796, 0.067417, -0.00322969, -0.03084524, -0.04019093], [-0.03058943, -0.01171639, -0.04883501, 0.00886264, -0.01955221, 0.07942444], [0.01731502, 0.05260773, 0.00450937, 0.02724541, 0.04338696, -0.02182438]], "number of molecular orbitals": 36, "number of electrons": 38, "number of unpaired electrons": 0, "orbital energies/eV": [-18.5305078, -17.17411341, -16.74382551, -16.21545856, -15.84905446, -15.30264677, -14.59318546, -14.38466538, -14.13842928, -13.54536682, -13.11473684, -13.04652788, -12.6327637, -12.31579862, -12.29038284, -11.88605131, -11.81129715, -11.65463482, -10.91592233, 1.42335324, 1.79374982, 3.06213735, 3.10596778, 3.49206207, 4.49603307, 4.60741234, 4.82015178, 4.84267199, 5.16042205, 5.37992137, 5.70260111, 6.76190686, 7.33414197, 7.50351751, 7.68568453, 8.19233417], "fractional occupation": [2.0, 2.0, 2.0, 2.0, 2.0, 2.0, 2.0, 2.0, 2.0, 2.0, 2.0, 2.0, 2.0, 2.0, 2.0, 2.0, 2.0, 2.0, 2.0, 0.0, 0.0, 0.0, 0.0, 0.0, 0.0, 0.0, 0.0, 0.0, 0.0, 0.0, 0.0, 0.0, 0.0, 0.0, 0.0, 0.0], "program call": "xtb /tmp/scratch/tmptq7dtd5c/15915_0_xyzopt.xyz --pop --wbo --acc 0.2 --gfn 2 --chrg 0 --uhf 0 --etemp 300 --input /tmp/scratch/tmptq7dtd5c/15915_0_xtb.inp", "method": "GFN2-xTB", "xtb version": "6.3.3 (7355c4f)", "Dipole module/D": 1.82, "Total charge": 0, "Transition dipole module/D": NaN, "HOMO": -10.9159, "LUMO": 1.4234, "HOMO occupancy": 2.0, "LUMO occupancy": 0, "mulliken charges": [-0.08012, -0.0671, 0.21444, -0.56146, -0.0671, -0.08012, 0.02835, 0.03844, 0.0265, 0.02183, 0.0242, 0.02866, 0.33417, 0.0242, 0.02183, 0.03844, 0.02835, 0.0265], "cm5 charges": [-0.23185, -0.17658, 0.16668, -0.77908, -0.17658, -0.23185, 0.08096, 0.09382, 0.0782, 0.07904, 0.08004, 0.09726, 0.50787, 0.08004, 0.07904, 0.09382, 0.08096, 0.0782], "FUKUI+": [0.012, -0.012, -0.042, -0.087, -0.012, 0.012, -0.054, -0.048, -0.094, -0.061, -0.089, -0.079, -0.099, -0.089, -0.061, -0.048, -0.054, -0.094], "FUKUI-": [0.015, -0.008, -0.022, -0.133, -0.008, 0.015, -0.069, -0.05, -0.118, -0.063, -0.067, -0.066, -0.061, -0.067, -0.063, -0.05, -0.069, -0.118], "FUKUIrad": [0.013, -0.01, -0.032, -0.11, -0.01, 0.013, -0.061, -0.049, -0.106, -0.062, -0.078, -0.072, -0.08, -0.078, -0.062, -0.049, -0.061, -0.106], "s proportion": [1.003, 1.036, 1.017, 1.694, 1.036, 1.003, 0.972, 0.962, 0.974, 0.978, 0.976, 0.971, 0.666, 0.976, 0.978, 0.962, 0.972, 0.974], "p proportion": [3.077, 3.031, 2.768, 4.867, 3.031, 3.077, 0.0, 0.0, 0.0, 0.0, 0.0, 0.0, 0.0, 0.0, 0.0, 0.0, 0.0, 0.0], "d proportion": [0.0, 0.0, 0.0, 0.0, 0.0, 0.0, 0.0, 0.0, 0.0, 0.0, 0.0, 0.0, 0.0, 0.0, 0.0, 0.0, 0.0, 0.0], "Fermi-level/eV": -4.7463, "Coordination numbers": [3.752, 3.8, 3.727, 1.655, 3.8, 3.752, 0.925, 0.925, 0.925, 0.924, 0.924, 0.924, 0.805, 0.924, 0.924, 0.925, 0.925, 0.925], "Dispersion coefficient C6": [22.525, 21.786, 18.917, 21.71, 21.786, 22.525, 2.499, 2.341, 2.541, 2.626, 2.589, 2.405, 0.774, 2.589, 2.626, 2.341, 2.499, 2.541], "Total dispersion C6": 2119.386645, "Total dispersion C8": 43598.895322, "Polarizability alpha": [6.768, 6.646, 6.21, 6.29, 6.646, 6.768, 2.472, 2.393, 2.493, 2.534, 2.516, 2.425, 1.382, 2.516, 2.534, 2.393, 2.472, 2.493], "Total polarizability alpha": 67.950369, "Wiberg matrix": [[0.0, 1.019813524573878, 0.0, 0.0, 0.0, 0.0, 0.9880010746263528, 0.9858109400483701, 0.9873145432036763, 0.0, 0.0, 0.0, 0.0, 0.0, 0.0, 0.0, 0.0, 0.0], [1.019813524573878, 0.0, 0.9857236490747782, 0.0, 0.0, 0.0, 0.0, 0.0, 0.0, 0.9763857672656199, 0.9772964270201547, 0.0, 0.0, 0.0, 0.0, 0.0, 0.0, 0.0], [0.0, 0.9857236490747782, 0.0, 0.9917640657892944, 0.9857236519296378, 0.0, 0.0, 0.0, 0.0, 0.0, 0.0, 0.9619219795173428, 0.0, 0.0, 0.0, 0.0, 0.0, 0.0], [0.0, 0.0, 0.9917640657892944, 0.0, 0.0, 0.0, 0.0, 0.0, 0.0, 0.0, 0.0, 0.0, 0.9015786718624028, 0.0, 0.0, 0.0, 0.0, 0.0], [0.0, 0.0, 0.9857236519296378, 0.0, 0.0, 1.0198135220946, 0.0, 0.0, 0.0, 0.0, 0.0, 0.0, 0.0, 0.9772964271859641, 0.9763857676254284, 0.0, 0.0, 0.0], [0.0, 0.0, 0.0, 0.0, 1.0198135220946, 0.0, 0.0, 0.0, 0.0, 0.0, 0.0, 0.0, 0.0, 0.0, 0.0, 0.9858109405180023, 0.9880010741995489, 0.9873145444079156], [0.9880010746263528, 0.0, 0.0, 0.0, 0.0, 0.0, 0.0, 0.0, 0.0, 0.0, 0.0, 0.0, 0.0, 0.0, 0.0, 0.0, 0.0, 0.0], [0.9858109400483701, 0.0, 0.0, 0.0, 0.0, 0.0, 0.0, 0.0, 0.0, 0.0, 0.0, 0.0, 0.0, 0.0, 0.0, 0.0, 0.0, 0.0], [0.9873145432036763, 0.0, 0.0, 0.0, 0.0, 0.0, 0.0, 0.0, 0.0, 0.0, 0.0, 0.0, 0.0, 0.0, 0.0, 0.0, 0.0, 0.0], [0.0, 0.9763857672656199, 0.0, 0.0, 0.0, 0.0, 0.0, 0.0, 0.0, 0.0, 0.0, 0.0, 0.0, 0.0, 0.0, 0.0, 0.0, 0.0], [0.0, 0.9772964270201547, 0.0, 0.0, 0.0, 0.0, 0.0, 0.0, 0.0, 0.0, 0.0, 0.0, 0.0, 0.0, 0.0, 0.0, 0.0, 0.0], [0.0, 0.0, 0.9619219795173428, 0.0, 0.0, 0.0, 0.0, 0.0, 0.0, 0.0, 0.0, 0.0, 0.0, 0.0, 0.0, 0.0, 0.0, 0.0], [0.0, 0.0, 0.0, 0.9015786718624028, 0.0, 0.0, 0.0, 0.0, 0.0, 0.0, 0.0, 0.0, 0.0, 0.0, 0.0, 0.0, 0.0, 0.0], [0.0, 0.0, 0.0, 0.0, 0.9772964271859641, 0.0, 0.0, 0.0, 0.0, 0.0, 0.0, 0.0, 0.0, 0.0, 0.0, 0.0, 0.0, 0.0], [0.0, 0.0, 0.0, 0.0, 0.9763857676254284, 0.0, 0.0, 0.0, 0.0, 0.0, 0.0, 0.0, 0.0, 0.0, 0.0, 0.0, 0.0, 0.0], [0.0, 0.0, 0.0, 0.0, 0.0, 0.9858109405180023, 0.0, 0.0, 0.0, 0.0, 0.0, 0.0, 0.0, 0.0, 0.0, 0.0, 0.0, 0.0], [0.0, 0.0, 0.0, 0.0, 0.0, 0.9880010741995489, 0.0, 0.0, 0.0, 0.0, 0.0, 0.0, 0.0, 0.0, 0.0, 0.0, 0.0, 0.0], [0.0, 0.0, 0.0, 0.0, 0.0, 0.9873145444079156, 0.0, 0.0, 0.0, 0.0, 0.0, 0.0, 0.0, 0.0, 0.0, 0.0, 0.0, 0.0]], "Born radii": [], "Atomic SASAs": [], "Solvent H bonds": [], "Total SASA": NaN, "Total FOD": 0.0, "FOD": [0.0, 0.0, 0.0, 0.0, 0.0, 0.0, 0.0, 0.0, 0.0, 0.0, 0.0, 0.0, 0.0, 0.0, 0.0, 0.0, 0.0, 0.0], "FOD s proportion": [0.0, 0.0, 0.0, 0.0, 0.0, 0.0, 0.0, 0.0, 0.0, 0.0, 0.0, 0.0, 0.0, 0.0, 0.0, 0.0, 0.0, 0.0],