{"total energy": -24.05926429, "HOMO-LUMO gap/eV": 11.97698982, "electronic energy": -24.37030279, "dipole": [0.28522657, 0.33115942, -0.5261543], "partial charges": [-0.10218189, -0.05335689, -0.07389437, 0.14763161, -0.121062, -0.11420615, -0.45150808, 0.03090179, 0.03319453, 0.03228202, 0.04242391, 0.03330949, 0.02670151, 0.03088028, 0.03769851, 0.04687809, 0.03069883, 0.03708023, 0.04936362, 0.05458385, 0.28258112], "atomic dipole moments": [[-0.09193914, -0.01590575, 0.01796678], [0.03959116, 0.06831206, -0.09160436], [-0.03954782, -0.04938734, 0.08222079], [-0.01860411, 0.06739462, 0.12906157], [0.05302026, -0.047187, 0.05628672], [0.04192349, 0.09754716, -0.01453339], [0.07889962, 0.04235274, -0.21245988], [0.02784019, 0.11948849, 0.01123139], [0.06992252, -0.06301234, 0.08036134], [0.03052225, -0.03551502, -0.11413272], [-0.02970114, 0.03562203, 0.1157271], [-0.02185489, -0.12141996, -0.00957725], [0.03812193, 0.11456126, -0.00559487], [0.01344752, -0.04690422, -0.11376322], [0.00717568, -0.05420049, -0.11341082], [-0.12136143, 0.0074813, 0.0349571], [0.04504393, 0.11536298, -0.00999974], [0.02588799, -0.05934184, -0.10660685], [-0.12407491, 0.0064937, 0.01817039], [0.05044605, -0.05993657, 0.10044118], [0.02716388, 0.06996736, -0.0075799]], "atomic quadrupole moments": [[0.21383419, 0.05232286, -0.10571856, -0.05687392, -0.01861201, -0.10811563], [0.20418801, -0.0285015, -0.13174045, 0.05864246, -0.14313501, -0.07244756], [0.18195829, -0.07632006, -0.13522777, 0.02670343, -0.11729005, -0.04673052], [-0.12523875, -0.00804677, -0.05211081, -0.03912072, 0.13113824, 0.17734955], [-0.0299844, -0.09032389, -0.0126609, 0.12276617, -0.12260416, 0.0426453], [-0.07774929, 0.12191376, 0.20558126, -0.00322312, -0.00475271, -0.12783198], [-0.09802201, 0.00916416, -0.0254745, -0.04325752, 0.07625498, 0.12349651], [-0.02972234, 0.0157224, 0.08075225, -0.00563149, 0.01668765, -0.05102991], [-0.00047655, -0.0304192, -0.01207192, 0.0399191, -0.05449379, 0.01254847], [-0.02881083, 0.00114038, -0.03748556, -0.02074786, 0.04173182, 0.06629639], [-0.01340533, -0.01040256, -0.0280832, -0.00868674, 0.03165235, 0.04148853], [-0.01526864, 0.01331471, 0.05053287, 0.01003205, 0.01216949, -0.03526424], [-0.00983735, 0.02075399, 0.05663037, 0.01587508, 4.627e-05, -0.04679301], [-0.02770163, -0.01592223, -0.01334483, -0.0031413, 0.03879645, 0.04104646], [-0.04828186, -0.01285143, -0.01227585, -0.00670931, 0.05143362, 0.06055771], [0.07196006, -0.00600111, -0.04197306, -0.03718168, -0.00918106, -0.02998699], [-0.01505746, 0.04820716, 0.06601293, 0.00824962, -0.00521459, -0.05095547], [-0.0423587, -0.00551361, -0.01206255, -0.03072797, 0.05326083, 0.05442125], [0.08182707, -0.00799464, -0.02942567, -0.01586512, -0.00487143, -0.0524014], [-0.0139567, -0.018888, -0.0100877, 0.0484471, -0.04693085, 0.0240444], [-0.06558358, 0.07249298, 0.11898053, -0.00696409, 0.0135866, -0.05339695]], "number of molecular orbitals": 42, "number of electrons": 44, "number of unpaired electrons": 0, "orbital energies/eV": [-18.47576807, -17.17952604, -16.74428721, -16.2973185, -16.08612785, -15.49861201, -15.1896592, -14.52785842, -14.16814916, -14.01537991, -13.65005146, -13.2637548, -12.83811742, -12.74052797, -12.4970993, -12.42149708, -12.34200819, -12.18509349, -11.89009593, -11.57393679, -11.47702631, -10.86117765, 1.11581217, 1.783362, 2.37974913, 2.68317368, 3.5572077, 3.86816718, 4.22841474, 4.67056086, 4.77694827, 4.9050162, 5.6158137, 5.8122861, 6.09431291, 6.32321398, 6.70378195, 6.84727633, 7.25809838, 7.37407818, 7.85999492, 8.51542923], "fractional occupation": [2.0, 2.0, 2.0, 2.0, 2.0, 2.0, 2.0, 2.0, 2.0, 2.0, 2.0, 2.0, 2.0, 2.0, 2.0, 2.0, 2.0, 2.0, 2.0, 2.0, 2.0, 2.0, 0.0, 0.0, 0.0, 0.0, 0.0, 0.0, 0.0, 0.0, 0.0, 0.0, 0.0, 0.0, 0.0, 0.0, 0.0, 0.0, 0.0, 0.0, 0.0, 0.0], "program call": "xtb /tmp/scratch/tmpx8y5wpf9/16318_0_xyzopt.xyz --pop --wbo --acc 0.2 --gfn 2 --chrg 0 --uhf 0 --etemp 300 --input /tmp/scratch/tmpx8y5wpf9/16318_0_xtb.inp", "method": "GFN2-xTB", "xtb version": "6.3.3 (7355c4f)", "Dipole module/D": 1.739, "Total charge": 0, "Transition dipole module/D": NaN, "HOMO": -10.8612, "LUMO": 1.1158, "HOMO occupancy": 2.0, "LUMO occupancy": 0, "mulliken charges": [-0.08685, -0.03519, -0.07894, 0.25143, -0.11924, -0.0996, -0.5682, 0.02609, 0.02994, 0.0263, 0.03295, 0.02257, 0.02317, 0.0252, 0.03183, 0.0425, 0.02897, 0.02466, 0.04085, 0.04538, 0.33617], "cm5 charges": [-0.23943, -0.14817, -0.18495, 0.23897, -0.26633, -0.24595, -0.7799, 0.07818, 0.08154, 0.07843, 0.09185, 0.07882, 0.08165, 0.08226, 0.08536, 0.09754, 0.08323, 0.07844, 0.09618, 0.10199, 0.51029], "FUKUI+": [0.008, -0.014, -0.004, -0.055, 0.026, 0.031, -0.111, -0.04, -0.068, -0.043, -0.04, -0.046, -0.057, -0.086, -0.081, -0.074, -0.051, -0.083, -0.056, -0.049, -0.107], "FUKUI-": [0.015, 0.001, -0.01, -0.023, 0.001, 0.025, -0.115, -0.07, -0.094, -0.066, -0.058, -0.071, -0.056, -0.065, -0.059, -0.067, -0.051, -0.048, -0.075, -0.059, -0.053], "FUKUIrad": [0.012, -0.007, -0.007, -0.039, 0.014, 0.028, -0.113, -0.055, -0.081, -0.054, -0.049, -0.059, -0.057, -0.076, -0.07, -0.07, -0.051, -0.066, -0.066, -0.054, -0.08], "s proportion": [1.006, 1.024, 1.043, 1.042, 1.021, 1.012, 1.697, 0.974, 0.97, 0.974, 0.967, 0.977, 0.977, 0.975, 0.968, 0.958, 0.971, 0.975, 0.959, 0.955, 0.664], "p proportion": [3.081, 3.011, 3.036, 2.707, 3.098, 3.087, 4.872, 0.0, 0.0, 0.0, 0.0, 0.0, 0.0, 0.0, 0.0, 0.0, 0.0, 0.0, 0.0, 0.0, 0.0], "d proportion": [0.0, 0.0, 0.0, 0.0, 0.0, 0.0, 0.0, 0.0, 0.0, 0.0, 0.0, 0.0, 0.0, 0.0, 0.0, 0.0, 0.0, 0.0, 0.0, 0.0, 0.0], "Fermi-level/eV": -4.8727, "Coordination numbers": [3.752, 3.8, 3.805, 3.773, 3.756, 3.757, 1.656, 0.925, 0.925, 0.925, 0.924, 0.924, 0.924, 0.924, 0.925, 0.925, 0.925, 0.925, 0.925, 0.925, 0.805], "Dispersion coefficient C6": [22.512, 21.533, 21.908, 18.235, 22.874, 22.739, 21.875, 2.574, 2.541, 2.554, 2.417, 2.54, 2.634, 2.574, 2.48, 2.359, 2.577, 2.488, 2.328, 2.263, 0.776], "Total dispersion C6": 2897.633438, "Total dispersion C8": 59958.47344, "Polarizability alpha": [6.766, 6.607, 6.663, 6.085, 6.819, 6.799, 6.314, 2.509, 2.493, 2.499, 2.431, 2.492, 2.538, 2.509, 2.463, 2.402, 2.51, 2.467, 2.386, 2.353, 1.383], "Total polarizability alpha": 79.488106,