{"total energy": -21.10255242, "HOMO-LUMO gap/eV": 5.14031669, "electronic energy": -21.44422049, "dipole": [0.04511496, 0.11635891, 0.02270988], "partial charges": [-0.10831294, 0.00293232, -0.0556291, -0.05283567, -0.05480481, -0.05404792, -0.05928384, 0.03972039, 0.03618346, 0.0395341, 0.0188425, 0.03423388, 0.03112576, 0.03155256, 0.0245584, 0.02498942, 0.0320483, 0.0335187, 0.0356745], "atomic dipole moments": [[-0.05976968, 0.01211782, -0.00237098], [0.114558, 0.12029108, 0.02952347], [-0.13860397, -0.03422519, -0.01484339], [0.03249647, 0.07703816, 0.03834919], [0.07829284, -0.01380791, -0.07568855], [0.03237564, -0.08053514, 0.06871749], [-0.07273178, -0.04652002, -0.03758038], [0.06048003, 0.06306452, -0.09049259], [0.02584499, -0.12218922, -0.01292639], [0.04755457, 0.03995345, 0.10948823], [0.04911075, -0.13409705, -0.02184424], [-0.03934872, -0.00557162, -0.11764104], [-0.05604216, -0.0928168, 0.06027559], [0.01084749, -0.00507569, 0.12276461], [-0.11720345, 0.02390656, -0.02818653], [-0.03837356, 0.10993908, 0.03851432], [-0.00294146, -0.00198379, -0.12341598], [0.07800792, 0.07707351, -0.05897047], [0.00750441, 0.02814409, 0.12118611]], "atomic quadrupole moments": [[0.17737089, -0.03369784, -0.06323354, 0.0143545, 0.00429027, -0.11413735], [-0.1714776, -0.18774317, -0.20026138, -0.06733942, -0.11213724, 0.37173899], [-0.08205342, -0.10261659, -0.34367412, -0.04424401, -0.14956204, 0.42572754], [0.07556173, -0.09762772, 0.08608967, -0.02092896, 0.11596532, -0.1616514], [-0.06415805, 0.06487204, 0.20507354, -0.11083078, 0.02632646, -0.14091549], [0.18545866, 0.09013373, -0.02511737, 0.02431918, -0.1050587, -0.1603413], [0.139604, -0.09810887, 0.04389713, 0.08880883, 0.02911046, -0.18350114], [-0.01777374, 0.02211863, -0.00753365, -0.0398229, -0.05675792, 0.02530739], [-0.02458699, -0.01695606, 0.08113274, -6.626e-05, 0.01529692, -0.05654575], [-0.02667679, 0.00594728, -0.03270226, 0.03528733, 0.04392393, 0.05937905], [0.03255555, 0.00526377, 0.03697924, 0.0018784, 0.01928491, -0.06953479], [-0.02503792, -0.01378168, -0.03073362, 0.02243524, 0.00272412, 0.05577153], [-0.01476523, 0.01928227, 0.02366061, -0.03584258, -0.03339134, -0.00889538], [-0.040209, 0.00702473, -0.01437891, 0.01522083, -0.00500804, 0.05458791], [0.04830612, -0.0151372, -0.01796515, 0.02904106, 0.00016346, -0.03034096], [-0.01256757, -0.02109536, 0.03839042, -0.00750746, 0.03481955, -0.02582285], [-0.01821917, 0.0111496, -0.03844783, -0.00084721, 0.00702166, 0.05666701], [0.01416504, 0.02327907, -0.00043552, -0.02835703, -0.04130942, -0.01372952], [-0.02412938, -0.01354022, -0.03413142, 0.00449666, 0.01407385, 0.0582608]], "number of molecular orbitals": 40, "number of electrons": 40, "number of unpaired electrons": 0, "orbital energies/eV": [-17.12943253, -16.64992711, -16.42144151, -15.90349334, -15.47791306, -15.16632105, -14.33575021, -13.96726648, -13.46666424, -13.33758036, -13.1877088, -12.97918773, -12.58481993, -12.43911794, -12.30322085, -12.12797097, -11.55548112, -11.26585257, -11.0441492, -10.08224686, -4.94193017, 2.29154446, 2.65493279, 3.02313069, 3.27997627, 3.39311658, 3.94264441, 4.16839565, 5.06812703, 5.39372989, 5.43371164, 6.060102, 6.16924157, 6.48664195, 6.79177173, 6.95788129, 7.80260079, 8.47226687, 11.15118496, 17.94741536], "fractional occupation": [2.0, 2.0, 2.0, 2.0, 2.0, 2.0, 2.0, 2.0, 2.0, 2.0, 2.0, 2.0, 2.0, 2.0, 2.0, 2.0, 2.0, 2.0, 2.0, 2.0, 0.0, 0.0, 0.0, 0.0, 0.0, 0.0, 0.0, 0.0, 0.0, 0.0, 0.0, 0.0, 0.0, 0.0, 0.0, 0.0, 0.0, 0.0, 0.0, 0.0], "program call": "xtb /tmp/scratch/tmp5z1vj0n2/16461_0_xyzopt.xyz --pop --wbo --acc 0.2 --gfn 2 --chrg 0 --uhf 0 --etemp 300 --input /tmp/scratch/tmp5z1vj0n2/16461_0_xtb.inp", "method": "GFN2-xTB", "xtb version": "6.3.3 (7355c4f)", "Dipole module/D": 0.322, "Total charge": 0, "Transition dipole module/D": NaN, "HOMO": -10.0822, "LUMO": -4.9419, "HOMO occupancy": 2.0, "LUMO occupancy": 0, "mulliken charges": [-0.08759, -0.00286, -0.07084, -0.03782, -0.04566, -0.04325, -0.04936, 0.0345, 0.03291, 0.0342, 0.02516, 0.02904, 0.02715, 0.02456, 0.0232, 0.02318, 0.02482, 0.02801, 0.03064], "cm5 charges": [-0.23374, -0.02656, -0.13032, -0.14348, -0.15527, -0.1528, -0.15361, 0.08679, 0.08584, 0.0866, 0.08222, 0.08428, 0.08195, 0.08093, 0.07782, 0.07781, 0.08127, 0.08376, 0.08651], "FUKUI+": [0.046, -0.167, -0.143, 0.028, 0.02, 0.02, 0.029, -0.085, -0.057, -0.084, -0.119, -0.082, -0.077, -0.031, -0.057, -0.057, -0.03, -0.074, -0.08], "FUKUI-": [0.03, -0.08, -0.076, 0.013, 0.017, 0.016, 0.018, -0.092, -0.057, -0.088, -0.084, -0.129, -0.103, -0.051, -0.059, -0.057, -0.038, -0.079, -0.102], "FUKUIrad": [0.038, -0.123, -0.109, 0.021, 0.019, 0.018, 0.023, -0.088, -0.057, -0.086, -0.102, -0.105, -0.09, -0.041, -0.058, -0.057, -0.034, -0.077, -0.091], "s proportion": [1.005, 1.085, 1.059, 1.023, 1.025, 1.025, 1.027, 0.966, 0.967, 0.966, 0.975, 0.971, 0.973, 0.975, 0.977, 0.977, 0.975, 0.972, 0.969], "p proportion": [3.082, 2.918, 3.012, 3.015, 3.02, 3.018, 3.023, 0.0, 0.0, 0.0, 0.0, 0.0, 0.0, 0.0, 0.0, 0.0, 0.0, 0.0, 0.0], "d proportion": [0.0, 0.0, 0.0, 0.0, 0.0, 0.0, 0.0, 0.0, 0.0, 0.0, 0.0, 0.0, 0.0, 0.0, 0.0, 0.0, 0.0, 0.0, 0.0], "Fermi-level/eV": -7.5121, "Coordination numbers": [3.758, 2.942, 2.898, 3.808, 3.807, 3.807, 3.812, 0.924, 0.925, 0.925, 0.925, 0.924, 0.924, 0.924, 0.924, 0.924, 0.924, 0.924, 0.924], "Dispersion coefficient C6": [22.621, 27.96, 29.381, 21.516, 21.553, 21.54, 21.631, 2.453, 2.5, 2.455, 2.751, 2.527, 2.571, 2.565, 2.665, 2.659, 2.558, 2.537, 2.507], "Total dispersion C6": 2825.919789, "Total dispersion C8": 62218.279379, "Polarizability alpha": [6.781, 8.672, 8.887, 6.603, 6.609, 6.607, 6.62, 2.449, 2.473, 2.45, 2.594, 2.486, 2.507, 2.504, 2.553, 2.55, 2.501, 2.491, 2.476], "Total polarizability alpha": 80.813667,