{"total energy": -18.94097554, "HOMO-LUMO gap/eV": 5.24405717, "electronic energy": -19.25810901, "dipole": [0.01012807, 0.00066555, 0.01710391], "partial charges": [-0.10239452, -0.04182894, -0.04711415, -0.05822101, -0.04932328, -0.101728, 0.04161633, 0.04131577, 0.03686816, 0.02665734, 0.02672104, 0.03594763, 0.03241154, 0.02926511, 0.03017002, 0.03347922, 0.03336583, 0.03279192], "atomic dipole moments": [[-0.05426332, 0.02269618, -0.01863963], [0.1371755, 0.00576989, 0.05649447], [-0.13565295, -0.00437354, -0.05490706], [-0.01162877, -0.06670577, 0.07096225], [-0.01734856, 0.07449533, -0.08309769], [0.08597077, -0.03040665, 0.03159965], [0.01602194, 0.02561663, 0.12223951], [0.09272167, 0.05872473, -0.06180961], [0.01299224, -0.12398853, -0.01685758], [-0.02750286, 0.14197941, 0.01349132], [0.027542, -0.14211774, -0.01316477], [-0.01596814, -0.0280028, -0.11940524], [-0.00770794, 0.12314736, 0.01172911], [0.01451887, 0.02721341, 0.11956101], [0.00824987, -0.12190811, -0.01143748], [-0.01222191, 0.12232423, 0.01279241], [-0.01732837, -0.0279319, -0.11893647], [-0.08928949, -0.05479194, 0.06584233]], "atomic quadrupole moments": [[0.13346931, -0.07131181, -0.06137854, 0.08612535, -0.02202829, -0.07209077], [-0.05227181, -0.09144421, -0.31576025, -0.24612888, -0.18312219, 0.36803206], [-0.04778558, -0.08808882, -0.31658779, -0.25126256, -0.18726138, 0.36437337], [0.18681535, 0.03252004, -0.10165316, -0.03969347, -0.11429691, -0.08516219], [0.22020077, 0.01251763, -0.12587336, -0.03519343, -0.12757501, -0.09432741], [0.17204118, -0.09265872, -0.08859244, 0.09412551, -0.04053969, -0.08344874], [-0.04206642, -0.0060231, -0.03816892, 0.00907904, 0.03103465, 0.08023534], [0.02098406, 0.04063717, -0.00935879, -0.04746452, -0.0405873, -0.01162527], [-0.03194188, -0.0068251, 0.08124832, 0.00918581, 0.02200996, -0.04930644], [0.01754265, -0.00199705, 0.03369603, 0.03587682, 0.01767855, -0.05123868], [0.01504882, -0.00261864, 0.03423561, 0.03594288, 0.01761757, -0.04928442], [-0.02714079, 0.00729065, -0.02612062, 0.00657664, 0.02766314, 0.05326141], [-0.01883325, -0.00455762, 0.05749998, -0.00354001, 0.01681782, -0.03866673], [-0.01657226, 0.0042163, -0.0307646, 0.00517939, 0.02815879, 0.04733685], [-0.01802497, -0.00372502, 0.05466326, -0.00402888, 0.01781312, -0.03663829], [-0.0346244, -0.0038715, 0.08167553, 0.01002524, 0.01863545, -0.04705113], [-0.03514624, -0.00853819, -0.03942563, 0.00998573, 0.0348347, 0.07457187], [0.02164581, 0.03648199, -0.01804618, -0.04452293, -0.04410524, -0.00359963]], "number of molecular orbitals": 36, "number of electrons": 36, "number of unpaired electrons": 0, "orbital energies/eV": [-16.88628328, -16.6636503, -16.21273897, -15.62848892, -15.08513313, -14.67063057, -13.88737893, -13.66938279, -13.21715065, -13.07105575, -12.95471081, -12.67807863, -12.29262614, -11.93252716, -11.79421774, -11.49111737, -11.46924238, -10.38905667, -5.1449995, 2.25758322, 3.1728474, 3.57929452, 3.92329732, 4.14832686, 4.67791093, 4.80691493, 5.02183529, 5.51247119, 6.10807982, 6.26366196, 6.42343283, 6.81598321, 7.15853869, 8.15211547, 11.31238016, 17.70186887], "fractional occupation": [2.0, 2.0, 2.0, 2.0, 2.0, 2.0, 2.0, 2.0, 2.0, 2.0, 2.0, 2.0, 2.0, 2.0, 2.0, 2.0, 2.0, 2.0, 0.0, 0.0, 0.0, 0.0, 0.0, 0.0, 0.0, 0.0, 0.0, 0.0, 0.0, 0.0, 0.0, 0.0, 0.0, 0.0, 0.0, 0.0], "program call": "xtb /tmp/scratch/tmppzlv5ztm/16535_0_xyzopt.xyz --pop --wbo --acc 0.2 --gfn 2 --chrg 0 --uhf 0 --etemp 300 --input /tmp/scratch/tmppzlv5ztm/16535_0_xtb.inp", "method": "GFN2-xTB", "xtb version": "6.3.3 (7355c4f)", "Dipole module/D": 0.051, "Total charge": 0, "Transition dipole module/D": NaN, "HOMO": -10.3891, "LUMO": -5.145, "HOMO occupancy": 2.0, "LUMO occupancy": 0, "mulliken charges": [-0.08012, -0.038, -0.04808, -0.0415, -0.03634, -0.08628, 0.03499, 0.03483, 0.03063, 0.02233, 0.0227, 0.02881, 0.02485, 0.0231, 0.023, 0.02784, 0.02753, 0.0297], "cm5 charges": [-0.22781, -0.10302, -0.11136, -0.1488, -0.14906, -0.23884, 0.08666, 0.08651, 0.08336, 0.07906, 0.08002, 0.08429, 0.08132, 0.07848, 0.07827, 0.08, 0.07966, 0.08126], "FUKUI+": [0.049, -0.151, -0.146, 0.025, 0.0, 0.016, -0.093, -0.093, -0.065, -0.133, -0.132, -0.082, -0.055, -0.022, -0.03, -0.023, -0.025, -0.039], "FUKUI-": [0.024, -0.069, -0.06, 0.005, -0.002, 0.019, -0.106, -0.105, -0.06, -0.075, -0.075, -0.107, -0.061, -0.076, -0.058, -0.051, -0.066, -0.08], "FUKUIrad": [0.037, -0.11, -0.103, 0.015, -0.001, 0.018, -0.099, -0.099, -0.062, -0.104, -0.103, -0.095, -0.058, -0.049, -0.044, -0.037, -0.045, -0.06], "s proportion": [1.002, 1.06, 1.063, 1.026, 1.027, 1.005, 0.965, 0.965, 0.969, 0.978, 0.977, 0.971, 0.975, 0.977, 0.977, 0.972, 0.972, 0.97], "p proportion": [3.079, 2.978, 2.985, 3.015, 3.01, 3.081, 0.0, 0.0, 0.0, 0.0, 0.0, 0.0, 0.0, 0.0, 0.0, 0.0, 0.0, 0.0], "d proportion": [0.0, 0.0, 0.0, 0.0, 0.0, 0.0, 0.0, 0.0, 0.0, 0.0, 0.0, 0.0, 0.0, 0.0, 0.0, 0.0, 0.0, 0.0], "Fermi-level/eV": -7.767, "Coordination numbers": [3.755, 2.887, 2.891, 3.806, 3.802, 3.752, 0.925, 0.925, 0.925, 0.925, 0.925, 0.924, 0.924, 0.924, 0.924, 0.925, 0.925, 0.925], "Dispersion coefficient C6": [22.511, 29.037, 29.168, 21.616, 21.457, 22.503, 2.427, 2.431, 2.491, 2.634, 2.633, 2.504, 2.552, 2.597, 2.584, 2.538, 2.539, 2.547], "Total dispersion C6": 2362.706264, "Total dispersion C8": 50671.919608, "Polarizability alpha": [6.765, 8.834, 8.855, 6.619, 6.595, 6.765, 2.436, 2.438, 2.468, 2.538, 2.538, 2.474, 2.498, 2.52, 2.514, 2.491, 2.492, 2.496], "Total polarizability alpha": 74.337074, "Wiberg matrix": [[0.0, 1.0374439743659212, 0.0, 0.0, 0.0, 0.0, 0.9717960959470424, 0.9719849611947069, 0.9859181809475787, 0.0, 0.0, 0.0, 0.0, 0.0, 0.0, 0.0, 0.0, 0.0], [1.0374439743659212, 0.0, 1.928327787888502, 0.0, 0.0, 0.0, 0.0, 0.0, 0.0, 0.9654825657035275, 0.0, 0.0, 0.0, 0.0, 0.0, 0.0, 0.0, 0.0], [0.0, 1.928327787888502, 0.0, 1.025049862876785, 0.0, 0.0, 0.0, 0.0, 0.0, 0.0, 0.9647943594471184, 0.0, 0.0, 0.0, 0.0, 0.0, 0.0, 0.0], [0.0, 0.0, 1.025049862876785, 0.0, 0.9922100228837, 0.0, 0.0, 0.0, 0.0, 0.0, 0.0, 0.9639166218282682, 0.9758635017983293, 0.0, 0.0, 0.0, 0.0, 0.0], [0.0, 0.0, 0.0, 0.9922100228837, 0.0, 1.018806571379504, 0.0, 0.0, 0.0, 0.0, 0.0, 0.0, 0.0, 0.9796347890031374, 0.9789005773971772, 0.0, 0.0, 0.0], [0.0, 0.0, 0.0, 0.0, 1.018806571379504, 0.0, 0.0, 0.0, 0.0, 0.0, 0.0, 0.0, 0.0, 0.0, 0.0, 0.9879446290295548, 0.9878542946293566, 0.9870559544916986], [0.9717960959470424, 0.0, 0.0, 0.0, 0.0, 0.0, 0.0, 0.0, 0.0, 0.0, 0.0, 0.0, 0.0, 0.0, 0.0, 0.0, 0.0, 0.0], [0.9719849611947069, 0.0, 0.0, 0.0, 0.0, 0.0, 0.0, 0.0, 0.0, 0.0, 0.0, 0.0, 0.0, 0.0, 0.0, 0.0, 0.0, 0.0], [0.9859181809475787, 0.0, 0.0, 0.0, 0.0, 0.0, 0.0, 0.0, 0.0, 0.0, 0.0, 0.0, 0.0, 0.0, 0.0, 0.0, 0.0, 0.0], [0.0, 0.9654825657035275, 0.0, 0.0, 0.0, 0.0, 0.0, 0.0, 0.0, 0.0, 0.0, 0.0, 0.0, 0.0, 0.0, 0.0, 0.0, 0.0], [0.0, 0.0, 0.9647943594471184, 0.0, 0.0, 0.0, 0.0, 0.0, 0.0, 0.0, 0.0, 0.0, 0.0, 0.0, 0.0, 0.0, 0.0, 0.0], [0.0, 0.0, 0.0, 0.9639166218282682, 0.0, 0.0, 0.0, 0.0, 0.0, 0.0, 0.0, 0.0, 0.0, 0.0, 0.0, 0.0, 0.0, 0.0], [0.0, 0.0, 0.0, 0.9758635017983293, 0.0, 0.0, 0.0, 0.0, 0.0, 0.0, 0.0, 0.0, 0.0, 0.0, 0.0, 0.0, 0.0, 0.0], [0.0, 0.0, 0.0, 0.0, 0.9796347890031374, 0.0, 0.0, 0.0, 0.0, 0.0, 0.0, 0.0, 0.0, 0.0, 0.0, 0.0, 0.0, 0.0], [0.0, 0.0, 0.0, 0.0, 0.9789005773971772, 0.0, 0.0, 0.0, 0.0, 0.0, 0.0, 0.0, 0.0, 0.0, 0.0, 0.0, 0.0, 0.0], [0.0, 0.0, 0.0, 0.0, 0.0, 0.9879446290295548, 0.0, 0.0, 0.0, 0.0, 0.0, 0.0, 0.0, 0.0, 0.0, 0.0, 0.0, 0.0], [0.0, 0.0, 0.0, 0.0, 0.0, 0.9878542946293566, 0.0, 0.0, 0.0, 0.0, 0.0, 0.0, 0.0, 0.0, 0.0, 0.0, 0.0, 0.0], [0.0, 0.0, 0.0, 0.0, 0.0, 0.9870559544916986, 0.0, 0.0, 0.0, 0.0, 0.0, 0.0, 0.0, 0.0, 0.0, 0.0, 0.0, 0.0]], "Born radii": [], "Atomic SASAs": [], "Solvent H bonds": [], "Total SASA": NaN, "Total FOD": 0.0, "FOD": [0.0, 0.0, 0.0, 0.0, 0.0, 0.0, 0.0, 0.0, 0.0, 0.0, 0.0, 0.0, 0.0, 0.0, 0.0, 0.0, 0.0, 0.0], "FOD s proportion": [0.0, 0.0, 0.0, 0.0, 0.0, 0.0, 0.0, 0.0, 0.0, 0.0, 0.0, 0.0, 0.0, 0.0, 0.0, 0.0, 0.0, 0.0],