{"total energy": -22.10497362, "HOMO-LUMO gap/eV": 5.22556754, "electronic energy": -22.46864395, "dipole": [-0.01191933, -0.00244674, -0.02401775], "partial charges": [-0.09820684, -0.05211259, -0.04548212, -0.04588666, -0.05814032, -0.04909359, -0.10179807, 0.03274607, 0.0340844, 0.03508104, 0.03157164, 0.03480971, 0.02800419, 0.02628038, 0.03597957, 0.03278946, 0.03019644, 0.0293918, 0.03283582, 0.03336818, 0.03358149], "atomic dipole moments": [[-0.03949935, 0.01545614, 0.08815241], [-0.01937621, -0.03702763, -0.08809047], [0.14641905, -0.0042931, -0.00817419], [-0.14689011, 0.00663604, 0.00866291], [0.01371449, 0.06961613, -0.06767434], [-0.04490934, -0.07636875, 0.07023965], [0.09192445, 0.02895158, -0.00045819], [0.11870473, 0.03597947, 0.00235166], [-0.06043716, 0.06551565, -0.08733211], [-0.00374472, -0.11980536, -0.03191104], [0.00538359, 0.12034139, 0.03021927], [0.06482805, -0.06376318, 0.08401077], [-0.02249617, -0.14065463, -0.02886905], [0.02256906, 0.14087581, 0.02796965], [-0.05478524, 0.02404926, 0.10830088], [-0.00439808, -0.12247146, -0.0188111], [0.00604199, 0.12128285, 0.0179069], [0.05268532, -0.02424933, -0.10899605], [-0.06167855, 0.05883415, -0.08973515], [-0.05507332, 0.02533706, 0.10749881], [-0.00922836, -0.12162437, -0.02010128]], "atomic quadrupole moments": [[-0.05141354, -0.01611474, -0.1172842, -0.1406114, 0.04804327, 0.16869774], [0.10153531, 0.05257125, -0.16427913, -0.11587213, 0.05576262, 0.06274383], [-0.16078643, 0.14548369, -0.31051369, 0.05937314, -0.17507995, 0.47130012], [-0.1607636, 0.14212216, -0.30536344, 0.07130658, -0.1827099, 0.46612704], [0.13230333, 0.00084211, -0.0924495, 0.11533437, -0.12224883, -0.03985383], [0.16479883, 0.02101914, -0.1175071, 0.12447864, -0.12957248, -0.04729173], [0.20618814, 0.09594493, -0.09152594, 0.00919781, -0.00698214, -0.1146622], [0.07011944, 0.04054402, -0.04074918, 0.0080083, 0.00898737, -0.02937026], [-0.00909441, -0.04472958, -0.00853719, 0.03566768, -0.04214679, 0.0176316], [-0.05095924, 0.01040448, 0.07996181, -0.00722874, 0.02129531, -0.02900257], [-0.02413824, 0.00373008, 0.05667967, -0.01186024, 0.0166369, -0.03254143], [-0.00571618, -0.02991087, -0.00495587, 0.02374745, -0.03713108, 0.01067206], [0.03119505, -0.00337612, 0.03280793, -0.00417376, 0.02105453, -0.06400298], [0.03102173, -0.00301321, 0.03222114, -0.00761996, 0.02170757, -0.06324288], [-0.01419339, -0.01471105, -0.02775131, -0.03088411, 0.02115069, 0.0419447], [-0.02357272, -0.00106088, 0.05592687, 0.00904735, 0.02091756, -0.03235415], [-0.02242147, -0.00149294, 0.05333603, 0.0091271, 0.02097322, -0.03091455], [-0.00699683, -0.01291352, -0.03188229, -0.02412791, 0.02296823, 0.03887913], [-0.00952254, -0.02142323, -0.01376951, 0.04109285, -0.0556944, 0.02329205], [-0.01695464, -0.00236169, -0.04163822, -0.04152195, 0.03308421, 0.05859286], [-0.02980025, -0.00053584, 0.0803023, -0.00357678, 0.0233555, -0.05050205]], "number of molecular orbitals": 42, "number of electrons": 42, "number of unpaired electrons": 0, "orbital energies/eV": [-16.90505019, -16.76024845, -16.42620239, -15.92030182, -15.34241046, -15.05403944, -14.70296589, -13.92299806, -13.78651751, -13.40687386, -13.30788774, -13.08271959, -12.64165868, -12.57218898, -12.25044006, -12.04992876, -11.8986503, -11.61983896, -11.47559611, -11.3561887, -10.41141109, -5.18584355, 2.15965387, 3.0936553, 3.53133563, 3.66980709, 3.91287095, 4.03194464, 4.51812199, 4.61420485, 4.84924527, 4.9868428, 5.43814107, 5.75821448, 6.29326208, 6.56887442, 7.03692588, 7.19890571, 7.62482077, 8.18702028, 11.359089, 17.69615486], "fractional occupation": [2.0, 2.0, 2.0, 2.0, 2.0, 2.0, 2.0, 2.0, 2.0, 2.0, 2.0, 2.0, 2.0, 2.0, 2.0, 2.0, 2.0, 2.0, 2.0, 2.0, 2.0, 0.0, 0.0, 0.0, 0.0, 0.0, 0.0, 0.0, 0.0, 0.0, 0.0, 0.0, 0.0, 0.0, 0.0, 0.0, 0.0, 0.0, 0.0, 0.0, 0.0, 0.0], "program call": "xtb /tmp/scratch/tmpw89thf8h/16605_0_xyzopt.xyz --pop --wbo --acc 0.2 --gfn 2 --chrg 0 --uhf 0 --etemp 300 --input /tmp/scratch/tmpw89thf8h/16605_0_xtb.inp", "method": "GFN2-xTB", "xtb version": "6.3.3 (7355c4f)", "Dipole module/D": 0.068, "Total charge": 0, "Transition dipole module/D": NaN, "HOMO": -10.4114, "LUMO": -5.1858, "HOMO occupancy": 2.0, "LUMO occupancy": 0, "mulliken charges": [-0.08222, -0.03404, -0.04563, -0.04452, -0.04182, -0.03619, -0.08629, 0.02875, 0.02858, 0.02859, 0.02468, 0.0286, 0.02296, 0.02267, 0.029, 0.02516, 0.02309, 0.02325, 0.02981, 0.0276, 0.02795], "cm5 charges": [-0.23396, -0.14299, -0.10887, -0.10772, -0.14915, -0.14892, -0.23886, 0.0803, 0.08092, 0.08082, 0.08041, 0.08334, 0.08032, 0.08001, 0.08451, 0.08162, 0.07838, 0.07863, 0.08137, 0.07973, 0.08011], "FUKUI+": [0.018, 0.023, -0.146, -0.145, 0.024, 0.0, 0.016, -0.06, -0.029, -0.036, -0.055, -0.081, -0.129, -0.129, -0.08, -0.054, -0.029, -0.022, -0.038, -0.025, -0.023], "FUKUI-": [0.011, 0.006, -0.06, -0.056, 0.005, -0.002, 0.018, -0.06, -0.052, -0.049, -0.059, -0.107, -0.07, -0.07, -0.099, -0.056, -0.053, -0.068, -0.074, -0.06, -0.047], "FUKUIrad": [0.015, 0.014, -0.103, -0.1, 0.015, -0.001, 0.017, -0.06, -0.04, -0.042, -0.057, -0.094, -0.1, -0.099, -0.09, -0.055, -0.041, -0.045, -0.056, -0.042, -0.035], "s proportion": [1.005, 1.022, 1.064, 1.064, 1.026, 1.027, 1.005, 0.971, 0.971, 0.971, 0.975, 0.971, 0.977, 0.977, 0.971, 0.975, 0.977, 0.977, 0.97, 0.972, 0.972], "p proportion": [3.077, 3.012, 2.981, 2.981, 3.016, 3.01, 3.081, 0.0, 0.0, 0.0, 0.0, 0.0, 0.0, 0.0, 0.0, 0.0, 0.0, 0.0, 0.0, 0.0, 0.0], "d proportion": [0.0, 0.0, 0.0, 0.0, 0.0, 0.0, 0.0, 0.0, 0.0, 0.0, 0.0, 0.0, 0.0, 0.0, 0.0, 0.0, 0.0, 0.0, 0.0, 0.0, 0.0], "Fermi-level/eV": -7.7986, "Coordination numbers": [3.753, 3.804, 2.891, 2.891, 3.806, 3.802, 3.752, 0.925, 0.925, 0.925, 0.924, 0.924, 0.925, 0.925, 0.924, 0.924, 0.924, 0.924, 0.925, 0.925, 0.925], "Dispersion coefficient C6": [22.433, 21.506, 29.128, 29.138, 21.615, 21.453, 22.505, 2.548, 2.529, 2.515, 2.564, 2.519, 2.615, 2.64, 2.503, 2.547, 2.584, 2.595, 2.546, 2.539, 2.536], "Total dispersion C6": 3190.742135, "Total dispersion C8": 68275.929139, "Polarizability alpha": [6.754, 6.602, 8.849, 8.85, 6.618, 6.594, 6.765, 2.496, 2.487, 2.48, 2.504, 2.482, 2.529, 2.541, 2.474, 2.496, 2.514, 2.519, 2.495, 2.492, 2.49], "Total polarizability alpha": 86.032164,