{"total energy": -16.87969169, "HOMO-LUMO gap/eV": 3.44032995, "electronic energy": -17.18373517, "dipole": [-0.21892909, 0.0177879, 0.00471983], "partial charges": [-0.03719378, -0.03424092, -0.05235765, -0.05234119, -0.03424332, -0.03719497, 0.02545432, 0.02477423, 0.03885934, 0.03470513, 0.03883704, 0.03468679, 0.02478307, 0.02547192], "atomic dipole moments": [[0.0431038, -0.07248567, 0.03627332], [-0.13676548, -0.00358309, -0.00701288], [0.05742436, -0.03967786, 0.06494088], [0.06026492, 0.03011871, -0.06742375], [-0.13397286, 0.02551175, 0.01265804], [0.05264538, 0.06468545, -0.03833436], [0.13353287, 0.06162588, -0.01585097], [0.01155459, 0.13614992, -0.05824203], [-0.02544624, -0.06091476, -0.10598624], [-0.08837529, 0.08794899, 0.01490824], [-0.01080208, 0.06390283, 0.10676591], [-0.10198856, -0.07252365, -0.01086538], [-0.00809752, -0.13639623, 0.05822189], [0.12241285, -0.08232253, 0.01054213]], "atomic quadrupole moments": [[-0.34774533, 0.03310767, -0.05942731, -0.08600555, 0.22372192, 0.40717264], [-0.18681045, 0.11765248, -0.18355588, -0.10377342, 0.30642067, 0.37036633], [0.03714848, 0.09770007, -0.01051191, -0.01182319, -0.17963268, -0.02663657], [0.00324874, -0.10762452, 0.02304249, -0.01884983, -0.1747176, -0.02629122], [-0.21047231, -0.09953533, -0.14804643, 0.17585094, 0.28842417, 0.35851874], [-0.33942756, 0.02252646, -0.05766507, 0.1521369, 0.20473488, 0.39709262], [0.03773771, -0.00265479, 0.0212205, 0.00843381, -0.03305691, -0.05895821], [0.04018636, -0.0067661, 0.01521372, 0.00751444, -0.03786881, -0.05540008], [-0.02960243, 0.02046827, -0.01087971, 0.00054314, 0.03880156, 0.04048214], [0.00654586, -0.04380774, 0.01574416, -0.02641719, -0.00223451, -0.02229002], [-0.03497922, -0.01482412, -0.00512947, 0.00884869, 0.03882884, 0.04010869], [0.02279346, 0.04255628, 0.00160714, 0.02394702, -0.0081766, -0.0244006], [0.04037001, 0.00097989, 0.01398947, -0.01754087, -0.03599718, -0.05435948], [0.03683835, -0.00139842, 0.02104665, -0.01768785, -0.03095474, -0.057885]], "number of molecular orbitals": 32, "number of electrons": 32, "number of unpaired electrons": 0, "orbital energies/eV": [-17.24064958, -16.53548771, -16.51824233, -15.57371265, -15.25619855, -14.28464313, -14.09640902, -13.41985782, -13.13771997, -12.85645723, -12.66876429, -12.41915448, -11.73942206, -11.4521551, -11.20062447, -9.90782498, -6.46749503, -3.70542357, 2.75765343, 2.83980182, 3.40210492, 3.41137031, 3.95886288, 4.61297448, 5.09813037, 6.56013946, 7.19733932, 7.39236658, 9.22208713, 13.40728713, 14.60516053, 18.75374119], "fractional occupation": [2.0, 2.0, 2.0, 2.0, 2.0, 2.0, 2.0, 2.0, 2.0, 2.0, 2.0, 2.0, 2.0, 2.0, 2.0, 2.0, 0.0, 0.0, 0.0, 0.0, 0.0, 0.0, 0.0, 0.0, 0.0, 0.0, 0.0, 0.0, 0.0, 0.0, 0.0, 0.0], "program call": "xtb /tmp/scratch/tmpwxaavdc9/16666_0_xyzopt.xyz --pop --wbo --acc 0.2 --gfn 2 --chrg 0 --uhf 0 --etemp 300 --input /tmp/scratch/tmpwxaavdc9/16666_0_xtb.inp", "method": "GFN2-xTB", "xtb version": "6.3.3 (7355c4f)", "Dipole module/D": 0.558, "Total charge": 0, "Transition dipole module/D": NaN, "HOMO": -9.9078, "LUMO": -6.4675, "HOMO occupancy": 2.0, "LUMO occupancy": 0, "mulliken charges": [-0.04093, -0.03579, -0.04038, -0.04036, -0.0358, -0.04093, 0.02759, 0.02783, 0.03395, 0.02773, 0.03394, 0.02772, 0.02784, 0.0276], "cm5 charges": [-0.09809, -0.09685, -0.14493, -0.14489, -0.09686, -0.0981, 0.08399, 0.08391, 0.08931, 0.08267, 0.08928, 0.08264, 0.08392, 0.08401], "FUKUI+": [-0.058, -0.104, 0.025, 0.025, -0.104, -0.058, -0.103, -0.109, -0.072, -0.078, -0.072, -0.078, -0.109, -0.103], "FUKUI-": [-0.053, -0.068, 0.016, 0.016, -0.068, -0.053, -0.091, -0.093, -0.123, -0.088, -0.123, -0.088, -0.093, -0.091], "FUKUIrad": [-0.056, -0.086, 0.021, 0.021, -0.086, -0.056, -0.097, -0.101, -0.098, -0.083, -0.098, -0.083, -0.101, -0.097], "s proportion": [1.054, 1.066, 1.023, 1.023, 1.066, 1.054, 0.972, 0.972, 0.966, 0.972, 0.966, 0.972, 0.972, 0.972], "p proportion": [2.987, 2.969, 3.018, 3.018, 2.969, 2.987, 0.0, 0.0, 0.0, 0.0, 0.0, 0.0, 0.0, 0.0], "d proportion": [0.0, 0.0, 0.0, 0.0, 0.0, 0.0, 0.0, 0.0, 0.0, 0.0, 0.0, 0.0, 0.0, 0.0], "Fermi-level/eV": -8.1877, "Coordination numbers": [2.906, 2.9, 3.81, 3.81, 2.9, 2.906, 0.926, 0.926, 0.924, 0.924, 0.924, 0.924, 0.926, 0.926], "Dispersion coefficient C6": [28.924, 28.852, 21.506, 21.505, 28.852, 28.925, 2.652, 2.662, 2.464, 2.521, 2.465, 2.521, 2.662, 2.652], "Total dispersion C6": 1897.319164, "Total dispersion C8": 44047.517855, "Polarizability alpha": [8.819, 8.807, 6.601, 6.601, 8.807, 8.819, 2.547, 2.551, 2.455, 2.483, 2.455, 2.483, 2.551, 2.546], "Total polarizability alpha": 68.524635, "Wiberg matrix": [[0.0, 1.8488401254290254, 0.0, 0.0, 0.0, 1.1068412414944329, 0.9685070646575928, 0.0, 0.0, 0.0, 0.0, 0.0, 0.0, 0.0], [1.8488401254290254, 0.0, 1.0227846718930722, 0.0, 0.11838440339830368, 0.0, 0.0, 0.9700936353800179, 0.0, 0.0, 0.0, 0.0, 0.0, 0.0], [0.0, 1.0227846718930722, 0.0, 1.0042332335686277, 0.0, 0.0, 0.0, 0.0, 0.9564619930218534, 0.9729402355217939, 0.0, 0.0, 0.0, 0.0], [0.0, 0.0, 1.0042332335686277, 0.0, 1.022784917427761, 0.0, 0.0, 0.0, 0.0, 0.0, 0.9564573485494782, 0.9729431289752286, 0.0, 0.0], [0.0, 0.11838440339830368, 0.0, 1.022784917427761, 0.0, 1.848839478115015, 0.0, 0.0, 0.0, 0.0, 0.0, 0.0, 0.9700965680385929, 0.0], [1.1068412414944329, 0.0, 0.0, 0.0, 1.848839478115015, 0.0, 0.0, 0.0, 0.0, 0.0, 0.0, 0.0, 0.0, 0.9685109182166375], [0.9685070646575928, 0.0, 0.0, 0.0, 0.0, 0.0, 0.0, 0.0, 0.0, 0.0, 0.0, 0.0, 0.0, 0.0], [0.0, 0.9700936353800179, 0.0, 0.0, 0.0, 0.0, 0.0, 0.0, 0.0, 0.0, 0.0, 0.0, 0.0, 0.0], [0.0, 0.0, 0.9564619930218534, 0.0, 0.0, 0.0, 0.0, 0.0, 0.0, 0.0, 0.0, 0.0, 0.0, 0.0], [0.0, 0.0, 0.9729402355217939, 0.0, 0.0, 0.0, 0.0, 0.0, 0.0, 0.0, 0.0, 0.0, 0.0, 0.0], [0.0, 0.0, 0.0, 0.9564573485494782, 0.0, 0.0, 0.0, 0.0, 0.0, 0.0, 0.0, 0.0, 0.0, 0.0], [0.0, 0.0, 0.0, 0.9729431289752286, 0.0, 0.0, 0.0, 0.0, 0.0, 0.0, 0.0, 0.0, 0.0, 0.0], [0.0, 0.0, 0.0, 0.0, 0.9700965680385929, 0.0, 0.0, 0.0, 0.0, 0.0, 0.0, 0.0, 0.0, 0.0], [0.0, 0.0, 0.0, 0.0, 0.0, 0.9685109182166375, 0.0, 0.0, 0.0, 0.0, 0.0, 0.0, 0.0, 0.0]], "Born radii": [], "Atomic SASAs": [], "Solvent H bonds": [], "Total SASA": NaN, "Total FOD": 0.0, "FOD": [0.0, 0.0, 0.0, 0.0, 0.0, 0.0, 0.0, 0.0, 0.0, 0.0, 0.0, 0.0, 0.0, 0.0], "FOD s proportion": [0.0, 0.0, 0.0, 0.0, 0.0, 0.0, 0.0, 0.0, 0.0, 0.0, 0.0, 0.0, 0.0, 0.0], "FOD p proportion": [0.0, 0.0, 0.0, 0.0, 0.0, 0.0, 0.0, 0.0, 0.0, 0.0, 0.0, 0.0, 0.0, 0.0], "FOD d proportion": [0.0, 0.0, 0.0, 0.0, 0.0, 0.0, 0.0, 0.0, 0.0, 0.0, 0.0, 0.0, 0.0, 0.0], "coordinates": [["1.42074167092280", "0.56209337722470", "-0.29565488130704"], ["0.32463834105691", "1.22726274783916", "-0.65288378912059"], ["-1.02884306227846", "0.58651574747878", "-0.55467590071640"], ["-1.08576254562242", "-0.41503823128193", "0.59921713389113"], ["0.14971514922693", "-1.26587051591957", "0.64266767563749"], ["1.32273217648294", "-0.78472887979425", "0.23764230128806"], ["2.40387827321533", "0.99714805607649", "-0.39948150630007"], ["0.37724011554883", "2.21799717381378", "-1.08006818348022"], ["-1.23001335423246", "0.06968155656982", "-1.50170464423299"], ["-1.80295894050413", "1.34527084568457", "-0.42910957308482"], ["-1.16094507438257", "0.12438541444246", "1.55214335654871"], ["-1.97676571969269", "-1.03868163080433", "0.50896464494395"], ["0.05989720691439", "-2.25344067496832", "1.07086596982979"], ["2.22644676334462", "-1.37259498636131", "0.30207839610298"]],