{"total energy": -18.94031644, "HOMO-LUMO gap/eV": 5.25095154, "electronic energy": -19.25734861, "dipole": [-0.00124252, 0.02144306, 0.01122671], "partial charges": [-0.0980362, -0.05195492, -0.04538551, -0.04538567, -0.05195501, -0.09803621, 0.03262052, 0.03412593, 0.03493613, 0.03160717, 0.03455962, 0.02752751, 0.02752748, 0.03160711, 0.03455951, 0.03262053, 0.0349361, 0.0341259], "atomic dipole moments": [[0.05001306, -0.08365653, -0.00993503], [0.00725849, 0.09658635, -0.01188728], [-0.14728424, -0.00881598, -0.00098515], [0.14734692, 0.00773302, 0.00041868], [-0.01552208, 0.04428506, 0.08556193], [-0.04157973, -0.06010081, -0.06524879], [-0.11586198, -0.02646359, 0.03551803], [0.05284782, 0.07317242, 0.08610816], [-0.00556603, 0.0634158, -0.1064837], [0.00370674, -0.06197208, 0.1074813], [-0.05770172, -0.07106, -0.08343857], [0.01283329, 0.06819758, -0.12775545], [-0.01289116, -0.06721096, 0.12827145], [-0.00315739, 0.05260938, -0.11237776], [0.06792922, -0.10327998, -0.00773988], [0.11596235, 0.02475425, -0.03641195], [0.00482614, -0.05080403, 0.11307948], [-0.06342339, 0.10710888, 0.00817718]], "atomic quadrupole moments": [[-0.01466828, -0.16214239, 0.13510885, -0.02808212, 0.03296033, -0.12044058], [0.12277071, -0.09099834, 0.05166289, -0.08669716, 0.00303344, -0.17443361], [-0.18179407, 0.03953411, 0.33915386, -0.16606765, 0.33516682, -0.15735979], [-0.18302931, 0.05022705, 0.33340234, -0.16095545, 0.34034182, -0.15037303], [0.09659157, 0.13581484, -0.07410546, 0.02147315, 0.11541237, -0.02248611], [-0.04567535, 0.10569299, 0.01405359, 0.10160828, 0.14668243, 0.03162176], [0.06313651, 0.02973382, -0.01945087, -0.03738433, -0.00956723, -0.04368564], [-0.01315433, 0.02184243, -0.00108304, 0.04758439, 0.04859369, 0.01423737], [-0.04948878, -0.00958043, -0.01146667, -0.00476537, -0.04761175, 0.06095545], [-0.02151189, -0.01143272, -0.01992257, -0.00140937, -0.03797747, 0.04143446], [-0.0085505, 0.01523606, -0.00631845, 0.03087107, 0.03954848, 0.01486896], [0.03134972, 0.00401451, -0.04598969, 0.00743553, -0.04255188, 0.01463997], [0.03172703, 0.0007892, -0.04566518, 0.00579306, -0.04313802, 0.01393815], [-0.02391274, 0.00881512, -0.01259463, 0.00956901, -0.04077199, 0.03650737], [-0.00239355, -0.03855625, 0.03833239, 0.00627267, 0.00264986, -0.03593883], [0.06396906, 0.02327886, -0.04135545, -0.04227802, 0.00485042, -0.0226136], [-0.05153967, 0.00772936, -0.00564655, 0.00458826, -0.04969343, 0.05718623], [-0.00402001, -0.05735885, 0.04473531, 0.00994761, 0.00803797, -0.0407153]], "number of molecular orbitals": 36, "number of electrons": 36, "number of unpaired electrons": 0, "orbital energies/eV": [-16.87990092, -16.67545956, -16.23131521, -15.57490276, -15.12048785, -14.70634093, -13.7755523, -13.73664899, -13.42980945, -13.11470302, -12.73778313, -12.60806358, -12.26041724, -12.15569868, -11.70189542, -11.56765483, -11.36365737, -10.43344395, -5.18249241, 2.42869757, 3.18253035, 3.69840262, 3.88681162, 4.35441374, 4.63407704, 4.75367768, 5.01709917, 5.14587308, 5.55972818, 5.74908109, 6.93878091, 7.09657629, 7.48454019, 7.82895102, 11.3601822, 17.71450364], "fractional occupation": [2.0, 2.0, 2.0, 2.0, 2.0, 2.0, 2.0, 2.0, 2.0, 2.0, 2.0, 2.0, 2.0, 2.0, 2.0, 2.0, 2.0, 2.0, 0.0, 0.0, 0.0, 0.0, 0.0, 0.0, 0.0, 0.0, 0.0, 0.0, 0.0, 0.0, 0.0, 0.0, 0.0, 0.0, 0.0, 0.0], "program call": "xtb /tmp/scratch/tmpjuv6fdff/16673_0_xyzopt.xyz --pop --wbo --acc 0.2 --gfn 2 --chrg 0 --uhf 0 --etemp 300 --input /tmp/scratch/tmpjuv6fdff/16673_0_xtb.inp", "method": "GFN2-xTB", "xtb version": "6.3.3 (7355c4f)", "Dipole module/D": 0.062, "Total charge": 0, "Transition dipole module/D": NaN, "HOMO": -10.4334, "LUMO": -5.1825, "HOMO occupancy": 2.0, "LUMO occupancy": 0, "mulliken charges": [-0.08217, -0.03404, -0.04553, -0.04553, -0.03404, -0.08217, 0.02868, 0.02859, 0.02853, 0.02466, 0.02848, 0.02279, 0.02279, 0.02466, 0.02848, 0.02868, 0.02853, 0.02859], "cm5 charges": [-0.2339, -0.14297, -0.10878, -0.10878, -0.14297, -0.2339, 0.08023, 0.08092, 0.08075, 0.08039, 0.08321, 0.08015, 0.08015, 0.08039, 0.08321, 0.08023, 0.08075, 0.08092], "FUKUI+": [0.018, 0.023, -0.146, -0.146, 0.023, 0.018, -0.061, -0.029, -0.036, -0.056, -0.082, -0.131, -0.131, -0.056, -0.082, -0.061, -0.036, -0.029], "FUKUI-": [0.014, 0.006, -0.064, -0.064, 0.006, 0.014, -0.064, -0.065, -0.057, -0.067, -0.124, -0.078, -0.078, -0.067, -0.124, -0.064, -0.057, -0.065], "FUKUIrad": [0.016, 0.015, -0.105, -0.105, 0.015, 0.016, -0.063, -0.047, -0.047, -0.062, -0.103, -0.104, -0.104, -0.062, -0.103, -0.063, -0.047, -0.047], "s proportion": [1.005, 1.022, 1.064, 1.064, 1.022, 1.005, 0.971, 0.971, 0.971, 0.975, 0.972, 0.977, 0.977, 0.975, 0.972, 0.971, 0.971, 0.971], "p proportion": [3.077, 3.012, 2.981, 2.981, 3.012, 3.077, 0.0, 0.0, 0.0, 0.0, 0.0, 0.0, 0.0, 0.0, 0.0, 0.0, 0.0, 0.0], "d proportion": [0.0, 0.0, 0.0, 0.0, 0.0, 0.0, 0.0, 0.0, 0.0, 0.0, 0.0, 0.0, 0.0, 0.0, 0.0, 0.0, 0.0, 0.0], "Fermi-level/eV": -7.808, "Coordination numbers": [3.753, 3.804, 2.891, 2.891, 3.804, 3.753, 0.925, 0.925, 0.925, 0.924, 0.924, 0.925, 0.925, 0.924, 0.924, 0.925, 0.925, 0.925], "Dispersion coefficient C6": [22.43, 21.504, 29.125, 29.125, 21.504, 22.43, 2.549, 2.529, 2.517, 2.564, 2.523, 2.622, 2.622, 2.564, 2.523, 2.549, 2.517, 2.529], "Total dispersion C6": 2364.865923, "Total dispersion C8": 50690.187557, "Polarizability alpha": [6.753, 6.602, 8.848, 8.848, 6.602, 6.753, 2.497, 2.487, 2.481, 2.504, 2.484, 2.532, 2.532, 2.504, 2.484, 2.497, 2.481, 2.487], "Total polarizability alpha": 74.375813, "Wiberg matrix": [[0.0, 1.8488401254290214, 0.0, 0.0, 0.0, 1.106841241494432, 0.9685070646575896, 0.0, 0.0, 0.0, 0.0, 0.0, 0.0, 0.0, 0.0, 0.0, 0.0, 0.0], [1.8488401254290214, 0.0, 1.0227846718930709, 0.0, 0.11838440339830393, 0.0, 0.0, 0.9700936353800159, 0.0, 0.0, 0.0, 0.0, 0.0, 0.0, 0.0, 0.0, 0.0, 0.0], [0.0, 1.0227846718930709, 0.0, 1.0042332335686257, 0.0, 0.0, 0.0, 0.0, 0.9564619930218523, 0.9729402355217921, 0.0, 0.0, 0.0, 0.0, 0.0, 0.0, 0.0, 0.0], [0.0, 0.0, 1.0042332335686257, 0.0, 1.0227849174277588, 0.0, 0.0, 0.0, 0.0, 0.0, 0.9564573485494758, 0.9729431289752256, 0.0, 0.0, 0.0, 0.0, 0.0, 0.0], [0.0, 0.11838440339830393, 0.0, 1.0227849174277588, 0.0, 1.8488394781150137, 0.0, 0.0, 0.0, 0.0, 0.0, 0.0, 0.9700965680385928, 0.0, 0.0, 0.0, 0.0, 0.0], [1.106841241494432, 0.0, 0.0, 0.0, 1.8488394781150137, 0.0, 0.0, 0.0, 0.0, 0.0, 0.0, 0.0, 0.0, 0.9685109182166373, 0.0, 0.0, 0.9881778758062664, 0.9890388613792862], [0.9685070646575896, 0.0, 0.0, 0.0, 0.0, 0.0, 0.0, 0.0, 0.0, 0.0, 0.0, 0.0, 0.0, 0.0, 0.0, 0.0, 0.0, 0.0], [0.0, 0.9700936353800159, 0.0, 0.0, 0.0, 0.0, 0.0, 0.0, 0.0, 0.0, 0.0, 0.0, 0.0, 0.0, 0.0, 0.0, 0.0, 0.0], [0.0, 0.0, 0.9564619930218523, 0.0, 0.0, 0.0, 0.0, 0.0, 0.0, 0.0, 0.0, 0.0, 0.0, 0.0, 0.0, 0.0, 0.0, 0.0], [0.0, 0.0, 0.9729402355217921, 0.0, 0.0, 0.0, 0.0, 0.0, 0.0, 0.0, 0.0, 0.0, 0.0, 0.0, 0.0, 0.0, 0.0, 0.0], [0.0, 0.0, 0.0, 0.9564573485494758, 0.0, 0.0, 0.0, 0.0, 0.0, 0.0, 0.0, 0.0, 0.0, 0.0, 0.0, 0.0, 0.0, 0.0], [0.0, 0.0, 0.0, 0.9729431289752256, 0.0, 0.0, 0.0, 0.0, 0.0, 0.0, 0.0, 0.0, 0.0, 0.0, 0.0, 0.0, 0.0, 0.0], [0.0, 0.0, 0.0, 0.0, 0.9700965680385928, 0.0, 0.0, 0.0, 0.0, 0.0, 0.0, 0.0, 0.0, 0.0, 0.0, 0.0, 0.0, 0.0], [0.0, 0.0, 0.0, 0.0, 0.0, 0.9685109182166373, 0.0, 0.0, 0.0, 0.0, 0.0, 0.0, 0.0, 0.0, 0.0, 0.0, 0.0, 0.0], [0.0, 0.0, 0.0, 0.0, 0.0, 0.0, 0.0, 0.0, 0.0, 0.0, 0.0, 0.0, 0.0, 0.0, 0.0, 0.0, 0.0, 0.0], [0.0, 0.0, 0.0, 0.0, 0.0, 0.0, 0.0, 0.0, 0.0, 0.0, 0.0, 0.0, 0.0, 0.0, 0.0, 0.0, 0.0, 0.0], [0.0, 0.0, 0.0, 0.0, 0.0, 0.9881778758062664, 0.0, 0.0, 0.0, 0.0, 0.0, 0.0, 0.0, 0.0, 0.0, 0.0, 0.0, 0.0], [0.0, 0.0, 0.0, 0.0, 0.0, 0.9890388613792862, 0.0, 0.0, 0.0, 0.0, 0.0, 0.0, 0.0, 0.0, 0.0, 0.0, 0.0, 0.0]], "Born radii": [], "Atomic SASAs": [], "Solvent H bonds": [], "Total SASA": NaN, "Total FOD": 0.0, "FOD": [0.0, 0.0, 0.0, 0.0, 0.0, 0.0, 0.0, 0.0, 0.0, 0.0, 0.0, 0.0, 0.0, 0.0, 0.0, 0.0, 0.0, 0.0],