{"total energy": -24.05885281, "HOMO-LUMO gap/eV": 11.85400622, "electronic energy": -24.37048295, "dipole": [0.23467019, -0.64299627, -0.05619866], "partial charges": [-0.1083059, -0.02460164, -0.10640985, 0.14374415, -0.11989741, -0.1126749, -0.45301758, 0.03431942, 0.03769014, 0.03644772, 0.01973974, 0.03027243, 0.0480681, 0.03753442, 0.02866887, 0.04623082, 0.04037717, 0.03758381, 0.04898173, 0.05485295, 0.28039583], "atomic dipole moments": [[-0.01631921, 0.06918088, -0.06802267], [-0.02793253, 0.02761212, 0.08080683], [-0.05377868, -0.08540617, -0.02260267], [-0.00513151, 0.09378144, -0.11839727], [0.05730016, 0.06489939, 0.02474326], [0.04521287, -0.05722463, -0.07964517], [0.05946384, -0.21751287, 0.04943035], [-0.05781969, -0.10533683, -0.03291895], [0.11995357, -0.02433695, 0.00958669], [-0.03878509, 0.03454346, 0.1126443], [0.04083698, -0.04247223, -0.10414182], [0.11885938, -0.02799595, -0.01588676], [-0.03073455, 0.09768721, -0.07417378], [-0.01704152, 0.03269187, 0.11940733], [0.05465448, -0.06501206, -0.09110326], [-0.11146441, 0.04188245, -0.04166083], [-0.02018302, -0.07668451, 0.09864973], [0.00278729, -0.07657484, 0.09778194], [-0.11912529, 0.02813967, -0.02818243], [0.06092056, 0.1095456, 0.02270587], [0.02654574, -0.03755204, -0.05992624]], "atomic quadrupole moments": [[-0.09871057, -0.01923687, 0.05726486, 0.03329593, -0.16801966, 0.04144572], [0.05423584, 0.03053617, 0.0695714, 0.09313425, -0.10283664, -0.12380723], [0.00234541, 0.15177306, 0.10594612, 0.05113575, 0.0712708, -0.10829153], [-0.13153684, 0.0024674, 0.04648988, -0.01486756, -0.17632372, 0.08504696], [-0.01442539, 0.14579905, 0.10088022, 0.04865067, 0.07119594, -0.08645483], [-0.06588686, -0.06345271, -0.06053644, -0.11633546, 0.12518657, 0.1264233], [-0.10020472, -0.02536402, 0.04682612, -0.00718215, -0.10833202, 0.05337861], [-0.01300397, 0.05465031, 0.03503251, 0.0307615, 0.02594177, -0.02202855], [0.08114578, -0.02069767, -0.03783471, 0.00281656, -0.01443937, -0.04331107], [-0.03374639, -0.02374292, -0.01805503, -0.04224551, 0.03397307, 0.05180142], [-0.00666887, -0.001619, -0.01427437, -0.01469404, 0.01932887, 0.02094324], [0.07384513, -0.02937597, -0.02537968, -0.01420318, 0.01817347, -0.04846545], [-0.02857251, -0.01456408, 0.02865844, 0.02758608, -0.05688606, -8.594e-05], [-0.0364695, 0.00453439, -0.0327064, -0.02950244, 0.02746225, 0.0691759], [-0.0024259, -0.0233214, -0.01927842, -0.04732882, 0.05171384, 0.02170432], [0.0546973, -0.03755449, -0.01692772, 0.03920163, -0.01057275, -0.03776957], [-0.04796384, 0.01221952, 0.0041371, -0.00488233, -0.05787467, 0.04382674], [-0.05090519, -0.01224989, 0.0125785, 0.00226697, -0.06316397, 0.03832669], [0.07282146, -0.02674477, -0.04178851, 0.02654479, 0.00634402, -0.03103296], [-0.00060919, 0.05623687, 0.03884105, 0.00412381, 0.02689189, -0.03823186], [-0.06603368, -0.03436848, -0.02858644, -0.06710205, 0.05813108, 0.09462012]], "number of molecular orbitals": 42, "number of electrons": 44, "number of unpaired electrons": 0, "orbital energies/eV": [-18.43948819, -17.18903526, -16.69134386, -16.28245959, -15.91486476, -15.58408194, -15.25775354, -14.40823151, -14.18284764, -13.93981516, -13.57998272, -13.1390665, -12.74648182, -12.71547856, -12.53302056, -12.42699321, -12.27216598, -12.07368632, -11.98840286, -11.72815781, -11.42191872, -10.79208724, 1.06191898, 1.69252713, 2.29111841, 2.61657035, 3.29608018, 3.70593818, 4.09928493, 4.22987556, 5.10806821, 5.27090257, 5.81413104, 6.15529198, 6.28954293, 6.50679007, 6.73449287, 6.95874907, 7.40476095, 7.72482034, 7.93666974, 8.32295756], "fractional occupation": [2.0, 2.0, 2.0, 2.0, 2.0, 2.0, 2.0, 2.0, 2.0, 2.0, 2.0, 2.0, 2.0, 2.0, 2.0, 2.0, 2.0, 2.0, 2.0, 2.0, 2.0, 2.0, 0.0, 0.0, 0.0, 0.0, 0.0, 0.0, 0.0, 0.0, 0.0, 0.0, 0.0, 0.0, 0.0, 0.0, 0.0, 0.0, 0.0, 0.0, 0.0, 0.0], "program call": "xtb /tmp/scratch/tmpup51vkda/16689_0_xyzopt.xyz --pop --wbo --acc 0.2 --gfn 2 --chrg 0 --uhf 0 --etemp 300 --input /tmp/scratch/tmpup51vkda/16689_0_xtb.inp", "method": "GFN2-xTB", "xtb version": "6.3.3 (7355c4f)", "Dipole module/D": 1.746, "Total charge": 0, "Transition dipole module/D": NaN, "HOMO": -10.7921, "LUMO": 1.0619, "HOMO occupancy": 2.0, "LUMO occupancy": 0, "mulliken charges": [-0.09522, -0.02896, -0.08882, 0.24412, -0.11962, -0.0991, -0.56835, 0.02876, 0.03344, 0.02957, 0.01784, 0.02626, 0.04201, 0.02734, 0.02836, 0.04309, 0.03293, 0.02476, 0.04171, 0.04455, 0.33532], "cm5 charges": [-0.24656, -0.0981, -0.23925, 0.23328, -0.26689, -0.24558, -0.78183, 0.08199, 0.08606, 0.08318, 0.07905, 0.07866, 0.09902, 0.08121, 0.08268, 0.09865, 0.08707, 0.07907, 0.09744, 0.10126, 0.50957], "FUKUI+": [0.007, -0.02, 0.018, -0.061, 0.031, 0.035, -0.157, -0.046, -0.059, -0.043, -0.045, -0.063, -0.031, -0.044, -0.053, -0.068, -0.089, -0.089, -0.056, -0.055, -0.112], "FUKUI-": [0.026, -0.029, 0.02, -0.033, 0.009, 0.024, -0.128, -0.057, -0.098, -0.056, -0.07, -0.088, -0.039, -0.055, -0.053, -0.066, -0.061, -0.049, -0.081, -0.057, -0.059], "FUKUIrad": [0.016, -0.024, 0.019, -0.047, 0.02, 0.03, -0.143, -0.051, -0.079, -0.049, -0.057, -0.076, -0.035, -0.05, -0.053, -0.067, -0.075, -0.069, -0.069, -0.056, -0.085], "s proportion": [1.01, 1.063, 1.009, 1.047, 1.021, 1.012, 1.698, 0.971, 0.967, 0.97, 0.982, 0.974, 0.958, 0.973, 0.972, 0.957, 0.967, 0.975, 0.958, 0.955, 0.665], "p proportion": [3.086, 2.965, 3.08, 2.709, 3.098, 3.088, 4.87, 0.0, 0.0, 0.0, 0.0, 0.0, 0.0, 0.0, 0.0, 0.0, 0.0, 0.0, 0.0, 0.0, 0.0], "d proportion": [0.0, 0.0, 0.0, 0.0, 0.0, 0.0, 0.0, 0.0, 0.0, 0.0, 0.0, 0.0, 0.0, 0.0, 0.0, 0.0, 0.0, 0.0, 0.0, 0.0, 0.0], "Fermi-level/eV": -4.8651, "Coordination numbers": [3.754, 3.849, 3.755, 3.773, 3.755, 3.756, 1.656, 0.925, 0.925, 0.925, 0.923, 0.925, 0.925, 0.925, 0.925, 0.925, 0.925, 0.925, 0.925, 0.925, 0.805], "Dispersion coefficient C6": [22.627, 20.979, 22.589, 18.293, 22.854, 22.709, 21.905, 2.526, 2.48, 2.497, 2.738, 2.583, 2.344, 2.482, 2.605, 2.367, 2.444, 2.481, 2.333, 2.26, 0.783], "Total dispersion C6": 2894.576436, "Total dispersion C8": 59935.724768, "Polarizability alpha": [6.783, 6.515, 6.777, 6.094, 6.817, 6.795, 6.318, 2.485, 2.463, 2.471, 2.587, 2.513, 2.394, 2.464, 2.524, 2.406, 2.445, 2.463, 2.388, 2.351, 1.39], "Total polarizability alpha": 79.443172,