{"total energy": -16.68616024, "HOMO-LUMO gap/eV": 3.77994921, "electronic energy": -16.9028752, "dipole": [-0.18255613, -1.16449014, -0.12575709], "partial charges": [-0.10565073, -0.0304774, -0.10764309, 0.21273412, -0.31894851, 0.03999845, 0.0531098, 0.04918613, 0.058218, 0.04552102, 0.05012116, 0.04037611, 0.01345495], "atomic dipole moments": [[-0.07877783, -0.02118035, -0.0867904], [-0.04534717, 0.03033236, 0.05876739], [0.08116252, 0.07345376, -0.03860014], [0.05351779, 0.02683158, 0.04939148], [-0.05678951, -0.15025944, -0.04811158], [0.0530303, -0.10797852, 0.03133538], [0.08919399, 0.08244737, -0.03889006], [-0.05476965, 0.05094399, 0.10246088], [0.05747564, -0.05638322, -0.09892297], [-0.06055158, 0.04812686, 0.10035116], [0.0455312, -0.11180642, 0.03221918], [-0.08381584, -0.0170253, -0.09198591], [-0.09906016, -0.00854486, -0.08325683]], "atomic quadrupole moments": [[0.04229805, 0.03574588, -0.11698487, 0.19658315, 0.02984412, 0.07468681], [0.03687259, 0.06783645, 0.06314277, 0.11583132, -0.09053321, -0.10001535], [0.0811447, 0.17940126, 0.00619787, -0.07015108, -0.08071467, -0.08734257], [0.04789273, -0.01177591, -0.28724925, -0.58901113, -0.01485438, 0.23935652], [0.04251679, -0.00203363, -0.15606534, -0.21400088, 0.00391278, 0.11354854], [-0.02745215, -0.04538671, 0.06248314, 0.02137757, -0.01919543, -0.03503099], [0.0188008, 0.05660683, -0.00207133, -0.02331223, -0.03186849, -0.01672947], [-0.00137666, -0.02599934, -0.03437436, -0.04201258, 0.03973531, 0.03575103], [0.00727738, -0.00620281, -0.02130505, -0.01969656, 0.03382852, 0.01402767], [-0.02028824, -0.01517377, -0.00898833, -0.04581523, 0.04547875, 0.02927657], [-0.00899068, -0.0438188, 0.05229733, 0.00519623, -0.0318549, -0.04330665], [0.00788198, 0.01581026, -0.04554772, 0.05838971, 0.00114936, 0.03766574], [-0.02764225, 0.00158516, 0.0697131, 0.04526284, -0.00180983, -0.04207085]], "number of molecular orbitals": 28, "number of electrons": 30, "number of unpaired electrons": 0, "orbital energies/eV": [-19.54090496, -17.73879482, -16.63367334, -16.47536149, -15.64635081, -15.20686987, -14.75677803, -14.30559509, -13.87150009, -13.24601204, -12.95883289, -12.80272326, -12.32806714, -12.21347567, -10.90847061, -7.1285214, 1.87093278, 2.51340898, 2.96089689, 3.65857478, 4.2793581, 5.07939705, 5.56895143, 6.04183608, 6.53857251, 7.08695977, 7.524828, 16.9227697], "fractional occupation": [2.0, 2.0, 2.0, 2.0, 2.0, 2.0, 2.0, 2.0, 2.0, 2.0, 2.0, 2.0, 2.0, 2.0, 2.0, 0.0, 0.0, 0.0, 0.0, 0.0, 0.0, 0.0, 0.0, 0.0, 0.0, 0.0, 0.0, 0.0], "program call": "xtb /tmp/scratch/tmp2x376lqj/1669_0_xyzopt.xyz --pop --wbo --acc 0.2 --gfn 2 --chrg 0 --uhf 0 --etemp 300 --input /tmp/scratch/tmp2x376lqj/1669_0_xtb.inp", "method": "GFN2-xTB", "xtb version": "6.3.3 (7355c4f)", "Dipole module/D": 3.013, "Total charge": 0, "Transition dipole module/D": NaN, "HOMO": -10.9085, "LUMO": -7.1285, "HOMO occupancy": 2.0, "LUMO occupancy": 0, "mulliken charges": [-0.08259, -0.04038, -0.08992, 0.38961, -0.46692, 0.03005, 0.04812, 0.04134, 0.04676, 0.04017, 0.04091, 0.03348, 0.00936], "cm5 charges": [-0.23141, -0.10867, -0.24002, 0.37429, -0.52529, 0.08252, 0.10319, 0.09579, 0.10552, 0.09334, 0.09334, 0.08594, 0.07147], "FUKUI+": [0.034, 0.007, 0.026, -0.166, -0.33, -0.065, -0.029, -0.035, -0.103, -0.04, -0.071, -0.04, -0.189], "FUKUI-": [0.026, -0.029, 0.029, -0.021, -0.237, -0.113, -0.054, -0.076, -0.11, -0.075, -0.103, -0.058, -0.177], "FUKUIrad": [0.03, -0.011, 0.028, -0.094, -0.284, -0.089, -0.042, -0.055, -0.107, -0.058, -0.087, -0.049, -0.183], "s proportion": [1.005, 1.06, 1.01, 1.052, 1.726, 0.97, 0.952, 0.959, 0.953, 0.96, 0.959, 0.967, 0.991], "p proportion": [3.077, 2.981, 3.08, 2.559, 4.741, 0.0, 0.0, 0.0, 0.0, 0.0, 0.0, 0.0, 0.0], "d proportion": [0.0, 0.0, 0.0, 0.0, 0.0, 0.0, 0.0, 0.0, 0.0, 0.0, 0.0, 0.0, 0.0], "Fermi-level/eV": -9.0185, "Coordination numbers": [3.756, 3.85, 3.756, 2.762, 0.856, 0.925, 0.925, 0.925, 0.923, 0.925, 0.925, 0.925, 0.922], "Dispersion coefficient C6": [22.573, 21.082, 22.611, 23.498, 20.127, 2.449, 2.281, 2.33, 2.22, 2.377, 2.318, 2.444, 2.835], "Total dispersion C6": 1277.843671, "Total dispersion C8": 27154.395084, "Polarizability alpha": [6.774, 6.531, 6.78, 7.938, 6.015, 2.447, 2.362, 2.387, 2.33, 2.411, 2.381, 2.445, 2.633], "Total polarizability alpha": 53.434684, "Wiberg matrix": [[0.0, 1.008253772926879, 0.0, 0.0, 0.0, 0.986875637360179, 0.9845323734899625, 0.9857230913271897, 0.0, 0.0, 0.0, 0.0, 0.0], [1.008253772926879, 0.0, 0.9897077899123642, 0.9945767650986826, 0.0, 0.0, 0.0, 0.0, 0.933466045066195, 0.0, 0.0, 0.0, 0.0], [0.0, 0.9897077899123642, 0.0, 0.0, 0.0, 0.0, 0.0, 0.0, 0.0, 0.9872384313440173, 0.9844122496569848, 0.9856150508444224, 0.0], [0.0, 0.9945767650986826, 0.0, 0.0, 1.9325357979278408, 0.0, 0.0, 0.0, 0.0, 0.0, 0.0, 0.0, 0.9292891714310273], [0.0, 0.0, 0.0, 1.9325357979278408, 0.0, 0.0, 0.0, 0.0, 0.0, 0.0, 0.0, 0.0, 0.0], [0.986875637360179, 0.0, 0.0, 0.0, 0.0, 0.0, 0.0, 0.0, 0.0, 0.0, 0.0, 0.0, 0.0], [0.9845323734899625, 0.0, 0.0, 0.0, 0.0, 0.0, 0.0, 0.0, 0.0, 0.0, 0.0, 0.0, 0.0], [0.9857230913271897, 0.0, 0.0, 0.0, 0.0, 0.0, 0.0, 0.0, 0.0, 0.0, 0.0, 0.0, 0.0], [0.0, 0.933466045066195, 0.0, 0.0, 0.0, 0.0, 0.0, 0.0, 0.0, 0.0, 0.0, 0.0, 0.0], [0.0, 0.0, 0.9872384313440173, 0.0, 0.0, 0.0, 0.0, 0.0, 0.0, 0.0, 0.0, 0.0, 0.0], [0.0, 0.0, 0.9844122496569848, 0.0, 0.0, 0.0, 0.0, 0.0, 0.0, 0.0, 0.0, 0.0, 0.0], [0.0, 0.0, 0.9856150508444224, 0.0, 0.0, 0.0, 0.0, 0.0, 0.0, 0.0, 0.0, 0.0, 0.0], [0.0, 0.0, 0.0, 0.9292891714310273, 0.0, 0.0, 0.0, 0.0, 0.0, 0.0, 0.0, 0.0, 0.0]], "Born radii": [], "Atomic SASAs": [], "Solvent H bonds": [], "Total SASA": NaN, "Total FOD": 0.0, "FOD": [0.0, 0.0, 0.0, 0.0, 0.0, 0.0, 0.0, 0.0, 0.0, 0.0, 0.0, 0.0, 0.0], "FOD s proportion": [0.0, 0.0, 0.0, 0.0, 0.0, 0.0, 0.0, 0.0, 0.0, 0.0, 0.0, 0.0, 0.0], "FOD p proportion": [0.0, 0.0, 0.0, 0.0, 0.0, 0.0, 0.0, 0.0, 0.0, 0.0, 0.0, 0.0, 0.0], "FOD d proportion": [0.0, 0.0, 0.0, 0.0, 0.0, 0.0, 0.0, 0.0, 0.0, 0.0, 0.0, 0.0, 0.0], "coordinates": [["1.19825830175408", "0.12475867536170", "0.74663250941935"], ["0.16717731254307", "-0.08243970721563", "-0.35727632975392"], ["-0.96971511190243", "-1.00580336824063", "0.08482705864898"], ["-0.39861979264295", "1.23063184325932", "-0.83363887365133"], ["-0.01434727739466", "2.31973370185413", "-0.51619106699369"], ["1.66075600099019", "-0.81997907243281", "1.02049128962991"], ["1.97056263643782", "0.81309856720206", "0.41356295086891"], ["0.72221278165496", "0.55054593483437", "1.62662124320929"], ["0.65462079460513", "-0.53111172471542", "-1.23360808526283"], ["-1.48424495583045", "-0.58391974846762", "0.94529500540477"], ["-0.57304042102036", "-1.97833871663921", "0.36512306340302"], ["-1.69149934969549", "-1.14520416087044", "-0.71701352216886"], ["-1.24211891949894", "1.10802777607016", "-1.54482524275359"]],