{"total energy": -24.3277102, "HOMO-LUMO gap/eV": 3.76681068, "electronic energy": -24.79762237, "dipole": [-0.12943717, 0.16713873, -0.06664596], "partial charges": [-0.0881253, -0.02982053, 0.00498416, -0.0354283, -0.035114, -0.03294788, -0.04030899, 0.01215046, -0.10624122, 0.03344594, 0.03762716, 0.03689529, 0.03239757, 0.02708823, 0.02741739, 0.02738708, 0.0395608, 0.04448084, 0.04455129], "atomic dipole moments": [[-0.03740704, -0.05383362, 0.01926719], [0.09223148, 0.06082675, 0.00042427], [-0.04204105, -0.00377186, -0.0129306], [-0.00505377, 0.01174094, -0.00010181], [0.00136558, 0.00260766, 0.00049089], [-0.00060073, -0.0014241, -0.00030843], [-0.0034071, -0.00808548, -0.00079401], [-0.05929754, 0.05927568, -0.01716103], [0.03758367, -0.05718298, 0.0096379], [-0.13481899, -0.02044221, -0.05272788], [0.05223025, -0.09418556, 0.10121859], [-0.06232967, 0.09142144, -0.09418966], [-0.04392525, -0.13912647, -0.01518037], [0.09115493, -0.11115135, 0.03164555], [0.13758951, 0.02997341, 0.04335459], [0.04723357, 0.13730334, 0.01182853], [0.05538325, 0.10872963, 0.02940498], [-0.02957502, 0.00491381, -0.12363155], [-0.11024841, -0.01018776, 0.06536022]], "atomic quadrupole moments": [[-0.16431372, -0.22820645, -0.0328574, -0.23920148, 0.40090422, 0.19717112], [-0.08185942, -0.20315854, -0.07993664, -0.16351484, 0.40017219, 0.16179606], [-0.07128422, 0.03043545, -0.28741645, -0.15247454, 0.00991615, 0.35870067], [-0.17193683, 0.00848859, -0.25831092, -0.22140891, -0.00441814, 0.43024774], [-0.18660584, 0.00156196, -0.24708996, -0.22245818, 0.01910368, 0.4336958], [-0.1921688, -0.00701714, -0.24612464, -0.2268532, 0.02166866, 0.43829344], [-0.18580429, -0.01717956, -0.22855559, -0.21858331, 0.01373032, 0.41435987], [-0.17182411, -0.12696887, -0.1833616, -0.18376061, -0.0369006, 0.35518571], [0.02707407, -0.11403473, 0.07489784, 0.05488461, -0.03786249, -0.10197191], [0.03558499, 0.02526726, -0.00813255, 0.03462595, -0.0349026, -0.02745244], [0.01070109, 0.00630421, 0.00378265, 0.03246992, -0.04916138, -0.01448374], [0.01431552, 0.03064881, 0.01619809, 0.0297989, -0.03799042, -0.03051361], [0.02985757, -0.00027491, 0.03316591, 0.03277274, -0.00332113, -0.06302348], [0.02639874, 0.00359312, 0.03548234, 0.03256733, -0.00109521, -0.06188108], [0.02347473, -0.00057019, 0.03894233, 0.03106741, -0.00333703, -0.06241706], [0.02804034, -0.00079061, 0.03536725, 0.03236329, -0.0029001, -0.06340759], [-0.00255352, 0.04256031, 0.050806, 0.02566629, 0.02533566, -0.04825247], [-0.04779953, -0.00489516, -0.03294577, 0.02563277, 0.00930988, 0.0807453], [0.03822538, 0.01359691, -0.02408078, -0.05969948, -0.01172788, -0.0141446]], "number of molecular orbitals": 46, "number of electrons": 46, "number of unpaired electrons": 0, "orbital energies/eV": [-17.45949923, -16.93553005, -16.80648132, -16.38484854, -16.08569647, -15.6203883, -15.22593568, -14.74444051, -14.20048907, -13.78965449, -13.50310496, -13.35179741, -13.18984118, -12.78973003, -12.74024974, -12.50370775, -12.45423266, -12.0233456, -11.63337119, -11.29533562, -11.20826428, -10.70123458, -10.33001022, -6.56319954, -5.84472268, -4.73276005, -2.13995365, 2.84912216, 3.04529903, 3.64087516, 4.09797084, 4.34662147, 4.74391312, 5.14331941, 5.7141658, 5.94895249, 6.18037261, 6.52459462, 9.99609206, 11.03185233, 11.6013579, 12.50373905, 13.17343014, 16.01261792, 18.02765941, 18.3747413], "fractional occupation": [2.0, 2.0, 2.0, 2.0, 2.0, 2.0, 2.0, 2.0, 2.0, 2.0, 2.0, 2.0, 2.0, 2.0, 2.0, 2.0, 2.0, 2.0, 2.0, 2.0, 2.0, 2.0, 2.0, 0.0, 0.0, 0.0, 0.0, 0.0, 0.0, 0.0, 0.0, 0.0, 0.0, 0.0, 0.0, 0.0, 0.0, 0.0, 0.0, 0.0, 0.0, 0.0, 0.0, 0.0, 0.0, 0.0], "program call": "xtb /tmp/scratch/tmpqur10259/17240_0_xyzopt.xyz --pop --wbo --acc 0.2 --gfn 2 --chrg 0 --uhf 0 --etemp 300 --input /tmp/scratch/tmpqur10259/17240_0_xtb.inp", "method": "GFN2-xTB", "xtb version": "6.3.3 (7355c4f)", "Dipole module/D": 0.563, "Total charge": 0, "Transition dipole module/D": NaN, "HOMO": -10.33, "LUMO": -6.5632, "HOMO occupancy": 2.0, "LUMO occupancy": 0, "mulliken charges": [-0.07547, -0.02385, -0.00506, -0.03376, -0.03269, -0.02812, -0.04244, 0.00893, -0.08924, 0.0324, 0.03187, 0.02894, 0.03017, 0.02869, 0.02857, 0.02836, 0.03455, 0.03964, 0.0385], "cm5 charges": [-0.17915, -0.08246, -0.01467, -0.08749, -0.08901, -0.08446, -0.09677, -0.00654, -0.23494, 0.08585, 0.08659, 0.08719, 0.08849, 0.08515, 0.08501, 0.08572, 0.08764, 0.09223, 0.09164], "FUKUI+": [-0.067, -0.043, -0.06, -0.027, -0.028, -0.067, -0.023, -0.047, 0.027, -0.095, -0.08, -0.081, -0.059, -0.074, -0.083, -0.072, -0.045, -0.042, -0.035], "FUKUI-": [-0.057, -0.029, -0.055, -0.019, -0.046, -0.054, -0.019, -0.057, 0.027, -0.083, -0.068, -0.067, -0.057, -0.073, -0.076, -0.066, -0.056, -0.076, -0.067], "FUKUIrad": [-0.062, -0.036, -0.058, -0.023, -0.037, -0.06, -0.021, -0.052, 0.027, -0.089, -0.074, -0.074, -0.058, -0.073, -0.079, -0.069, -0.05, -0.059, -0.051], "s proportion": [1.045, 1.062, 1.078, 1.059, 1.054, 1.055, 1.057, 1.085, 1.006, 0.968, 0.968, 0.971, 0.97, 0.971, 0.971, 0.972, 0.965, 0.96, 0.962], "p proportion": [3.031, 2.961, 2.927, 2.975, 2.979, 2.973, 2.985, 2.906, 3.084, 0.0, 0.0, 0.0, 0.0, 0.0, 0.0, 0.0, 0.0, 0.0, 0.0], "d proportion": [0.0, 0.0, 0.0, 0.0, 0.0, 0.0, 0.0, 0.0, 0.0, 0.0, 0.0, 0.0, 0.0, 0.0, 0.0, 0.0, 0.0, 0.0, 0.0], "Fermi-level/eV": -8.4466, "Coordination numbers": [2.838, 2.895, 2.976, 2.925, 2.918, 2.918, 2.924, 2.97, 3.757, 0.926, 0.926, 0.925, 0.926, 0.926, 0.926, 0.925, 0.925, 0.924, 0.925], "Dispersion coefficient C6": [30.2, 28.743, 27.906, 28.882, 28.874, 28.821, 29.002, 27.74, 22.582, 2.538, 2.48, 2.49, 2.552, 2.628, 2.623, 2.624, 2.455, 2.39, 2.389], "Total dispersion C6": 4030.210311, "Total dispersion C8": 96894.618815, "Polarizability alpha": [9.006, 8.79, 8.665, 8.813, 8.812, 8.804, 8.831, 8.639, 6.775, 2.491, 2.463, 2.468, 2.498, 2.535, 2.533, 2.533, 2.45, 2.418, 2.417], "Total polarizability alpha": 101.941744,