{"total energy": -19.99477962, "HOMO-LUMO gap/eV": 13.21632321, "electronic energy": -20.30045641, "dipole": [0.00020069, 0.01493947, -0.02025669], "partial charges": [-0.10397749, -0.01447422, -0.10440958, -0.01447426, -0.10440958, -0.10397747, 0.03035469, 0.03688056, 0.03339791, 0.02591459, 0.03429214, 0.02966749, 0.03235393, 0.02591455, 0.03429212, 0.03235393, 0.02966749, 0.03035473, 0.03688055, 0.03339792], "atomic dipole moments": [[-0.03556899, -0.0170289, 0.08856148], [-0.02064613, 0.0892455, -0.02461012], [-0.04086536, -0.06219422, -0.05819764], [0.0218038, -0.00305345, -0.092261], [0.04101835, 0.07358594, 0.04275122], [0.03426693, -0.07990849, 0.04287965], [0.12077707, -0.02198369, 0.0018], [-0.01657736, 0.11728335, -0.03844156], [-0.04959282, -0.07706711, -0.08258368], [0.02980397, -0.11094775, 0.03549862], [-0.01886721, 0.1172543, -0.03230206], [-0.0431547, -0.01623323, 0.11455753], [0.12171839, -0.01733177, 0.00228559], [-0.0313051, -0.00084933, 0.11609065], [0.02038858, -0.00396419, -0.12131174], [-0.12189623, 0.00408906, 0.01567072], [0.04152598, -0.10504977, 0.04989417], [-0.12099294, 0.00591867, 0.01998328], [0.01817813, 0.00191376, -0.12318204], [0.04991683, 0.10119405, 0.04986912]], "atomic quadrupole moments": [[-0.05555078, 0.02255154, -0.11662707, -0.10243344, -0.04232525, 0.17217785], [0.07401917, 0.0805969, -0.14965808, -0.03563036, 0.09036572, 0.0756389], [-0.04534688, 0.09257872, 0.01844254, 0.08002793, 0.14217565, 0.02690434], [0.07153823, -0.01003994, 0.10717651, 0.09086563, 0.01003291, -0.17871474], [-0.0450623, 0.10375116, 0.10445477, 0.06608939, 0.11568422, -0.05939247], [-0.05856351, -0.08798195, 0.12477765, 0.05082183, -0.11808313, -0.06621414], [0.07952323, -0.02514035, -0.04923086, 0.00658605, -0.00957839, -0.03029237], [-0.04037755, -0.030729, 0.06977924, -0.00233861, -0.02760683, -0.02940169], [-0.01566258, 0.04749661, 0.00599019, 0.03070595, 0.04757999, 0.00967239], [-0.00660991, -0.00917048, 0.02487558, 0.00369613, -0.01371446, -0.01826567], [-0.04091839, -0.02544804, 0.06517824, 0.02001214, -0.03612597, -0.02425985], [-0.02546849, 0.02093188, -0.03657645, -0.04519226, -0.01609144, 0.06204493], [0.08055782, -0.02315078, -0.03436316, -0.001074, 0.01340486, -0.04619466], [-0.00633736, 0.00066112, -0.02225618, -0.01029624, 0.00096005, 0.02859354], [-0.03990261, 0.01168978, -0.03706673, -0.03177641, -0.00413518, 0.07696934], [0.08093383, -0.00916961, -0.03743434, -0.02007289, 0.01449322, -0.04349949], [-0.02700647, -0.03578787, 0.04504355, 0.03285572, -0.04189704, -0.01803708], [0.08014042, -0.00207462, -0.03732144, -0.0245189, -0.01303334, -0.04281898], [-0.0398379, -0.01134293, -0.03611484, -0.03011057, 0.00533637, 0.07595274], [-0.01577892, 0.04336235, 0.03538763, 0.03672438, 0.03844691, -0.01960871]], "number of molecular orbitals": 38, "number of electrons": 38, "number of unpaired electrons": 0, "orbital energies/eV": [-16.99251512, -16.43887952, -15.8998597, -15.80908371, -15.33474004, -14.54928174, -13.96107194, -13.5911553, -13.55324764, -12.95422436, -12.80250529, -12.59726503, -12.37807408, -12.30529376, -11.94687044, -11.88727758, -11.38118067, -11.32725686, -11.22796085, 1.98836236, 2.4452283, 2.668399, 3.44004149, 3.61592898, 3.96504006, 4.26152012, 4.39535162, 5.44360435, 6.01796508, 6.12071743, 6.40468414, 6.46957161, 6.69965117, 6.99749393, 7.67627544, 7.88888763, 8.2767772, 8.4309046], "fractional occupation": [2.0, 2.0, 2.0, 2.0, 2.0, 2.0, 2.0, 2.0, 2.0, 2.0, 2.0, 2.0, 2.0, 2.0, 2.0, 2.0, 2.0, 2.0, 2.0, 0.0, 0.0, 0.0, 0.0, 0.0, 0.0, 0.0, 0.0, 0.0, 0.0, 0.0, 0.0, 0.0, 0.0, 0.0, 0.0, 0.0, 0.0, 0.0], "program call": "xtb /tmp/scratch/tmptcvmm14j/1732_0_xyzopt.xyz --pop --wbo --acc 0.2 --gfn 2 --chrg 0 --uhf 0 --etemp 300 --input /tmp/scratch/tmptcvmm14j/1732_0_xtb.inp", "method": "GFN2-xTB", "xtb version": "6.3.3 (7355c4f)", "Dipole module/D": 0.064, "Total charge": 0, "Transition dipole module/D": NaN, "HOMO": -11.228, "LUMO": 1.9884, "HOMO occupancy": 2.0, "LUMO occupancy": 0, "mulliken charges": [-0.09355, -0.00721, -0.09285, -0.00721, -0.09285, -0.09355, 0.02894, 0.02867, 0.0298, 0.01983, 0.02838, 0.02856, 0.02942, 0.01983, 0.02838, 0.02942, 0.02856, 0.02894, 0.02867, 0.0298], "cm5 charges": [-0.24499, -0.08076, -0.24422, -0.08076, -0.24422, -0.24499, 0.08136, 0.08235, 0.08296, 0.07879, 0.08173, 0.08098, 0.08181, 0.07879, 0.08173, 0.08181, 0.08098, 0.08136, 0.08235, 0.08296], "FUKUI+": [0.031, -0.059, 0.014, -0.059, 0.014, 0.031, -0.074, -0.053, -0.049, -0.081, -0.065, -0.061, -0.104, -0.081, -0.065, -0.104, -0.061, -0.074, -0.053, -0.049], "FUKUI-": [0.021, -0.019, 0.027, -0.019, 0.027, 0.021, -0.083, -0.069, -0.051, -0.108, -0.075, -0.057, -0.086, -0.108, -0.075, -0.086, -0.057, -0.083, -0.069, -0.051], "FUKUIrad": [0.026, -0.039, 0.021, -0.039, 0.021, 0.026, -0.079, -0.061, -0.05, -0.094, -0.07, -0.059, -0.095, -0.094, -0.07, -0.095, -0.059, -0.079, -0.061, -0.05], "s proportion": [1.008, 1.055, 1.01, 1.055, 1.01, 1.008, 0.971, 0.971, 0.97, 0.98, 0.972, 0.971, 0.971, 0.98, 0.972, 0.971, 0.971, 0.971, 0.971, 0.97], "p proportion": [3.085, 2.953, 3.083, 2.953, 3.083, 3.085, 0.0, 0.0, 0.0, 0.0, 0.0, 0.0, 0.0, 0.0, 0.0, 0.0, 0.0, 0.0, 0.0, 0.0], "d proportion": [0.0, 0.0, 0.0, 0.0, 0.0, 0.0, 0.0, 0.0, 0.0, 0.0, 0.0, 0.0, 0.0, 0.0, 0.0, 0.0, 0.0, 0.0, 0.0, 0.0], "Fermi-level/eV": -4.6198, "Coordination numbers": [3.755, 3.85, 3.755, 3.85, 3.755, 3.755, 0.925, 0.925, 0.925, 0.924, 0.925, 0.925, 0.925, 0.924, 0.925, 0.925, 0.925, 0.925, 0.925, 0.925], "Dispersion coefficient C6": [22.543, 20.799, 22.55, 20.799, 22.55, 22.543, 2.581, 2.491, 2.539, 2.645, 2.526, 2.591, 2.553, 2.645, 2.526, 2.553, 2.591, 2.581, 2.491, 2.539], "Total dispersion C6": 2544.066891, "Total dispersion C8": 52332.576267, "Polarizability alpha": [6.77, 6.487, 6.771, 6.487, 6.771, 6.77, 2.513, 2.468, 2.492, 2.544, 2.486, 2.517, 2.499, 2.544, 2.486, 2.499, 2.517, 2.513, 2.468, 2.492], "Total polarizability alpha": 75.089867,