{"total energy": -20.78962653, "HOMO-LUMO gap/eV": 4.94888847, "electronic energy": -21.01863882, "dipole": [0.11876641, 0.59487688, -0.3591627], "partial charges": [-0.1047422, -0.03549515, -0.10903044, 0.35977502, -0.40646602, -0.38150041, 0.04452811, 0.05068933, 0.05100974, 0.05638117, 0.04618349, 0.0421176, 0.05955035, 0.32699941], "atomic dipole moments": [[0.06376728, -0.08149534, -0.06295769], [-0.03484585, -0.04278793, 0.09154533], [0.08021519, 0.08821683, 0.02684607], [0.1436127, 0.06245967, -0.00130656], [0.01768325, 0.14609973, -0.12358318], [-0.08059222, -0.14846498, 0.10359688], [0.07940585, 0.09327291, 0.03364935], [-0.04890449, -0.05323319, 0.10505272], [-0.09272555, 0.04880678, -0.06738233], [0.05628805, 0.05756733, -0.10032686], [-0.09567916, 0.04709941, -0.06303674], [0.06026477, -0.08395604, -0.07299178], [-0.04205529, -0.06231366, 0.10324433], [0.05378258, -0.03601179, 0.05415592]], "atomic quadrupole moments": [[-0.02747178, -0.13597045, 0.06109077, -0.10406662, 0.15626593, -0.03361899], [0.05759221, -0.05157935, 0.04599992, 0.10670927, 0.08212766, -0.10359213], [0.03332518, 0.17387017, 0.07631804, 0.07585535, 0.09083241, -0.10964321], [-0.08311938, -0.00860526, 0.03144615, -0.20288226, 0.41334901, 0.05167324], [-0.08894939, -0.04164071, 0.03460163, -0.07210503, 0.13406163, 0.05434776], [0.0276635, 0.0566237, 0.00510335, -0.02547015, -0.01708834, -0.03276685], [0.01976043, 0.05494674, 0.0185127, 0.01303316, 0.02880091, -0.03827313], [-0.03011214, 0.01334555, -0.00620216, -0.04092624, -0.04409445, 0.03631431], [0.02043415, -0.04089079, -0.02786849, 0.05275882, -0.01766792, 0.00743435], [-0.0173034, 0.01336449, -0.00753054, -0.01306828, -0.0145099, 0.02483394], [0.0279968, -0.0374819, -0.01003933, 0.05649734, -0.0262122, -0.01795747], [0.00132024, -0.03326623, 0.00653786, -0.04098083, 0.04975746, -0.0078581], [-0.0278327, 0.0277327, -0.01867188, -0.02883437, -0.04018875, 0.04650458], [0.04459591, -0.03723926, -0.04203447, 0.08117782, -0.04629778, -0.00256144]], "number of molecular orbitals": 32, "number of electrons": 36, "number of unpaired electrons": 0, "orbital energies/eV": [-20.27605407, -19.53921648, -18.15171515, -17.21168462, -16.43887097, -16.02776266, -15.77997334, -15.57578408, -15.05911976, -13.93006271, -13.84727921, -13.31259517, -13.00011872, -12.83770876, -12.66234817, -12.30015606, -12.10125704, -11.3162848, -6.36739633, 1.30959359, 2.40935247, 3.42202308, 3.50294048, 4.20879877, 4.37341598, 5.25635141, 6.016909, 6.31259133, 6.66284653, 6.80024201, 8.15107618, 17.69656952], "fractional occupation": [2.0, 2.0, 2.0, 2.0, 2.0, 2.0, 2.0, 2.0, 2.0, 2.0, 2.0, 2.0, 2.0, 2.0, 2.0, 2.0, 2.0, 2.0, 0.0, 0.0, 0.0, 0.0, 0.0, 0.0, 0.0, 0.0, 0.0, 0.0, 0.0, 0.0, 0.0, 0.0], "program call": "xtb /tmp/scratch/tmp6l4z1d0p/1736_0_xyzopt.xyz --pop --wbo --acc 0.2 --gfn 2 --chrg 0 --uhf 0 --etemp 300 --input /tmp/scratch/tmp6l4z1d0p/1736_0_xtb.inp", "method": "GFN2-xTB", "xtb version": "6.3.3 (7355c4f)", "Dipole module/D": 1.792, "Total charge": 0, "Transition dipole module/D": NaN, "HOMO": -11.3163, "LUMO": -6.3674, "HOMO occupancy": 2.0, "LUMO occupancy": 0, "mulliken charges": [-0.0827, -0.03296, -0.08654, 0.58135, -0.52913, -0.51285, 0.04038, 0.04317, 0.0373, 0.04377, 0.03306, 0.03887, 0.04776, 0.37852], "cm5 charges": [-0.23147, -0.09695, -0.23518, 0.6314, -0.58063, -0.71106, 0.09437, 0.09756, 0.08987, 0.10684, 0.0857, 0.09221, 0.10375, 0.55359], "FUKUI+": [0.02, 0.002, 0.029, -0.186, -0.288, -0.137, -0.038, -0.036, -0.075, -0.08, -0.065, -0.035, -0.031, -0.079], "FUKUI-": [0.024, -0.027, 0.027, -0.034, -0.197, -0.087, -0.065, -0.088, -0.117, -0.115, -0.114, -0.07, -0.079, -0.056], "FUKUIrad": [0.022, -0.013, 0.028, -0.11, -0.243, -0.112, -0.052, -0.062, -0.096, -0.098, -0.09, -0.053, -0.055, -0.068], "s proportion": [1.01, 1.057, 1.008, 0.985, 1.72, 1.696, 0.96, 0.957, 0.963, 0.956, 0.967, 0.961, 0.952, 0.621], "p proportion": [3.073, 2.976, 3.079, 2.433, 4.809, 4.817, 0.0, 0.0, 0.0, 0.0, 0.0, 0.0, 0.0, 0.0], "d proportion": [0.0, 0.0, 0.0, 0.0, 0.0, 0.0, 0.0, 0.0, 0.0, 0.0, 0.0, 0.0, 0.0, 0.0], "Fermi-level/eV": -8.8418, "Coordination numbers": [3.759, 3.851, 3.757, 2.698, 0.856, 1.659, 0.925, 0.925, 0.925, 0.924, 0.925, 0.925, 0.925, 0.804], "Dispersion coefficient C6": [22.55, 21.172, 22.638, 20.894, 21.811, 20.493, 2.389, 2.311, 2.307, 2.242, 2.368, 2.421, 2.204, 0.645], "Total dispersion C6": 1538.861905, "Total dispersion C8": 32817.880326, "Polarizability alpha": [6.77, 6.545, 6.784, 7.481, 6.261, 6.111, 2.417, 2.377, 2.375, 2.342, 2.406, 2.433, 2.322, 1.262], "Total polarizability alpha": 57.886879, "Wiberg matrix": [[0.0, 0.9571807154451603, 0.0, 0.0, 0.0, 0.0, 0.9807545701737753, 0.9845919311557895, 0.9845919159727264, 0.0, 0.0, 0.0, 0.0, 0.0], [0.9571807154451603, 0.0, 0.9559368690697259, 1.2211056007943097, 0.14644355397122222, 0.0, 0.0, 0.0, 0.0, 0.0, 0.0, 0.0, 0.0, 0.0], [0.0, 0.9559368690697259, 0.0, 0.0, 0.0, 0.0, 0.0, 0.0, 0.0, 0.9853456534949617, 0.978441694652375, 0.9853456599656389, 0.0, 0.0], [0.0, 1.2211056007943097, 0.0, 0.0, 1.5768163410658935, 1.0276751141260179, 0.0, 0.0, 0.0, 0.0, 0.0, 0.0, 0.0, 0.0], [0.0, 0.14644355397122222, 0.0, 1.5768163410658935, 0.0, 0.10080903631895317, 0.0, 0.0, 0.0, 0.0, 0.0, 0.0, 0.0, 0.0], [0.0, 0.0, 0.0, 1.0276751141260179, 0.10080903631895317, 0.0, 0.0, 0.0, 0.0, 0.0, 0.0, 0.0, 0.8450709193411641, 0.0], [0.9807545701737753, 0.0, 0.0, 0.0, 0.0, 0.0, 0.0, 0.0, 0.0, 0.0, 0.0, 0.0, 0.0, 0.0], [0.9845919311557895, 0.0, 0.0, 0.0, 0.0, 0.0, 0.0, 0.0, 0.0, 0.0, 0.0, 0.0, 0.0, 0.0], [0.9845919159727264, 0.0, 0.0, 0.0, 0.0, 0.0, 0.0, 0.0, 0.0, 0.0, 0.0, 0.0, 0.0, 0.0], [0.0, 0.0, 0.9853456534949617, 0.0, 0.0, 0.0, 0.0, 0.0, 0.0, 0.0, 0.0, 0.0, 0.0, 0.0], [0.0, 0.0, 0.978441694652375, 0.0, 0.0, 0.0, 0.0, 0.0, 0.0, 0.0, 0.0, 0.0, 0.0, 0.0], [0.0, 0.0, 0.9853456599656389, 0.0, 0.0, 0.0, 0.0, 0.0, 0.0, 0.0, 0.0, 0.0, 0.0, 0.0], [0.0, 0.0, 0.0, 0.0, 0.0, 0.8450709193411641, 0.0, 0.0, 0.0, 0.0, 0.0, 0.0, 0.0, 0.0], [0.0, 0.0, 0.0, 0.0, 0.0, 0.0, 0.0, 0.0, 0.0, 0.0, 0.0, 0.0, 0.0, 0.0]], "Born radii": [], "Atomic SASAs": [], "Solvent H bonds": [], "Total SASA": NaN, "Total FOD": 0.0, "FOD": [0.0, 0.0, 0.0, 0.0, 0.0, 0.0, 0.0, 0.0, 0.0, 0.0, 0.0, 0.0, 0.0, 0.0], "FOD s proportion": [0.0, 0.0, 0.0, 0.0, 0.0, 0.0, 0.0, 0.0, 0.0, 0.0, 0.0, 0.0, 0.0, 0.0], "FOD p proportion": [0.0, 0.0, 0.0, 0.0, 0.0, 0.0, 0.0, 0.0, 0.0, 0.0, 0.0, 0.0, 0.0, 0.0], "FOD d proportion": [0.0, 0.0, 0.0, 0.0, 0.0, 0.0, 0.0, 0.0, 0.0, 0.0, 0.0, 0.0, 0.0, 0.0], "coordinates": [["-0.72342826172122", "1.19755814384578", "0.43379666310763"], ["0.01473709034271", "0.13760105303275", "-0.39183244435675"], ["-0.92975313007776", "-0.97790440340335", "-0.82704901976329"], ["1.12325724210851", "-0.41905334353221", "0.47512255614001"], ["1.02320199915820", "-1.33124834808973", "1.24954643520376"], ["2.26834709605924", "0.25955179809508", "0.31077791389961"], ["-0.04579215069247", "1.99628536054820", "0.72637658047352"], ["-1.14288855231311", "0.74651205662371", "1.33030853315271"], ["-1.53255762035982", "1.62492453983427", "-0.15324652425832"], ["0.47434103507401", "0.61677103675655", "-1.26046365720748"], ["-1.76820348803527", "-0.56516440234789", "-1.38210676032629"], ["-0.41114744125636", "-1.69508828117881", "-1.45878310600364"], ["-1.30663782756624", "-1.50228873672238", "0.04741488788200"], ["2.95652400927958", "-0.08845647346199", "0.90013694205653"]],