{"total energy": -21.7004809, "HOMO-LUMO gap/eV": 6.27026725, "electronic energy": -21.88210466, "dipole": [-0.00397638, 0.0938256, 0.20744695], "partial charges": [0.02941626, -0.26223838, 0.48223866, -0.44656709, -0.26223838, 0.02941626, 0.06765349, 0.07967932, 0.06765353, 0.06765352, 0.07967932, 0.06765349], "atomic dipole moments": [[0.25052891, 0.06457572, 0.10395546], [-0.00353933, -0.10251648, -0.225458], [-0.00264321, 0.06236834, 0.13789611], [-0.00374861, 0.08845152, 0.19556845], [0.01218544, -0.10149577, -0.22561824], [-0.25461277, 0.03178631, 0.109103], [-0.01049315, 0.06347761, -0.11094744], [-0.08404976, 0.03387399, 0.08756007], [0.00266396, -0.1257417, -0.02511532], [0.01310323, -0.12506407, -0.02522169], [0.08072529, 0.04456976, 0.08588096], [-5.393e-05, 0.06415523, -0.11105382]], "atomic quadrupole moments": [[0.41606356, 0.1807091, -0.25120367, 0.28848272, 0.08174609, -0.16485989], [0.09568124, 0.02295268, -0.08323472, 0.01993359, 0.04308596, -0.01244652], [-0.00278321, -0.01704227, 0.2194911, 0.01396846, -0.24858052, -0.21670789], [-0.09725423, -0.01425372, 0.11028245, 0.00544558, -0.07051617, -0.01302822], [0.09750196, 0.00153101, -0.08602341, -0.0275706, 0.0402219, -0.01147855], [0.43895512, -0.08862036, -0.28626519, -0.30876966, 0.04573733, -0.15268993], [-0.01690074, 0.01028626, -0.0105249, 0.01916715, -0.05025236, 0.02742564], [0.04129345, -0.01507023, -0.04838499, -0.04867414, 0.02682451, 0.00709154], [-0.01573185, -0.00062593, 0.06157635, 0.01736411, 0.01415764, -0.04584451], [-0.01538587, -0.00909103, 0.06047594, -0.01965509, 0.01184116, -0.04509007], [0.03773607, 0.02678401, -0.04293637, 0.04414018, 0.03242036, 0.0052003], [-0.0146471, -0.01183442, -0.01340616, -0.01163955, -0.05202516, 0.02805327]], "number of molecular orbitals": 30, "number of electrons": 36, "number of unpaired electrons": 0, "orbital energies/eV": [-20.76203372, -20.37441979, -19.87322702, -18.88910059, -17.47629175, -16.84323051, -16.84230052, -16.78711114, -15.69514941, -15.15442386, -14.76509776, -14.5271211, -14.02643211, -13.38040839, -13.08681129, -12.48641394, -12.30308485, -12.08313443, -5.81286717, -0.49767672, 1.76193917, 3.39912587, 3.43405924, 4.10551134, 5.06385423, 5.06968366, 5.1447498, 7.12239615, 7.41835409, 18.67095529], "fractional occupation": [2.0, 2.0, 2.0, 2.0, 2.0, 2.0, 2.0, 2.0, 2.0, 2.0, 2.0, 2.0, 2.0, 2.0, 2.0, 2.0, 2.0, 2.0, 0.0, 0.0, 0.0, 0.0, 0.0, 0.0, 0.0, 0.0, 0.0, 0.0, 0.0, 0.0], "program call": "xtb /tmp/scratch/tmpse187v_8/17608_0_xyzopt.xyz --pop --wbo --acc 0.2 --gfn 2 --chrg 0 --uhf 0 --etemp 300 --input /tmp/scratch/tmpse187v_8/17608_0_xtb.inp", "method": "GFN2-xTB", "xtb version": "6.3.3 (7355c4f)", "Dipole module/D": 0.579, "Total charge": 0, "Transition dipole module/D": NaN, "HOMO": -12.0831, "LUMO": -5.8129, "HOMO occupancy": 2.0, "LUMO occupancy": 0, "mulliken charges": [0.1728, -0.40162, 0.75751, -0.55938, -0.40162, 0.1728, 0.04341, 0.04293, 0.04341, 0.04341, 0.04293, 0.04341], "cm5 charges": [0.05222, -0.48426, 0.84425, -0.60949, -0.48426, 0.05222, 0.10532, 0.10401, 0.10532, 0.10532, 0.10401, 0.10532], "FUKUI+": [0.049, -0.128, -0.193, -0.281, -0.128, 0.049, -0.052, -0.079, -0.052, -0.052, -0.079, -0.052], "FUKUI-": [0.025, -0.139, 0.007, -0.117, -0.139, 0.025, -0.123, -0.086, -0.123, -0.123, -0.086, -0.123], "FUKUIrad": [0.037, -0.133, -0.093, -0.199, -0.133, 0.037, -0.087, -0.082, -0.087, -0.087, -0.082, -0.087], "s proportion": [0.974, 1.676, 0.885, 1.711, 1.676, 0.974, 0.957, 0.957, 0.957, 0.957, 0.957, 0.957], "p proportion": [2.853, 4.726, 2.357, 4.848, 4.726, 2.853, 0.0, 0.0, 0.0, 0.0, 0.0, 0.0], "d proportion": [0.0, 0.0, 0.0, 0.0, 0.0, 0.0, 0.0, 0.0, 0.0, 0.0, 0.0, 0.0], "Fermi-level/eV": -8.948, "Coordination numbers": [3.662, 1.704, 2.643, 0.856, 1.704, 3.662, 0.924, 0.925, 0.924, 0.924, 0.925, 0.924], "Dispersion coefficient C6": [20.348, 18.346, 19.003, 22.634, 18.346, 20.348, 2.112, 1.982, 2.112, 2.112, 1.982, 2.112], "Total dispersion C6": 1240.324948, "Total dispersion C8": 26027.747304, "Polarizability alpha": [6.471, 5.783, 7.131, 6.379, 5.783, 6.471, 2.272, 2.202, 2.272, 2.272, 2.202, 2.272], "Total polarizability alpha": 51.511857, "Wiberg matrix": [[0.0, 0.9525283407078067, 0.0, 0.0, 0.0, 0.0, 0.9780317198203006, 0.9806627656430816, 0.9780317003906259, 0.0, 0.0, 0.0], [0.9525283407078067, 0.0, 1.101804198028506, 0.1487877160273146, 0.0, 0.0, 0.0, 0.0, 0.0, 0.0, 0.0, 0.0], [0.0, 1.101804198028506, 0.0, 1.6798218137691339, 1.1018042049253642, 0.0, 0.0, 0.0, 0.0, 0.0, 0.0, 0.0], [0.0, 0.1487877160273146, 1.6798218137691339, 0.0, 0.1487877166044739, 0.0, 0.0, 0.0, 0.0, 0.0, 0.0, 0.0], [0.0, 0.0, 1.1018042049253642, 0.1487877166044739, 0.0, 0.9525283398521059, 0.0, 0.0, 0.0, 0.0, 0.0, 0.0], [0.0, 0.0, 0.0, 0.0, 0.9525283398521059, 0.0, 0.0, 0.0, 0.0, 0.9780317002746778, 0.9806627655953492, 0.9780317196762376], [0.9780317198203006, 0.0, 0.0, 0.0, 0.0, 0.0, 0.0, 0.0, 0.0, 0.0, 0.0, 0.0], [0.9806627656430816, 0.0, 0.0, 0.0, 0.0, 0.0, 0.0, 0.0, 0.0, 0.0, 0.0, 0.0], [0.9780317003906259, 0.0, 0.0, 0.0, 0.0, 0.0, 0.0, 0.0, 0.0, 0.0, 0.0, 0.0], [0.0, 0.0, 0.0, 0.0, 0.0, 0.9780317002746778, 0.0, 0.0, 0.0, 0.0, 0.0, 0.0], [0.0, 0.0, 0.0, 0.0, 0.0, 0.9806627655953492, 0.0, 0.0, 0.0, 0.0, 0.0, 0.0], [0.0, 0.0, 0.0, 0.0, 0.0, 0.9780317196762376, 0.0, 0.0, 0.0, 0.0, 0.0, 0.0]], "Born radii": [], "Atomic SASAs": [], "Solvent H bonds": [], "Total SASA": NaN, "Total FOD": 0.0, "FOD": [0.0, 0.0, 0.0, 0.0, 0.0, 0.0, 0.0, 0.0, 0.0, 0.0, 0.0, 0.0], "FOD s proportion": [0.0, 0.0, 0.0, 0.0, 0.0, 0.0, 0.0, 0.0, 0.0, 0.0, 0.0, 0.0], "FOD p proportion": [0.0, 0.0, 0.0, 0.0, 0.0, 0.0, 0.0, 0.0, 0.0, 0.0, 0.0, 0.0], "FOD d proportion": [0.0, 0.0, 0.0, 0.0, 0.0, 0.0, 0.0, 0.0, 0.0, 0.0, 0.0, 0.0], "coordinates": [["-2.32399243991462", "-0.11763100334168", "-0.06482801850299"], ["-1.09528545435836", "0.24726962360100", "0.55125695541878"], ["0.00009635860779", "-0.00227059908925", "-0.16677454393517"], ["0.02101594306731", "-0.49588504378032", "-1.25816477315525"], ["1.06837486423292", "0.38771568372975", "0.52920863928606"], ["2.32118455287385", "0.18389359027121", "-0.11216368196137"], ["-2.45670708386859", "0.42444916264240", "-1.00311872540073"], ["-3.10192977235066", "0.15023296505885", "0.64493500690022"], ["-2.34448213664099", "-1.18950956220979", "-0.27100769939818"], ["2.47587004426321", "-0.87661412273741", "-0.32012840256638"], ["3.07221140815810", "0.55100469648863", "0.58201874831482"], ["2.36364571593004", "0.73734460936660", "-1.05223950499982"]],