{"total energy": -25.38552763, "HOMO-LUMO gap/eV": 4.66356701, "electronic energy": -25.84561885, "dipole": [-0.01568844, -0.19492376, 0.02063363], "partial charges": [-0.09678107, -0.05704384, 0.01149029, -0.04300062, -0.03301019, -0.04411621, 0.01542638, -0.10775733, -0.0483681, 0.03517873, 0.03420184, 0.03516032, 0.03400332, 0.03402106, 0.02579541, 0.02592969, 0.02580445, 0.04059765, 0.04064839, 0.04499563, 0.02682422], "atomic dipole moments": [[0.03928749, 0.02780679, -0.0863243], [0.02501125, -0.00674171, 0.09957856], [-0.08524089, -0.02636919, -0.01598335], [0.0031498, -0.00684877, -0.00098294], [0.00021408, -0.00056343, -0.00060603], [-0.00562529, -0.00642803, -0.00170308], [0.06984799, -0.05909719, -0.00412093], [-0.05092585, 0.04329501, 0.00796234], [0.0035009, 0.0120208, 0.00439284], [-0.00126568, 0.09479329, 0.08132145], [-0.1164806, -0.038246, -0.01892942], [0.06520873, -0.09309821, 0.05136718], [-0.00076738, -0.09622569, -0.07899983], [-0.06790966, 0.09222894, -0.04929855], [-0.10930512, 0.09777443, 0.00513341], [0.02716835, 0.14030571, 0.03164306], [0.13682541, 0.04569236, 0.02685236], [0.10892066, 0.05561695, -0.03366284], [-0.0250572, -0.09363981, -0.08152412], [0.01765934, -0.05265996, 0.11486741], [-0.02703959, -0.13970549, -0.03199907]], "atomic quadrupole moments": [[-0.05402578, 0.04730046, -0.09677856, -0.13366694, -0.09182907, 0.15080434], [0.09369495, 0.10977229, -0.13570516, -0.07011517, -0.06066731, 0.04201021], [-0.0994096, 0.10137476, -0.29684698, -0.04645133, -0.13306999, 0.39625658], [-0.22263975, 0.02027361, -0.22096819, -0.08803909, -0.13747901, 0.44360794], [-0.24540223, 0.0195858, -0.22634701, -0.09461924, -0.14619214, 0.47174924], [-0.22611377, 0.01084994, -0.2162197, -0.08822407, -0.13823107, 0.44233347], [-0.18334847, -0.11655289, -0.19542701, -0.10378332, -0.13821014, 0.37877549], [0.07324566, -0.13026506, 0.04204845, 0.00338672, 0.01129471, -0.11529411], [-0.22560739, 0.01896352, -0.20312893, -0.08624617, -0.13526908, 0.42873632], [-0.05087028, 0.00578088, 0.04275561, -0.00604579, 0.05490322, 0.00811467], [0.06580006, 0.03893388, -0.04221917, 0.02513449, 0.00376608, -0.02358089], [-0.00357276, -0.05778854, 0.02383725, 0.01501975, -0.03593482, -0.02026449], [-0.0218592, 0.00095939, 0.02520462, -0.01018922, 0.04533235, -0.00334542], [0.00114068, -0.03142764, 0.02592625, 0.01133212, -0.02976814, -0.02706693], [0.03470296, -0.00221666, 0.03140469, 0.01337358, 0.02069495, -0.06610765], [0.03778197, -0.00393678, 0.03016771, 0.01372588, 0.02042651, -0.06794969], [0.03440332, -0.00351377, 0.03176576, 0.01300333, 0.02050121, -0.06616909], [0.04486122, 0.04538882, 0.00396102, -0.03331395, -0.01765762, -0.04882224], [-0.02007446, 0.0148378, 0.01675388, 0.02816644, 0.06602588, 0.00332058], [-0.04127507, -0.00920462, -0.02789127, 0.0052191, -0.04288154, 0.06916634], [0.03281138, -0.00234129, 0.03335479, 0.01311579, 0.02088586, -0.06616617]], "number of molecular orbitals": 48, "number of electrons": 48, "number of unpaired electrons": 0, "orbital energies/eV": [-17.35265546, -16.91925859, -16.66073617, -16.33163487, -16.00194605, -15.60836743, -15.26881281, -14.94760724, -14.0515468, -13.80956366, -13.55352992, -13.30487772, -13.20612316, -13.06256659, -12.81275354, -12.67756245, -12.38266736, -12.22483621, -12.14209325, -11.78689167, -11.28101571, -11.19158746, -10.61978822, -10.44371471, -5.7801477, -5.74621479, -2.32311936, 2.62012838, 3.33890924, 3.682714, 3.85023909, 3.91697311, 4.7152388, 4.92330836, 5.09954692, 5.26132499, 5.56411714, 5.69448585, 6.08872962, 6.18796385, 7.14278762, 7.37298508, 11.12562908, 11.42290686, 12.70766564, 12.98941047, 17.62502452, 18.08324661], "fractional occupation": [2.0, 2.0, 2.0, 2.0, 2.0, 2.0, 2.0, 2.0, 2.0, 2.0, 2.0, 2.0, 2.0, 2.0, 2.0, 2.0, 2.0, 2.0, 2.0, 2.0, 2.0, 2.0, 2.0, 2.0, 0.0, 0.0, 0.0, 0.0, 0.0, 0.0, 0.0, 0.0, 0.0, 0.0, 0.0, 0.0, 0.0, 0.0, 0.0, 0.0, 0.0, 0.0, 0.0, 0.0, 0.0, 0.0, 0.0, 0.0], "program call": "xtb /tmp/scratch/tmp80f62246/17913_0_xyzopt.xyz --pop --wbo --acc 0.2 --gfn 2 --chrg 0 --uhf 0 --etemp 300 --input /tmp/scratch/tmp80f62246/17913_0_xtb.inp", "method": "GFN2-xTB", "xtb version": "6.3.3 (7355c4f)", "Dipole module/D": 0.5, "Total charge": 0, "Transition dipole module/D": NaN, "HOMO": -10.4437, "LUMO": -5.7801, "HOMO occupancy": 2.0, "LUMO occupancy": 0, "mulliken charges": [-0.08034, -0.04268, 0.01074, -0.04784, -0.02455, -0.04889, 0.01793, -0.08964, -0.05714, 0.02937, 0.02939, 0.02911, 0.02822, 0.02838, 0.02726, 0.02706, 0.0271, 0.03499, 0.03483, 0.03959, 0.02709], "cm5 charges": [-0.23169, -0.14956, -0.00562, -0.10222, -0.08076, -0.10324, -0.00014, -0.23518, -0.10943, 0.08201, 0.08095, 0.08175, 0.08401, 0.08417, 0.08466, 0.0835, 0.08434, 0.08775, 0.0876, 0.09174, 0.08536], "FUKUI+": [0.014, 0.017, -0.08, -0.052, -0.053, -0.057, -0.074, 0.032, -0.047, -0.019, -0.045, -0.018, -0.045, -0.045, -0.092, -0.093, -0.093, -0.051, -0.051, -0.059, -0.089], "FUKUI-": [0.007, 0.007, -0.049, -0.058, -0.027, -0.054, -0.057, 0.024, -0.021, -0.041, -0.058, -0.043, -0.059, -0.064, -0.074, -0.073, -0.075, -0.065, -0.064, -0.093, -0.062], "FUKUIrad": [0.011, 0.012, -0.064, -0.055, -0.04, -0.055, -0.066, 0.028, -0.034, -0.03, -0.052, -0.031, -0.052, -0.055, -0.083, -0.083, -0.084, -0.058, -0.058, -0.076, -0.076], "s proportion": [1.006, 1.025, 1.084, 1.056, 1.055, 1.056, 1.081, 1.005, 1.059, 0.971, 0.971, 0.971, 0.972, 0.972, 0.973, 0.973, 0.973, 0.965, 0.965, 0.96, 0.973], "p proportion": [3.074, 3.017, 2.906, 2.992, 2.97, 2.993, 2.901, 3.085, 2.999, 0.0, 0.0, 0.0, 0.0, 0.0, 0.0, 0.0, 0.0, 0.0, 0.0, 0.0, 0.0], "d proportion": [0.0, 0.0, 0.0, 0.0, 0.0, 0.0, 0.0, 0.0, 0.0, 0.0, 0.0, 0.0, 0.0, 0.0, 0.0, 0.0, 0.0, 0.0, 0.0, 0.0, 0.0], "Fermi-level/eV": -8.1119, "Coordination numbers": [3.754, 3.807, 2.97, 2.925, 2.917, 2.926, 2.965, 3.758, 2.931, 0.925, 0.925, 0.925, 0.924, 0.924, 0.926, 0.926, 0.926, 0.925, 0.925, 0.924, 0.925], "Dispersion coefficient C6": [22.406, 21.595, 27.756, 29.068, 28.823, 29.096, 27.665, 22.611, 29.201, 2.514, 2.527, 2.514, 2.53, 2.53, 2.647, 2.645, 2.647, 2.441, 2.44, 2.383, 2.632], "Total dispersion C6": 4258.767656, "Total dispersion C8": 99009.121438, "Polarizability alpha": [6.75, 6.615, 8.642, 8.842, 8.804, 8.846, 8.627, 6.779, 8.862, 2.48, 2.486, 2.48, 2.488, 2.487, 2.544, 2.543, 2.544, 2.443, 2.443, 2.414, 2.537], "Total polarizability alpha": 102.655937,