{"total energy": -26.06515264, "HOMO-LUMO gap/eV": 3.87894654, "electronic energy": -26.39428234, "dipole": [0.22820907, 0.85602729, -0.1511614], "partial charges": [-0.11022083, -0.00219486, -0.07992026, 0.35223479, -0.42707555, -0.27131831, 0.08646419, -0.11503719, 0.05207678, 0.06269691, 0.06269689, 0.06752088, 0.05899966, 0.04885626, 0.04885632, 0.05723303, 0.05089822, 0.05723305], "atomic dipole moments": [[-0.07034655, -0.04196505, 0.00548143], [0.11398125, 0.03044987, -0.00192572], [-0.11996596, -0.03577158, 0.00271452], [-0.16426885, 0.04913996, -0.01445995], [0.01427358, 0.19562412, -0.03578052], [-0.03963065, -0.23623353, 0.04247765], [0.17443188, 0.16606986, -0.02508094], [0.08515363, -0.09287317, 0.01998511], [-0.01536285, 0.12438075, -0.02354668], [0.06607865, -0.01380433, 0.10973337], [0.07269459, -0.05139109, -0.09312764], [-0.00322056, -0.14680976, 0.02709696], [-0.01792698, 0.14695664, -0.02781287], [-0.0068307, -0.0542068, 0.11333804], [-0.00030921, -0.09125572, -0.08661914], [0.00942735, 0.09079524, 0.08827965], [-0.11268816, -0.0546251, 0.00644585], [0.01602942, 0.05328925, -0.11414579]], "atomic quadrupole moments": [[0.1489547, 0.11979187, -0.0460915, -0.01395713, -0.00675994, -0.1028632], [-0.26031086, 0.1433728, -0.3261792, -0.05533109, 0.18030293, 0.58649006], [-0.1888234, 0.14632212, -0.23139886, -0.04781031, 0.13026797, 0.42022226], [-0.1574151, -0.17952207, -0.26193277, 0.01371466, 0.1245686, 0.41934787], [-0.11712285, -0.00816923, -0.06200842, -0.00843572, 0.04604342, 0.17913127], [0.07542324, 0.03431682, 0.00900376, -0.00104506, -0.01676088, -0.084427], [0.43425775, 0.14272438, -0.05580306, 0.0004077, -0.05708945, -0.37845469], [0.0892724, -0.2015497, 0.05556101, 0.04530258, -0.04554037, -0.14483341], [-0.02302562, -0.01865835, 0.07385713, 0.00451734, -0.02458237, -0.05083151], [-0.01983334, -0.00214243, -0.0349196, 0.05683198, -0.01872434, 0.05475294], [-0.01247028, -0.02512248, -0.01143915, -0.05553781, 0.04178299, 0.02390943], [0.03873206, -0.01093095, 0.02243752, 0.00538873, -0.01644425, -0.06116958], [0.02447675, 0.00243983, 0.03464499, 0.00238513, -0.01792388, -0.05912174], [0.00063485, 0.00728844, -0.03195109, -0.00990192, -0.02130071, 0.03131623], [-0.00035451, 0.00811043, -0.00936525, 0.00561612, 0.03764841, 0.00971976], [-0.04466926, 0.00083705, 0.01935333, 0.01798864, 0.0588309, 0.02531593], [0.06827271, 0.0496707, -0.0139201, -0.00517266, -0.00604784, -0.05435261], [-0.04201486, -0.00329707, -0.01934222, -0.02329261, -0.042253, 0.06135707]], "number of molecular orbitals": 42, "number of electrons": 46, "number of unpaired electrons": 0, "orbital energies/eV": [-19.94713746, -19.14418915, -18.21388883, -17.47234843, -16.84935957, -16.44190183, -16.22845366, -15.71717237, -15.40330212, -15.15025941, -14.77745278, -14.11130529, -13.72956661, -13.59831357, -13.45827949, -13.05557033, -12.90602963, -12.79556309, -12.58415308, -12.2302945, -11.77609665, -11.36328793, -11.07719321, -7.19824667, -4.23501707, 0.40269221, 2.86089216, 3.25373541, 3.56873561, 4.00306089, 4.06491859, 4.52757963, 4.73965991, 4.98322403, 5.65220138, 6.07952171, 6.4223862, 7.266354, 7.36835354, 11.23747544, 14.66691328, 19.42738587], "fractional occupation": [2.0, 2.0, 2.0, 2.0, 2.0, 2.0, 2.0, 2.0, 2.0, 2.0, 2.0, 2.0, 2.0, 2.0, 2.0, 2.0, 2.0, 2.0, 2.0, 2.0, 2.0, 2.0, 2.0, 0.0, 0.0, 0.0, 0.0, 0.0, 0.0, 0.0, 0.0, 0.0, 0.0, 0.0, 0.0, 0.0, 0.0, 0.0, 0.0, 0.0, 0.0, 0.0], "program call": "xtb /tmp/scratch/tmpof_j1w3s/18248_0_xyzopt.xyz --pop --wbo --acc 0.2 --gfn 2 --chrg 0 --uhf 0 --etemp 300 --input /tmp/scratch/tmpof_j1w3s/18248_0_xtb.inp", "method": "GFN2-xTB", "xtb version": "6.3.3 (7355c4f)", "Dipole module/D": 2.284, "Total charge": 0, "Transition dipole module/D": NaN, "HOMO": -11.0772, "LUMO": -7.1982, "HOMO occupancy": 2.0, "LUMO occupancy": 0, "mulliken charges": [-0.08514, 0.02523, -0.09016, 0.57677, -0.54458, -0.42335, 0.20665, -0.09706, 0.03875, 0.04898, 0.04898, 0.05202, 0.0476, 0.03791, 0.03791, 0.04284, 0.0338, 0.04284], "cm5 charges": [-0.23273, -0.03753, -0.14066, 0.63316, -0.59436, -0.50766, 0.12443, -0.24621, 0.09155, 0.10083, 0.10083, 0.11231, 0.1093, 0.10315, 0.10315, 0.09718, 0.08607, 0.09718], "FUKUI+": [0.04, -0.122, -0.054, -0.08, -0.175, -0.086, 0.019, 0.013, -0.058, -0.081, -0.081, -0.094, -0.104, -0.031, -0.031, -0.021, -0.035, -0.021], "FUKUI-": [0.015, -0.043, -0.052, -0.01, -0.125, -0.078, 0.014, 0.015, -0.05, -0.09, -0.09, -0.055, -0.068, -0.087, -0.087, -0.074, -0.06, -0.074], "FUKUIrad": [0.028, -0.083, -0.053, -0.045, -0.15, -0.082, 0.016, 0.014, -0.054, -0.086, -0.086, -0.075, -0.086, -0.059, -0.059, -0.047, -0.048, -0.047], "s proportion": [1.004, 1.078, 1.065, 0.969, 1.723, 1.688, 0.994, 1.008, 0.961, 0.951, 0.951, 0.948, 0.952, 0.962, 0.962, 0.957, 0.966, 0.957], "p proportion": [3.081, 2.896, 3.025, 2.454, 4.822, 4.735, 2.8, 3.089, 0.0, 0.0, 0.0, 0.0, 0.0, 0.0, 0.0, 0.0, 0.0, 0.0], "d proportion": [0.0, 0.0, 0.0, 0.0, 0.0, 0.0, 0.0, 0.0, 0.0, 0.0, 0.0, 0.0, 0.0, 0.0, 0.0, 0.0, 0.0, 0.0], "Fermi-level/eV": -9.1377, "Coordination numbers": [3.756, 2.893, 2.892, 2.727, 0.856, 1.706, 3.702, 3.751, 0.925, 0.925, 0.925, 0.925, 0.926, 0.924, 0.924, 0.925, 0.925, 0.925], "Dispersion coefficient C6": [22.662, 28.08, 29.996, 21.019, 22.23, 18.499, 19.292, 22.764, 2.294, 2.168, 2.168, 2.113, 2.211, 2.334, 2.334, 2.232, 2.309, 2.232], "Total dispersion C6": 2821.623939, "Total dispersion C8": 62185.770951, "Polarizability alpha": [6.788, 8.688, 8.98, 7.506, 6.321, 5.807, 6.281, 6.804, 2.369, 2.302, 2.302, 2.273, 2.325, 2.389, 2.389, 2.336, 2.376, 2.336], "Total polarizability alpha": 80.572502, "Wiberg matrix": [[0.0, 1.055029306024626, 0.0, 0.0, 0.0, 0.0, 0.0, 0.0, 0.9840584891267948, 0.9611688168082637, 0.961168886864479, 0.0, 0.0, 0.0, 0.0, 0.0, 0.0, 0.0], [1.055029306024626, 0.0, 1.8524015315884454, 0.0, 0.0, 0.0, 0.0, 0.0, 0.0, 0.0, 0.0, 0.9605557729051072, 0.0, 0.0, 0.0, 0.0, 0.0, 0.0], [0.0, 1.8524015315884454, 0.0, 1.0282126231648065, 0.0, 0.0, 0.0, 0.0, 0.0, 0.0, 0.0, 0.0, 0.9636463921125412, 0.0, 0.0, 0.0, 0.0, 0.0], [0.0, 0.0, 1.0282126231648065, 0.0, 1.711589633244727, 1.1152257641818815, 0.0, 0.0, 0.0, 0.0, 0.0, 0.0, 0.0, 0.0, 0.0, 0.0, 0.0, 0.0], [0.0, 0.0, 0.0, 1.711589633244727, 0.0, 0.16848953937271888, 0.0, 0.0, 0.0, 0.0, 0.0, 0.0, 0.0, 0.0, 0.0, 0.0, 0.0, 0.0], [0.0, 0.0, 0.0, 1.1152257641818815, 0.16848953937271888, 0.0, 0.942411447535296, 0.0, 0.0, 0.0, 0.0, 0.0, 0.0, 0.0, 0.0, 0.0, 0.0, 0.0], [0.0, 0.0, 0.0, 0.0, 0.0, 0.942411447535296, 0.0, 1.0194265383522512, 0.0, 0.0, 0.0, 0.0, 0.0, 0.9684924899488987, 0.9684924353174863, 0.0, 0.0, 0.0], [0.0, 0.0, 0.0, 0.0, 0.0, 0.0, 1.0194265383522512, 0.0, 0.0, 0.0, 0.0, 0.0, 0.0, 0.0, 0.0, 0.9854710558557704, 0.9840948463952175, 0.9854710577405794], [0.9840584891267948, 0.0, 0.0, 0.0, 0.0, 0.0, 0.0, 0.0, 0.0, 0.0, 0.0, 0.0, 0.0, 0.0, 0.0, 0.0, 0.0, 0.0], [0.9611688168082637, 0.0, 0.0, 0.0, 0.0, 0.0, 0.0, 0.0, 0.0, 0.0, 0.0, 0.0, 0.0, 0.0, 0.0, 0.0, 0.0, 0.0], [0.961168886864479, 0.0, 0.0, 0.0, 0.0, 0.0, 0.0, 0.0, 0.0, 0.0, 0.0, 0.0, 0.0, 0.0, 0.0, 0.0, 0.0, 0.0], [0.0, 0.9605557729051072, 0.0, 0.0, 0.0, 0.0, 0.0, 0.0, 0.0, 0.0, 0.0, 0.0, 0.0, 0.0, 0.0, 0.0, 0.0, 0.0], [0.0, 0.0, 0.9636463921125412, 0.0, 0.0, 0.0, 0.0, 0.0, 0.0, 0.0, 0.0, 0.0, 0.0, 0.0, 0.0, 0.0, 0.0, 0.0], [0.0, 0.0, 0.0, 0.0, 0.0, 0.0, 0.9684924899488987, 0.0, 0.0, 0.0, 0.0, 0.0, 0.0, 0.0, 0.0, 0.0, 0.0, 0.0], [0.0, 0.0, 0.0, 0.0, 0.0, 0.0, 0.9684924353174863, 0.0, 0.0, 0.0, 0.0, 0.0, 0.0, 0.0, 0.0, 0.0, 0.0, 0.0], [0.0, 0.0, 0.0, 0.0, 0.0, 0.0, 0.0, 0.9854710558557704, 0.0, 0.0, 0.0, 0.0, 0.0, 0.0, 0.0, 0.0, 0.0, 0.0], [0.0, 0.0, 0.0, 0.0, 0.0, 0.0, 0.0, 0.9840948463952175, 0.0, 0.0, 0.0, 0.0, 0.0, 0.0, 0.0, 0.0, 0.0, 0.0], [0.0, 0.0, 0.0, 0.0, 0.0, 0.0, 0.0, 0.9854710577405794, 0.0, 0.0, 0.0, 0.0, 0.0, 0.0, 0.0, 0.0, 0.0, 0.0]], "Born radii": [], "Atomic SASAs": [], "Solvent H bonds": [], "Total SASA": NaN, "Total FOD": 0.0,