{"total energy": -27.11263574, "HOMO-LUMO gap/eV": 5.10351529, "electronic energy": -27.4294194, "dipole": [0.03797836, 0.69893233, -0.38346036], "partial charges": [-0.1045116, -0.05449906, -0.05866779, -0.09123684, 0.35595839, -0.40407989, -0.26927698, 0.03337461, 0.03713628, 0.03570118, 0.03713688, 0.03121414, 0.03121349, 0.04853472, 0.04853535, 0.06574431, 0.06574357, 0.06197147, 0.06803638, 0.06197139], "atomic dipole moments": [[0.07423389, 0.06125672, -0.0374968], [0.02572462, -0.10098731, 0.05369319], [0.00795226, 0.11819445, -0.0649298], [0.02885429, -0.0880348, 0.04645392], [0.13258945, 0.07273576, -0.04696188], [-0.03417013, 0.16788788, -0.08973526], [0.07026411, -0.20633633, 0.10873431], [-0.24616759, 0.0694675, -0.02440103], [0.01182519, -0.01584996, 0.1223594], [-0.11024874, 0.05141306, -0.02200589], [0.00217941, -0.11179599, -0.05347725], [-0.01660204, 0.01563032, -0.11987149], [-0.00713386, 0.10980923, 0.05272688], [0.00840276, -0.11346039, -0.05230726], [0.01799778, -0.01802031, 0.12260216], [-0.01281174, 0.01848174, -0.12791885], [-0.00281341, 0.11793242, 0.05434097], [0.01126325, -0.114318, -0.05690346], [0.06791875, 0.09169324, -0.0537586], [0.02127229, -0.01476107, 0.12555106]], "atomic quadrupole moments": [[0.08091181, 0.14943275, 0.0009762, -0.09314506, -0.08002839, -0.08188802], [0.22150929, 0.01332352, -0.04200614, -0.03263716, -0.1092656, -0.17950315], [0.24084724, 0.03744472, -0.04458618, -0.04823216, -0.12283093, -0.19626106], [0.2185092, 0.00378091, -0.03075898, -0.02813022, -0.12347508, -0.18775022], [-0.18065295, 0.15964006, -0.11746078, -0.05177397, 0.30822172, 0.29811373], [-0.11535657, 0.01373493, -0.01870132, 0.00975045, 0.11803613, 0.13405789], [0.08530271, -0.02633404, -0.01809708, 0.00494368, -0.0358896, -0.06720563], [0.49521024, -0.20834745, -0.21666407, 0.0705897, -0.02879819, -0.27854617], [-0.03677268, 0.011016, -0.04296165, 0.02082877, -0.01133422, 0.07973433], [0.05535978, -0.047365, -0.010522, 0.01974562, -0.02212167, -0.04483778], [-0.04055156, -0.00286489, 0.05478731, -0.01619254, 0.05259858, -0.01423575], [-0.0177141, 0.00208714, -0.03961587, 0.00832159, -0.00384813, 0.05732997], [-0.01884512, 9.823e-05, 0.03270994, -0.00393897, 0.04300247, -0.01386482], [-0.0185598, 0.00024668, 0.02968424, -0.00334642, 0.04266988, -0.01112444], [-0.01753402, 0.00193372, -0.03823486, 0.00783708, -0.00131625, 0.05576889], [-0.0182053, 0.01800831, -0.04423332, 0.01248935, -0.0102912, 0.06243861], [-0.02151386, 0.0058054, 0.04033658, -0.01989428, 0.04503264, -0.01882272], [-0.01010338, -0.01503924, 0.0314751, 0.00511386, 0.05095768, -0.02137172], [0.02225545, 0.04313616, 0.01267274, -0.02800234, -0.04154879, -0.03492819], [-0.00918053, -0.01459705, -0.05102752, 0.0157624, -0.00238497, 0.06020805]], "number of molecular orbitals": 44, "number of electrons": 48, "number of unpaired electrons": 0, "orbital energies/eV": [-20.23748691, -19.450816, -18.39626989, -17.31261203, -16.7975086, -16.55209226, -15.99981475, -15.98704794, -15.40571535, -15.13609864, -15.10368479, -14.37202817, -13.91009511, -13.81207506, -13.53206408, -13.20248299, -13.05229595, -12.76355743, -12.26923786, -12.18941386, -12.13034442, -11.9469588, -11.59571443, -11.27869509, -6.1751798, 0.17149018, 2.42669366, 2.8938519, 3.28299852, 3.58480266, 3.72302338, 4.19830615, 4.27195985, 4.78819456, 4.98196064, 5.06255276, 5.27761213, 5.82488626, 6.50453426, 7.00038925, 7.25565337, 7.75314941, 8.34626836, 17.95305597], "fractional occupation": [2.0, 2.0, 2.0, 2.0, 2.0, 2.0, 2.0, 2.0, 2.0, 2.0, 2.0, 2.0, 2.0, 2.0, 2.0, 2.0, 2.0, 2.0, 2.0, 2.0, 2.0, 2.0, 2.0, 2.0, 0.0, 0.0, 0.0, 0.0, 0.0, 0.0, 0.0, 0.0, 0.0, 0.0, 0.0, 0.0, 0.0, 0.0, 0.0, 0.0, 0.0, 0.0, 0.0, 0.0], "program call": "xtb /tmp/scratch/tmp1mxxnosf/18431_0_xyzopt.xyz --pop --wbo --acc 0.2 --gfn 2 --chrg 0 --uhf 0 --etemp 300 --input /tmp/scratch/tmp1mxxnosf/18431_0_xtb.inp", "method": "GFN2-xTB", "xtb version": "6.3.3 (7355c4f)", "Dipole module/D": 2.029, "Total charge": 0, "Transition dipole module/D": NaN, "HOMO": -11.2787, "LUMO": -6.1752, "HOMO occupancy": 2.0, "LUMO occupancy": 0, "mulliken charges": [-0.08507, -0.04171, -0.04189, -0.08252, 0.58027, -0.52959, -0.41815, 0.1758, 0.03041, 0.03041, 0.03041, 0.02248, 0.02248, 0.03753, 0.03753, 0.05366, 0.05366, 0.04351, 0.03729, 0.04351], "cm5 charges": [-0.23781, -0.15509, -0.15153, -0.18217, 0.63246, -0.58156, -0.5084, 0.05516, 0.08263, 0.08199, 0.08263, 0.07771, 0.07771, 0.09571, 0.09571, 0.1129, 0.1129, 0.10544, 0.09816, 0.10544], "FUKUI+": [0.012, 0.006, 0.014, 0.03, -0.189, -0.283, -0.124, 0.047, -0.014, -0.028, -0.014, -0.019, -0.019, -0.023, -0.023, -0.098, -0.098, -0.049, -0.075, -0.049], "FUKUI-": [0.02, 0.006, 0.01, -0.0, -0.012, -0.127, -0.075, 0.022, -0.08, -0.071, -0.08, -0.097, -0.097, -0.073, -0.073, -0.059, -0.059, -0.048, -0.058, -0.048], "FUKUIrad": [0.016, 0.006, 0.012, 0.015, -0.1, -0.205, -0.1, 0.034, -0.047, -0.05, -0.047, -0.058, -0.058, -0.048, -0.048, -0.078, -0.078, -0.049, -0.067, -0.049], "s proportion": [1.005, 1.027, 1.028, 1.038, 0.98, 1.72, 1.686, 0.973, 0.97, 0.97, 0.97, 0.978, 0.978, 0.962, 0.962, 0.946, 0.946, 0.956, 0.963, 0.956], "p proportion": [3.08, 3.015, 3.014, 3.044, 2.44, 4.809, 4.732, 2.852, 0.0, 0.0, 0.0, 0.0, 0.0, 0.0, 0.0, 0.0, 0.0, 0.0, 0.0, 0.0], "d proportion": [0.0, 0.0, 0.0, 0.0, 0.0, 0.0, 0.0, 0.0, 0.0, 0.0, 0.0, 0.0, 0.0, 0.0, 0.0, 0.0, 0.0, 0.0, 0.0, 0.0], "Fermi-level/eV": -8.7269, "Coordination numbers": [3.752, 3.801, 3.804, 3.804, 2.721, 0.856, 1.704, 3.655, 0.925, 0.925, 0.925, 0.924, 0.924, 0.924, 0.924, 0.924, 0.924, 0.924, 0.925, 0.924], "Dispersion coefficient C6": [22.557, 21.553, 21.626, 22.237, 20.958, 21.763, 18.465, 20.307, 2.487, 2.507, 2.487, 2.569, 2.569, 2.338, 2.338, 2.133, 2.133, 2.176, 2.107, 2.176], "Total dispersion C6": 3023.887746, "Total dispersion C8": 64072.572112, "Polarizability alpha": [6.773, 6.61, 6.62, 6.713, 7.494, 6.255, 5.802, 6.47, 2.466, 2.476, 2.466, 2.507, 2.507, 2.391, 2.391, 2.284, 2.284, 2.307, 2.27, 2.307], "Total polarizability alpha": 81.392722,