{"total energy": -22.89468342, "HOMO-LUMO gap/eV": 3.8574513, "electronic energy": -23.1751075, "dipole": [0.03847873, 0.50297874, 0.5759357], "partial charges": [-0.08192936, -0.00776286, -0.11040264, 0.34920904, -0.41105551, -0.26408868, 0.03514792, 0.06273324, 0.05594863, 0.05054773, 0.06547497, 0.06547491, 0.06219546, 0.06219551, 0.06631163], "atomic dipole moments": [[-0.00106256, 0.0294179, 0.03393176], [0.0243028, -0.09805684, -0.11467833], [0.07557057, 0.04029534, 0.04067323], [0.16204022, 0.05044849, 0.04583834], [-0.02400011, 0.12777299, 0.14885223], [0.05254215, -0.15397479, -0.18115823], [-0.23894212, 0.05227747, 0.07818147], [0.12552295, 0.0594385, 0.05893779], [-0.13203639, 0.03639681, 0.05184553], [-0.10718698, 0.03889638, 0.05284584], [0.00048035, 0.02629787, -0.12739858], [0.01068387, -0.12940504, 0.00790016], [0.015091, -0.12672495, 0.01173421], [0.00481726, 0.03004693, -0.12449348], [0.0767218, 0.06833304, 0.07285217]], "atomic quadrupole moments": [[-0.30451983, -0.03482996, 0.22441101, 0.03347335, -0.51110095, 0.08010881], [-0.04371341, -0.0021547, 0.0763857, 0.03142617, -0.37903125, -0.03267229], [0.10385707, 0.10837596, -0.055278, 0.10709679, 0.07762067, -0.04857907], [-0.17830862, 0.09867537, 0.14733828, 0.16036644, -0.34701283, 0.03097034], [-0.11901545, -0.00765372, 0.07911581, 0.0151404, -0.13686036, 0.03989965], [0.07571081, -0.01678827, -0.04628483, -0.03154799, 0.04746861, -0.02942598], [0.45349609, -0.1492682, -0.2485441, -0.22785241, 0.0589894, -0.20495199], [0.03461327, 0.01368976, -0.02312748, 0.0082707, 0.04670124, -0.01148579], [0.04389755, -0.00985472, -0.02924714, -0.0197055, 0.0442257, -0.01465041], [0.0534469, -0.03046753, -0.03381538, -0.04356235, 0.0315838, -0.01963153], [-0.03235683, 0.00379061, -0.04137963, -0.00196533, -0.0340361, 0.07373646], [-0.03081875, -0.01191539, 0.07982418, 0.00360302, -0.01607042, -0.04900543], [-0.01218095, -0.01650875, 0.05719404, -0.01405447, -0.01972556, -0.04501309], [-0.01238024, -0.01182583, -0.03932135, -0.01172867, -0.03344185, 0.05170159], [0.03083441, 0.03729626, -0.01896499, 0.0361292, 0.04351357, -0.01186941]], "number of molecular orbitals": 36, "number of electrons": 40, "number of unpaired electrons": 0, "orbital energies/eV": [-20.16517406, -19.3591947, -18.37570263, -17.43307971, -16.51857092, -16.39009124, -16.06457131, -15.89550961, -15.18314057, -14.65137607, -14.03789798, -13.88605205, -13.4500007, -13.24659134, -12.96477222, -12.7216581, -12.40315341, -12.15312629, -11.36559503, -11.19080481, -7.33335351, -4.39338998, 0.42035832, 2.82390363, 3.12516586, 3.6073074, 4.34281932, 4.95704634, 5.24798759, 5.58962023, 5.98500922, 6.37983165, 7.77981195, 10.50817935, 14.86738622, 19.04331467], "fractional occupation": [2.0, 2.0, 2.0, 2.0, 2.0, 2.0, 2.0, 2.0, 2.0, 2.0, 2.0, 2.0, 2.0, 2.0, 2.0, 2.0, 2.0, 2.0, 2.0, 2.0, 0.0, 0.0, 0.0, 0.0, 0.0, 0.0, 0.0, 0.0, 0.0, 0.0, 0.0, 0.0, 0.0, 0.0, 0.0, 0.0], "program call": "xtb /tmp/scratch/tmpvcg_710e/1850_0_xyzopt.xyz --pop --wbo --acc 0.2 --gfn 2 --chrg 0 --uhf 0 --etemp 300 --input /tmp/scratch/tmpvcg_710e/1850_0_xtb.inp", "method": "GFN2-xTB", "xtb version": "6.3.3 (7355c4f)", "Dipole module/D": 1.946, "Total charge": 0, "Transition dipole module/D": NaN, "HOMO": -11.1908, "LUMO": -7.3334, "HOMO occupancy": 2.0, "LUMO occupancy": 0, "mulliken charges": [-0.05501, -0.01548, -0.08236, 0.57031, -0.53542, -0.41598, 0.17679, 0.05193, 0.03978, 0.03409, 0.05389, 0.05389, 0.04368, 0.04368, 0.03621], "cm5 charges": [-0.15442, -0.03018, -0.22662, 0.62834, -0.58608, -0.50616, 0.05642, 0.1115, 0.09411, 0.08725, 0.10858, 0.10858, 0.10579, 0.10579, 0.09711], "FUKUI+": [-0.092, -0.082, 0.039, -0.082, -0.195, -0.078, 0.035, -0.104, -0.119, -0.06, -0.062, -0.062, -0.04, -0.04, -0.057], "FUKUI-": [-0.051, -0.062, 0.019, -0.013, -0.156, -0.094, 0.027, -0.086, -0.103, -0.075, -0.096, -0.096, -0.071, -0.071, -0.072], "FUKUIrad": [-0.071, -0.072, 0.029, -0.047, -0.175, -0.086, 0.031, -0.095, -0.111, -0.068, -0.079, -0.079, -0.056, -0.056, -0.064], "s proportion": [1.055, 1.093, 1.003, 0.976, 1.723, 1.686, 0.972, 0.948, 0.96, 0.966, 0.946, 0.946, 0.956, 0.956, 0.964], "p proportion": [3.0, 2.922, 3.079, 2.453, 4.813, 4.73, 2.851, 0.0, 0.0, 0.0, 0.0, 0.0, 0.0, 0.0, 0.0], "d proportion": [0.0, 0.0, 0.0, 0.0, 0.0, 0.0, 0.0, 0.0, 0.0, 0.0, 0.0, 0.0, 0.0, 0.0, 0.0], "Fermi-level/eV": -9.2621, "Coordination numbers": [2.844, 2.937, 3.759, 2.733, 0.856, 1.704, 3.658, 0.926, 0.926, 0.925, 0.925, 0.925, 0.924, 0.924, 0.925], "Dispersion coefficient C6": [30.041, 28.213, 22.66, 21.07, 21.903, 18.377, 20.264, 2.167, 2.247, 2.313, 2.136, 2.136, 2.174, 2.174, 2.127], "Total dispersion C6": 2052.395657, "Total dispersion C8": 45513.429875, "Polarizability alpha": [8.983, 8.711, 6.786, 7.515, 6.275, 5.788, 6.461, 2.302, 2.344, 2.378, 2.286, 2.286, 2.306, 2.306, 2.28], "Total polarizability alpha": 69.00563, "Wiberg matrix": [[0.0, 1.8773784676875998, 0.0, 0.0, 0.0, 0.0, 0.0, 0.9724934084223449, 0.974132560294667, 0.0, 0.0, 0.0, 0.0, 0.0, 0.0], [1.8773784676875998, 0.0, 1.0297340870472909, 0.9949327482220341, 0.0, 0.0, 0.0, 0.0, 0.0, 0.0, 0.0, 0.0, 0.0, 0.0, 0.0], [0.0, 1.0297340870472909, 0.0, 0.0, 0.0, 0.0, 0.0, 0.0, 0.0, 0.9847802928780623, 0.9665584905311964, 0.9665584860796865, 0.0, 0.0, 0.0], [0.0, 0.9949327482220341, 0.0, 0.0, 1.7325497803124643, 1.1147357142191932, 0.0, 0.0, 0.0, 0.0, 0.0, 0.0, 0.0, 0.0, 0.0], [0.0, 0.0, 0.0, 1.7325497803124643, 0.0, 0.16915542627754798, 0.0, 0.0, 0.0, 0.0, 0.0, 0.0, 0.0, 0.0, 0.0], [0.0, 0.0, 0.0, 1.1147357142191932, 0.16915542627754798, 0.0, 0.9608576756167274, 0.0, 0.0, 0.0, 0.0, 0.0, 0.0, 0.0, 0.0], [0.0, 0.0, 0.0, 0.0, 0.0, 0.9608576756167274, 0.0, 0.0, 0.0, 0.0, 0.0, 0.0, 0.9764598576082714, 0.9764598403481759, 0.9819198858970947], [0.9724934084223449, 0.0, 0.0, 0.0, 0.0, 0.0, 0.0, 0.0, 0.0, 0.0, 0.0, 0.0, 0.0, 0.0, 0.0], [0.974132560294667, 0.0, 0.0, 0.0, 0.0, 0.0, 0.0, 0.0, 0.0, 0.0, 0.0, 0.0, 0.0, 0.0, 0.0], [0.0, 0.0, 0.9847802928780623, 0.0, 0.0, 0.0, 0.0, 0.0, 0.0, 0.0, 0.0, 0.0, 0.0, 0.0, 0.0], [0.0, 0.0, 0.9665584905311964, 0.0, 0.0, 0.0, 0.0, 0.0, 0.0, 0.0, 0.0, 0.0, 0.0, 0.0, 0.0], [0.0, 0.0, 0.9665584860796865, 0.0, 0.0, 0.0, 0.0, 0.0, 0.0, 0.0, 0.0, 0.0, 0.0, 0.0, 0.0], [0.0, 0.0, 0.0, 0.0, 0.0, 0.0, 0.9764598576082714, 0.0, 0.0, 0.0, 0.0, 0.0, 0.0, 0.0, 0.0], [0.0, 0.0, 0.0, 0.0, 0.0, 0.0, 0.9764598403481759, 0.0, 0.0, 0.0, 0.0, 0.0, 0.0, 0.0, 0.0], [0.0, 0.0, 0.0, 0.0, 0.0, 0.0, 0.9819198858970947, 0.0, 0.0, 0.0, 0.0, 0.0, 0.0, 0.0, 0.0]], "Born radii": [], "Atomic SASAs": [], "Solvent H bonds": [], "Total SASA": NaN, "Total FOD": 0.0, "FOD": [0.0, 0.0, 0.0, 0.0, 0.0, 0.0, 0.0, 0.0, 0.0, 0.0, 0.0, 0.0, 0.0, 0.0, 0.0], "FOD s proportion": [0.0, 0.0, 0.0, 0.0, 0.0, 0.0, 0.0, 0.0, 0.0, 0.0, 0.0, 0.0, 0.0, 0.0, 0.0], "FOD p proportion": [0.0, 0.0, 0.0, 0.0, 0.0, 0.0, 0.0, 0.0, 0.0, 0.0, 0.0, 0.0, 0.0, 0.0, 0.0], "FOD d proportion": [0.0, 0.0, 0.0, 0.0, 0.0, 0.0, 0.0, 0.0, 0.0, 0.0, 0.0, 0.0, 0.0, 0.0, 0.0], "coordinates": [["-1.07989623021228", "0.99791376283025", "1.28890463120364"], ["-0.98347601487750", "0.13233306641725", "0.28551663341452"], ["-2.15587202201820", "-0.51907025720274", "-0.37570540691745"], ["0.33596007903943", "-0.26744094528568", "-0.27404836741297"], ["0.47709335900841", "-1.04839071742632", "-1.18341873098335"], ["1.37027530165457", "0.33195200476145", "0.33773399605673"], ["2.65718716783807", "-0.00985154824644", "-0.15267082650661"], ["-0.20894373956565", "1.44333644769157", "1.73582449846816"], ["-2.03757796313548", "1.28438727164591", "1.69081271759170"], ["-3.08827333251957", "-0.18995247432814", "0.07336343340232"], ["-2.15956531015201", "-0.28076935872833", "-1.43798438863106"], ["-2.07303035040799", "-1.60125421230049", "-0.29054222809653"], ["2.83198012945484", "-1.08271717457018", "-0.04634442318975"], ["2.74431951372092", "0.25493067054634", "-1.20869966367351"], ["3.36982041217243", "0.55459446419555", "0.44315412527414"]],