{"total energy": -20.78055649, "HOMO-LUMO gap/eV": 5.11323484, "electronic energy": -21.00516065, "dipole": [-0.63996655, 0.39377925, -0.77073325], "partial charges": [-0.11906574, 0.11650501, -0.11671109, -0.24910131, 0.33989468, -0.38368189, 0.05999846, 0.05505022, 0.05433288, 0.05350113, 0.05353384, 0.05709564, 0.05248103, 0.02616715], "atomic dipole moments": [[0.04725061, -0.00057527, 0.11731271], [0.17785244, 0.1516336, -0.04563449], [0.06137868, -0.07532291, -0.07283682], [-0.05271258, -0.14037629, 0.17757185], [-0.17226808, -0.00304452, -0.0745351], [0.03133115, 0.11661731, -0.15441138], [-0.00451671, 0.1167477, -0.05041203], [0.07265106, -0.07322226, -0.07543961], [-0.11595542, -0.04834409, 0.00671466], [0.01395513, -0.11604092, 0.05322507], [-0.00333864, 0.11870793, -0.04635809], [0.05472116, 0.00131006, 0.11751463], [-0.11732714, -0.04485011, 0.01035936], [0.11553521, 0.0576003, -0.03086175]], "atomic quadrupole moments": [[-0.05649193, 0.00530266, -0.15188059, 0.15197638, 0.01960009, 0.20837252], [0.34814173, 0.18137113, -0.25390423, -0.02584238, 0.08727053, -0.0942375], [-0.00369526, -0.12825108, 0.00067812, -0.12826404, 0.15273162, 0.00301714], [0.05950159, 0.03440051, -0.03484049, 0.00507034, -0.01124754, -0.0246611], [-0.23862916, -0.29234174, 0.20953408, 0.0612311, 0.39097037, 0.02909507], [-0.10154261, -0.06651511, 0.09992899, -0.0460476, 0.13199146, 0.00161362], [-0.05197927, -0.00235899, 0.07003889, 0.00506935, -0.0370501, -0.01805962], [0.00034482, -0.0510192, -0.00279727, -0.03554736, 0.03760195, 0.00245245], [0.06963379, 0.05089801, -0.03382871, -0.0062784, -0.00432848, -0.03580508], [-3.498e-05, 0.00688101, 0.01009532, -0.00219869, -0.00411196, -0.01006034], [-0.04963304, -0.00250038, 0.0638709, -0.00667205, -0.04461471, -0.01423786], [-0.01565132, -0.01096488, -0.03663726, 0.05014826, 0.00436616, 0.05228859], [0.07257715, 0.04513307, -0.02653258, -0.01176179, 0.00520173, -0.04604457], [0.01070188, 0.00262132, -0.03556272, 0.03682644, -0.05920411, 0.02486084]], "number of molecular orbitals": 32, "number of electrons": 36, "number of unpaired electrons": 0, "orbital energies/eV": [-20.44521132, -19.69746276, -18.59195248, -17.11954851, -16.84071321, -16.53421956, -15.92093752, -15.8365156, -15.14683116, -14.28411955, -13.99446743, -13.6330383, -13.16845752, -13.12162745, -12.88724708, -12.36533735, -12.16902616, -11.59380948, -6.48057464, -0.2660807, 2.17967978, 3.13353985, 3.36503005, 4.01678344, 4.42746878, 4.94398095, 5.86770968, 6.32247711, 6.50660406, 6.63227721, 8.17442275, 17.7325834], "fractional occupation": [2.0, 2.0, 2.0, 2.0, 2.0, 2.0, 2.0, 2.0, 2.0, 2.0, 2.0, 2.0, 2.0, 2.0, 2.0, 2.0, 2.0, 2.0, 0.0, 0.0, 0.0, 0.0, 0.0, 0.0, 0.0, 0.0, 0.0, 0.0, 0.0, 0.0, 0.0, 0.0], "program call": "xtb /tmp/scratch/tmpkev_v44x/18574_0_xyzopt.xyz --pop --wbo --acc 0.2 --gfn 2 --chrg 0 --uhf 0 --etemp 300 --input /tmp/scratch/tmpkev_v44x/18574_0_xtb.inp", "method": "GFN2-xTB", "xtb version": "6.3.3 (7355c4f)", "Dipole module/D": 2.736, "Total charge": 0, "Transition dipole module/D": NaN, "HOMO": -11.5938, "LUMO": -6.4806, "HOMO occupancy": 2.0, "LUMO occupancy": 0, "mulliken charges": [-0.10061, 0.22659, -0.10435, -0.41116, 0.57906, -0.5206, 0.04415, 0.04607, 0.03574, 0.0436, 0.04093, 0.05465, 0.03639, 0.02953], "cm5 charges": [-0.2481, 0.1801, -0.25178, -0.49934, 0.59654, -0.57797, 0.09921, 0.10067, 0.0887, 0.1145, 0.09582, 0.11088, 0.08937, 0.1014], "FUKUI+": [0.019, 0.016, 0.021, -0.145, -0.167, -0.317, -0.033, -0.025, -0.047, -0.028, -0.035, -0.005, -0.055, -0.2], "FUKUI-": [0.016, -0.002, 0.016, -0.085, 0.001, -0.198, -0.109, -0.08, -0.082, -0.099, -0.085, -0.059, -0.075, -0.159], "FUKUIrad": [0.017, 0.007, 0.018, -0.115, -0.083, -0.257, -0.071, -0.052, -0.065, -0.063, -0.06, -0.032, -0.065, -0.18], "s proportion": [1.012, 1.023, 1.014, 1.686, 0.957, 1.717, 0.956, 0.954, 0.964, 0.956, 0.959, 0.945, 0.964, 0.97], "p proportion": [3.089, 2.75, 3.091, 4.726, 2.464, 4.804, 0.0, 0.0, 0.0, 0.0, 0.0, 0.0, 0.0, 0.0], "d proportion": [0.0, 0.0, 0.0, 0.0, 0.0, 0.0, 0.0, 0.0, 0.0, 0.0, 0.0, 0.0, 0.0, 0.0], "Fermi-level/eV": -9.0372, "Coordination numbers": [3.753, 3.747, 3.753, 1.702, 2.66, 0.856, 0.925, 0.925, 0.925, 0.924, 0.925, 0.925, 0.925, 0.923], "Dispersion coefficient C6": [22.839, 18.738, 22.794, 18.128, 21.227, 21.358, 2.199, 2.258, 2.266, 2.277, 2.276, 2.233, 2.289, 2.642], "Total dispersion C6": 1552.137403, "Total dispersion C8": 32783.04097, "Polarizability alpha": [6.815, 6.174, 6.808, 5.748, 7.538, 6.196, 2.319, 2.35, 2.354, 2.36, 2.359, 2.337, 2.366, 2.542], "Total polarizability alpha": 58.267297, "Wiberg matrix": [[0.0, 1.0081497457946114, 0.0, 0.0, 0.0, 0.0, 0.9840132698809378, 0.9847152409281936, 0.98312621422549, 0.0, 0.0, 0.0, 0.0, 0.0], [1.0081497457946114, 0.0, 1.002751315482328, 0.906861094393604, 0.0, 0.0, 0.0, 0.0, 0.0, 0.9612607711578204, 0.0, 0.0, 0.0, 0.0], [0.0, 1.002751315482328, 0.0, 0.0, 0.0, 0.0, 0.0, 0.0, 0.0, 0.0, 0.9850654461721479, 0.984136256164353, 0.9830948487323509, 0.0], [0.0, 0.906861094393604, 0.0, 0.0, 1.192967514044617, 0.19760926083403998, 0.0, 0.0, 0.0, 0.0, 0.0, 0.0, 0.0, 0.0], [0.0, 0.0, 0.0, 1.192967514044617, 0.0, 1.788639252374888, 0.0, 0.0, 0.0, 0.0, 0.0, 0.0, 0.0, 0.9138317617758194], [0.0, 0.0, 0.0, 0.19760926083403998, 1.788639252374888, 0.0, 0.0, 0.0, 0.0, 0.0, 0.0, 0.0, 0.0, 0.0], [0.9840132698809378, 0.0, 0.0, 0.0, 0.0, 0.0, 0.0, 0.0, 0.0, 0.0, 0.0, 0.0, 0.0, 0.0], [0.9847152409281936, 0.0, 0.0, 0.0, 0.0, 0.0, 0.0, 0.0, 0.0, 0.0, 0.0, 0.0, 0.0, 0.0], [0.98312621422549, 0.0, 0.0, 0.0, 0.0, 0.0, 0.0, 0.0, 0.0, 0.0, 0.0, 0.0, 0.0, 0.0], [0.0, 0.9612607711578204, 0.0, 0.0, 0.0, 0.0, 0.0, 0.0, 0.0, 0.0, 0.0, 0.0, 0.0, 0.0], [0.0, 0.0, 0.9850654461721479, 0.0, 0.0, 0.0, 0.0, 0.0, 0.0, 0.0, 0.0, 0.0, 0.0, 0.0], [0.0, 0.0, 0.984136256164353, 0.0, 0.0, 0.0, 0.0, 0.0, 0.0, 0.0, 0.0, 0.0, 0.0, 0.0], [0.0, 0.0, 0.9830948487323509, 0.0, 0.0, 0.0, 0.0, 0.0, 0.0, 0.0, 0.0, 0.0, 0.0, 0.0], [0.0, 0.0, 0.0, 0.0, 0.9138317617758194, 0.0, 0.0, 0.0, 0.0, 0.0, 0.0, 0.0, 0.0, 0.0]], "Born radii": [], "Atomic SASAs": [], "Solvent H bonds": [], "Total SASA": NaN, "Total FOD": 0.0, "FOD": [0.0, 0.0, 0.0, 0.0, 0.0, 0.0, 0.0, 0.0, 0.0, 0.0, 0.0, 0.0, 0.0, 0.0], "FOD s proportion": [0.0, 0.0, 0.0, 0.0, 0.0, 0.0, 0.0, 0.0, 0.0, 0.0, 0.0, 0.0, 0.0, 0.0], "FOD p proportion": [0.0, 0.0, 0.0, 0.0, 0.0, 0.0, 0.0, 0.0, 0.0, 0.0, 0.0, 0.0, 0.0, 0.0], "FOD d proportion": [0.0, 0.0, 0.0, 0.0, 0.0, 0.0, 0.0, 0.0, 0.0, 0.0, 0.0, 0.0, 0.0, 0.0], "coordinates": [["-0.75544585488489", "-0.33499600890099", "-1.47893371406248"], ["-0.16094482464487", "-0.26792260143603", "-0.08039219455811"], ["-0.96488283966356", "0.63395488278802", "0.84906992100262"], ["1.17988696547242", "0.25213943701840", "-0.21373982713043"], ["2.06061802512810", "-0.09368210479557", "0.70010685602022"], ["1.88521907538849", "-0.80602218465943", "1.64492514752379"], ["-0.80276294816183", "0.66197537588357", "-1.90897052649300"], ["-0.14220708621369", "-0.96174414491147", "-2.12091047647657"], ["-1.75763773369217", "-0.75080974534295", "-1.43241147404858"], ["-0.08530754122340", "-1.27154288817721", "0.35759829002920"], ["-0.99652655212366", "1.64577832493035", "0.45153923677981"], ["-0.50831899163956", "0.65539474392727", "1.83571362548593"], ["-1.97896306570474", "0.25608434982788", "0.94156534597389"], ["3.02727337196336", "0.38139156384815", "0.45484078995372"]],