{"total energy": -24.05070592, "HOMO-LUMO gap/eV": 11.94193463, "electronic energy": -24.35925203, "dipole": [0.08009776, 0.66051481, 0.03216827], "partial charges": [-0.10727165, -0.00972465, -0.10805485, -0.0657085, -0.06446247, 0.08902479, -0.44335184, 0.03566753, 0.03528713, 0.03194288, 0.02911688, 0.03547455, 0.03476433, 0.03674211, 0.03278484, 0.02999779, 0.05115833, 0.04664872, 0.01257113, 0.01327419, 0.28411876], "atomic dipole moments": [[0.06792952, -0.06848134, -0.01897618], [-0.00127762, 0.06692757, -0.07613005], [0.03041857, 0.04874248, 0.08116966], [-0.00277297, -0.11269177, 0.00468265], [0.0276859, 0.12926074, 0.00702902], [0.09159776, -0.18417754, -0.02398507], [-0.04239741, 0.23889762, 0.02461478], [-0.1102631, -0.05149034, 0.02069572], [-0.01233859, 0.08050043, -0.09283174], [0.0324483, 0.06304218, 0.10106682], [0.00790139, -0.07743738, 0.09501367], [-0.00432608, 0.0726175, -0.10004293], [-0.11297964, -0.04576181, 0.01782723], [0.07623432, -0.09558863, -0.0228913], [-0.0043086, 0.0718881, -0.09899802], [0.02282751, 0.07200663, 0.09425287], [-0.00895489, -0.06703739, -0.10493646], [0.00380073, -0.07943126, 0.09610718], [0.02052828, 0.058226, 0.10015118], [0.00288193, 0.07474188, -0.09064303], [0.06441509, 0.04194242, -0.00217613]], "atomic quadrupole moments": [[0.05229438, -0.15986515, 0.05516034, -0.04389853, 0.0639974, -0.10745472], [0.10331868, 0.01745454, -0.00955102, -0.01546167, 0.15070901, -0.09376766], [-0.07137857, 0.04860761, -0.03700257, 0.07686825, 0.14794564, 0.10838114], [0.20729694, -0.03890504, 0.01513825, -0.07146004, 0.00947215, -0.22243519], [0.24709395, 0.00694704, 0.01939111, -0.03540402, 0.01688731, -0.26648506], [0.26094183, -0.21960467, 0.08558563, -0.07587264, 0.05984347, -0.34652745], [0.0521198, -0.1097009, 0.06810031, -0.02520193, 0.02683989, -0.12022011], [0.05418079, 0.04885469, -0.00313504, -0.02075865, -0.00691868, -0.05104575], [-0.04292173, -0.01197095, 0.00423481, -0.00276634, -0.06170397, 0.03868692], [-0.02413747, 0.00949869, -0.0159451, 0.03853317, 0.05324683, 0.04008257], [-0.01859582, -0.00296073, 0.00488245, 0.00288295, -0.02305233, 0.01371336], [-0.05246069, 0.00579673, 0.01687931, 0.00428455, -0.0591045, 0.03558138], [0.06239078, 0.04553096, -0.03209595, -0.02659628, 0.00067488, -0.03029482], [0.01536964, -0.06466665, 0.01981148, -0.0014469, 0.01844857, -0.03518112], [-0.0218863, -0.00756982, -0.01432213, 0.00012698, -0.04226871, 0.03620844], [-0.00910034, 0.00550982, -0.01732439, 0.0136302, 0.04682636, 0.02642474], [-0.02068151, 0.00786984, -0.01495526, 0.01600872, 0.03698271, 0.03563677], [-0.02427052, 0.00232509, -0.00557507, -0.00279395, -0.04421647, 0.02984559], [-0.00794554, -0.00607658, -0.01726874, 0.01230988, 0.03032909, 0.02521427], [-0.01166686, -0.01124876, -0.00605005, -0.00877148, -0.03510437, 0.01771692], [0.10474595, 0.06990775, -0.01296463, -0.01172937, 0.00061345, -0.09178133]], "number of molecular orbitals": 42, "number of electrons": 44, "number of unpaired electrons": 0, "orbital energies/eV": [-18.62034913, -17.15130074, -16.93595964, -16.23683855, -15.93243317, -15.55276632, -15.2338216, -14.84669817, -14.46269319, -13.94964035, -13.81696335, -13.31860372, -13.2334873, -12.89552999, -12.53782001, -12.28218182, -12.17753911, -11.94065077, -11.58980144, -11.52706813, -11.45365964, -11.05705567, 0.88487896, 2.41911904, 2.65484374, 2.86755208, 3.4077431, 3.63530551, 3.75247877, 4.03997343, 4.57832748, 4.81246803, 5.46334854, 5.74944792, 5.98160947, 6.29501013, 6.50519005, 7.00106573, 7.07222431, 7.46891742, 8.14520229, 8.49150212], "fractional occupation": [2.0, 2.0, 2.0, 2.0, 2.0, 2.0, 2.0, 2.0, 2.0, 2.0, 2.0, 2.0, 2.0, 2.0, 2.0, 2.0, 2.0, 2.0, 2.0, 2.0, 2.0, 2.0, 0.0, 0.0, 0.0, 0.0, 0.0, 0.0, 0.0, 0.0, 0.0, 0.0, 0.0, 0.0, 0.0, 0.0, 0.0, 0.0, 0.0, 0.0, 0.0, 0.0], "program call": "xtb /tmp/scratch/tmp4z6x2kcb/18730_0_xyzopt.xyz --pop --wbo --acc 0.2 --gfn 2 --chrg 0 --uhf 0 --etemp 300 --input /tmp/scratch/tmp4z6x2kcb/18730_0_xtb.inp", "method": "GFN2-xTB", "xtb version": "6.3.3 (7355c4f)", "Dipole module/D": 1.693, "Total charge": 0, "Transition dipole module/D": NaN, "HOMO": -11.0571, "LUMO": 0.8849, "HOMO occupancy": 2.0, "LUMO occupancy": 0, "mulliken charges": [-0.09314, 0.00217, -0.0945, -0.0592, -0.05486, 0.20325, -0.56883, 0.03058, 0.02824, 0.02889, 0.02019, 0.02827, 0.03019, 0.03221, 0.02287, 0.02276, 0.03789, 0.03606, 0.00468, 0.00487, 0.33741], "cm5 charges": [-0.24432, -0.07335, -0.24571, -0.16896, -0.16393, 0.11769, -0.78663, 0.08295, 0.08118, 0.08122, 0.07869, 0.08127, 0.08266, 0.08521, 0.07952, 0.07931, 0.09695, 0.09435, 0.06607, 0.06633, 0.50949], "FUKUI+": [0.01, -0.028, 0.024, -0.029, -0.014, -0.018, -0.118, -0.072, -0.043, -0.04, -0.052, -0.034, -0.046, -0.025, -0.058, -0.055, -0.06, -0.062, -0.074, -0.075, -0.128], "FUKUI-": [0.019, -0.007, 0.019, 0.015, 0.014, 0.022, -0.115, -0.058, -0.073, -0.049, -0.097, -0.067, -0.057, -0.049, -0.059, -0.052, -0.071, -0.068, -0.107, -0.103, -0.056], "FUKUIrad": [0.014, -0.017, 0.021, -0.007, 0.0, 0.002, -0.116, -0.065, -0.058, -0.045, -0.075, -0.05, -0.051, -0.037, -0.059, -0.054, -0.066, -0.065, -0.091, -0.089, -0.092], "s proportion": [1.01, 1.05, 1.009, 1.035, 1.031, 0.988, 1.688, 0.969, 0.972, 0.971, 0.98, 0.972, 0.97, 0.968, 0.977, 0.977, 0.962, 0.964, 0.995, 0.995, 0.663], "p proportion": [3.083, 2.948, 3.085, 3.025, 3.023, 2.809, 4.881, 0.0, 0.0, 0.0, 0.0, 0.0, 0.0, 0.0, 0.0, 0.0, 0.0, 0.0, 0.0, 0.0, 0.0], "d proportion": [0.0, 0.0, 0.0, 0.0, 0.0, 0.0, 0.0, 0.0, 0.0, 0.0, 0.0, 0.0, 0.0, 0.0, 0.0, 0.0, 0.0, 0.0, 0.0, 0.0, 0.0], "Fermi-level/eV": -5.0861, "Coordination numbers": [3.757, 3.849, 3.756, 3.806, 3.801, 3.674, 1.656, 0.925, 0.925, 0.925, 0.924, 0.925, 0.925, 0.925, 0.924, 0.924, 0.925, 0.924, 0.923, 0.923, 0.805], "Dispersion coefficient C6": [22.603, 20.716, 22.62, 21.755, 21.737, 19.325, 21.709, 2.507, 2.513, 2.559, 2.599, 2.51, 2.52, 2.493, 2.547, 2.587, 2.306, 2.362, 2.849, 2.838, 0.771], "Total dispersion C6": 2913.122907, "Total dispersion C8": 60098.286147, "Polarizability alpha": [6.779, 6.474, 6.781, 6.64, 6.638, 6.3, 6.29, 2.476, 2.479, 2.502, 2.521, 2.478, 2.482, 2.469, 2.496, 2.515, 2.374, 2.404, 2.64, 2.635, 1.379], "Total polarizability alpha": 79.749672,