{"total energy": -21.08844326, "HOMO-LUMO gap/eV": 5.15571119, "electronic energy": -21.42631449, "dipole": [-0.02999848, -0.13355303, -0.01379603], "partial charges": [-0.04173904, -0.04173839, -0.0527648, -0.05335395, -0.05347885, -0.05335395, -0.05276472, 0.01987622, 0.01987617, 0.02978994, 0.04031393, 0.03421725, 0.02465029, 0.02574918, 0.02574915, 0.02465028, 0.03421735, 0.04031392, 0.02979001], "atomic dipole moments": [[0.09830329, -0.10242217, 0.03739346], [-0.13066982, -0.04176489, -0.05227881], [0.04917092, -0.04179769, 0.06777601], [0.06279279, 0.01254703, -0.08763706], [0.02294572, 0.10221776, 0.01055197], [-0.0553472, 0.02061966, 0.09106121], [-0.05922617, -0.00299383, -0.07239968], [0.08396502, 0.10896108, 0.03537091], [-0.02834055, 0.13883352, -0.00978928], [-0.10618351, 0.0586577, 0.01471596], [0.00778696, -0.02977904, -0.12337515], [0.02263135, 0.02861571, 0.11844355], [-0.11107369, -0.04839568, -0.00582784], [0.01149788, -0.08562034, 0.08531476], [-0.04290754, -0.0543023, -0.09975897], [0.07979126, -0.09095915, -0.00855847], [-0.00320024, 0.05794639, -0.10950746], [-0.02503619, -0.04706461, 0.1154424], [0.12156026, 0.00984223, -0.00764512]], "atomic quadrupole moments": [[-0.27844496, -0.05429056, -0.09973066, -0.32168607, -0.0310162, 0.37817561], [-0.17932852, 0.15321243, -0.21794298, -0.27813396, 0.05536502, 0.3972715], [-0.05314104, 0.10138694, 0.13586704, 0.05590746, -0.10974501, -0.08272599], [-0.06197954, -0.13750513, 0.15960029, -0.06775501, -0.08946783, -0.09762076], [0.17961114, -0.03004673, -0.01169098, -0.12949918, 0.04498042, -0.16792016], [0.08498556, 0.16802618, -0.03475392, 0.01756159, 0.13002548, -0.05023164], [-0.1054841, -0.01461594, 0.14108818, 0.09510603, 0.11875942, -0.03560407], [0.03974109, -0.01447921, 0.02974179, 0.04367947, 0.00539606, -0.06948288], [0.04557774, -0.00190087, 0.02598286, 0.04276273, -0.00486095, -0.0715606], [0.0409653, -0.01999636, 0.01811772, -0.02501292, 0.00096333, -0.05908301], [-0.03197537, -0.00768905, -0.02210581, -0.01887258, 0.02007141, 0.05408118], [-0.03401177, -0.00134807, -0.006335, 0.02986387, 0.01631837, 0.04034677], [0.04618763, 0.02354232, 0.00235161, 0.01142161, 0.00827119, -0.04853924], [-0.01768064, -0.0218431, -0.00158962, -0.00454295, -0.04640029, 0.01927026], [0.00064411, 0.01502414, -0.03676611, 0.01799321, 0.03340699, 0.036122], [0.01953091, -0.03265815, 0.03063251, 0.00352618, 0.00186471, -0.05016342], [-0.02964005, 0.0091004, 5.41e-06, 0.0192226, -0.03523713, 0.02963464], [-0.02192184, 0.01461136, -0.02294119, -0.026583, -0.02462042, 0.04486303], [0.05401167, 0.00708834, 0.00052308, -0.0170687, 0.02208324, -0.05453475]], "number of molecular orbitals": 40, "number of electrons": 40, "number of unpaired electrons": 0, "orbital energies/eV": [-17.06768243, -16.58987115, -16.58116161, -15.81200677, -15.7552339, -14.7428227, -14.51581379, -14.19078321, -13.70571832, -13.23866454, -13.13793297, -13.05143683, -12.9590913, -12.4587936, -11.75821888, -11.74741912, -11.3810869, -11.3790156, -11.18324216, -10.32237798, -5.16666679, 2.48304003, 2.59793233, 2.79802851, 2.87890334, 3.14219234, 3.39733581, 3.6240006, 4.16028732, 5.08756242, 5.50744724, 5.87860116, 6.28337986, 6.41152117, 7.2842494, 7.32327966, 8.09960816, 8.85736772, 11.31854388, 17.53284028], "fractional occupation": [2.0, 2.0, 2.0, 2.0, 2.0, 2.0, 2.0, 2.0, 2.0, 2.0, 2.0, 2.0, 2.0, 2.0, 2.0, 2.0, 2.0, 2.0, 2.0, 2.0, 0.0, 0.0, 0.0, 0.0, 0.0, 0.0, 0.0, 0.0, 0.0, 0.0, 0.0, 0.0, 0.0, 0.0, 0.0, 0.0, 0.0, 0.0, 0.0, 0.0], "program call": "xtb /tmp/scratch/tmpvxptzbev/19128_0_xyzopt.xyz --pop --wbo --acc 0.2 --gfn 2 --chrg 0 --uhf 0 --etemp 300 --input /tmp/scratch/tmpvxptzbev/19128_0_xtb.inp", "method": "GFN2-xTB", "xtb version": "6.3.3 (7355c4f)", "Dipole module/D": 0.35, "Total charge": 0, "Transition dipole module/D": NaN, "HOMO": -10.3224, "LUMO": -5.1667, "HOMO occupancy": 2.0, "LUMO occupancy": 0, "mulliken charges": [-0.0457, -0.0457, -0.04284, -0.0455, -0.04723, -0.0455, -0.04284, 0.02546, 0.02546, 0.02638, 0.03272, 0.02584, 0.02394, 0.02332, 0.02332, 0.02394, 0.02584, 0.03272, 0.02638], "cm5 charges": [-0.1084, -0.1084, -0.14927, -0.15571, -0.15815, -0.15571, -0.14927, 0.0818, 0.0818, 0.08146, 0.08879, 0.08326, 0.07872, 0.07842, 0.07842, 0.07872, 0.08326, 0.08879, 0.08146], "FUKUI+": [-0.152, -0.152, 0.027, 0.015, 0.022, 0.015, 0.027, -0.128, -0.128, -0.074, -0.087, -0.017, -0.056, -0.041, -0.041, -0.056, -0.017, -0.087, -0.074], "FUKUI-": [-0.058, -0.058, 0.013, 0.007, 0.01, 0.007, 0.013, -0.082, -0.082, -0.09, -0.115, -0.052, -0.071, -0.058, -0.058, -0.071, -0.052, -0.115, -0.09], "FUKUIrad": [-0.105, -0.105, 0.02, 0.011, 0.016, 0.011, 0.02, -0.105, -0.105, -0.082, -0.101, -0.034, -0.064, -0.049, -0.049, -0.064, -0.034, -0.101, -0.082], "s proportion": [1.063, 1.063, 1.024, 1.028, 1.029, 1.028, 1.024, 0.975, 0.975, 0.974, 0.967, 0.974, 0.976, 0.977, 0.977, 0.976, 0.974, 0.967, 0.974], "p proportion": [2.982, 2.982, 3.019, 3.017, 3.018, 3.017, 3.019, 0.0, 0.0, 0.0, 0.0, 0.0, 0.0, 0.0, 0.0, 0.0, 0.0, 0.0, 0.0], "d proportion": [0.0, 0.0, 0.0, 0.0, 0.0, 0.0, 0.0, 0.0, 0.0, 0.0, 0.0, 0.0, 0.0, 0.0, 0.0, 0.0, 0.0, 0.0, 0.0], "Fermi-level/eV": -7.7445, "Coordination numbers": [2.888, 2.888, 3.804, 3.802, 3.801, 3.802, 3.804, 0.925, 0.925, 0.924, 0.924, 0.924, 0.924, 0.924, 0.924, 0.924, 0.924, 0.924, 0.924], "Dispersion coefficient C6": [29.035, 29.035, 21.519, 21.531, 21.534, 21.531, 21.519, 2.735, 2.735, 2.589, 2.445, 2.527, 2.664, 2.648, 2.648, 2.664, 2.527, 2.445, 2.589], "Total dispersion C6": 2834.780393, "Total dispersion C8": 62303.686124, "Polarizability alpha": [8.834, 8.834, 6.604, 6.606, 6.607, 6.606, 6.604, 2.586, 2.586, 2.517, 2.445, 2.486, 2.552, 2.545, 2.545, 2.552, 2.486, 2.445, 2.517], "Total polarizability alpha": 80.958065,