{"total energy": -24.05501626, "HOMO-LUMO gap/eV": 10.88299355, "electronic energy": -24.36121148, "dipole": [-0.08063439, -0.45636958, -0.17861613], "partial charges": [-0.10990476, 0.092063, -0.33195253, 0.14979106, -0.11544654, -0.11658721, -0.11658723, 0.05177282, 0.05177314, 0.03859662, 0.01511416, 0.0151143, 0.05135603, 0.05135575, 0.03916802, 0.03415805, 0.03852047, 0.04450812, 0.04450863, 0.03852029, 0.03415778], "atomic dipole moments": [[-0.08664373, -0.06893295, -0.03430465], [-0.11865428, 0.16059948, 0.04840707], [-0.01237286, -0.25738336, -0.09748379], [0.13995336, 0.04417122, 0.03027906], [0.06441908, -0.08855018, -0.02678394], [0.00702926, 0.01519858, 0.09277293], [0.02180756, 0.0714161, -0.05754518], [-0.01346891, 0.03363489, 0.12072408], [0.00525689, 0.10487319, -0.06972105], [0.10233868, -0.06824166, -0.01546388], [-0.00690847, -0.09788611, 0.06695799], [0.01092548, -0.03004152, -0.11441563], [0.01380111, 0.0300238, 0.12151467], [0.03243312, 0.10090242, -0.06800369], [-0.11716916, -0.03414293, -0.02428848], [0.06724581, -0.10231776, -0.02932357], [-0.11932666, -0.0233616, -0.02745131], [0.04063169, 0.09778642, -0.07006286], [0.02170947, 0.02580182, 0.12241283], [-0.12052126, -0.02790489, -0.01530194], [0.06764348, -0.10080118, -0.03337993]], "atomic quadrupole moments": [[0.14383158, 0.164175, -0.02381564, 0.09060237, 0.0644834, -0.12001594], [0.32155649, -0.15663019, -0.01263251, 0.00757073, 0.11127596, -0.30892398], [0.14104022, -0.03445087, -0.00129384, 0.01697635, 0.05699589, -0.13974637], [0.17385238, 0.09522235, -0.06985135, 0.0646025, 0.02849559, -0.10400103], [0.03918703, -0.18220322, 0.08039084, -0.05067264, 0.06395601, -0.11957787], [-0.1011257, 0.00042955, -0.10389245, 0.02669481, 0.07267862, 0.20501815], [-0.08484543, 0.0576954, 0.09620976, -0.04546536, -0.15438058, -0.01136432], [-0.03950597, 0.00892683, -0.03518503, -0.01700396, 0.02889303, 0.074691], [-0.04362194, 0.01102336, 0.04033365, 0.00743647, -0.05869654, 0.00328829], [0.05181806, -0.05915698, -3.729e-05, -0.01149202, 0.01524971, -0.05178077], [-0.00682643, 0.00176243, 0.0130577, -0.0096611, -0.03820528, -0.00623128], [-0.00936194, -0.00900724, -0.03218002, 0.00088773, 0.01332858, 0.04154196], [-0.04473932, -0.0079135, -0.03377896, 0.01304435, 0.02479189, 0.07851827], [-0.03624786, 0.01764756, 0.03781392, -0.02620425, -0.055947, -0.00156606], [0.07252119, 0.03471668, -0.02514109, 0.02556032, 0.01473039, -0.0473801], [-0.00383159, -0.06455783, 0.0340669, -0.00771481, 0.01240962, -0.03023531], [0.08031723, 0.02366451, -0.04845603, 0.02089474, 0.01359263, -0.03186121], [-0.0371764, 0.03555807, 0.04036715, -0.02252362, -0.04695335, -0.00319074], [-0.04688594, 0.00834203, -0.02619326, 0.02310725, 0.02777052, 0.0730792], [0.08026214, 0.02578062, -0.03154892, 0.02200478, -0.00585974, -0.04871321], [0.00080417, -0.05682532, 0.02579872, -0.03147629, 0.02278535, -0.02660288]], "number of molecular orbitals": 42, "number of electrons": 44, "number of unpaired electrons": 0, "orbital energies/eV": [-18.56887433, -17.44101139, -16.70875291, -16.18336383, -16.16453267, -15.60225368, -15.3604537, -14.41253268, -14.41201289, -13.97864696, -13.62224728, -13.22665612, -12.98573593, -12.76763614, -12.54583693, -12.36269585, -12.34168509, -12.24814964, -12.01941134, -11.87576894, -11.46307123, -10.45381961, 0.42917394, 2.21950989, 2.5493453, 2.8167586, 3.1972498, 3.76294165, 4.19230733, 4.51281665, 4.76304529, 5.15543955, 5.60350149, 5.72911985, 6.17752801, 6.37800052, 6.77948637, 7.03816595, 7.21979138, 7.28518618, 7.75852951, 8.23094718], "fractional occupation": [2.0, 2.0, 2.0, 2.0, 2.0, 2.0, 2.0, 2.0, 2.0, 2.0, 2.0, 2.0, 2.0, 2.0, 2.0, 2.0, 2.0, 2.0, 2.0, 2.0, 2.0, 2.0, 0.0, 0.0, 0.0, 0.0, 0.0, 0.0, 0.0, 0.0, 0.0, 0.0, 0.0, 0.0, 0.0, 0.0, 0.0, 0.0, 0.0, 0.0, 0.0, 0.0], "program call": "xtb /tmp/scratch/tmpq31syk4_/19570_0_xyzopt.xyz --pop --wbo --acc 0.2 --gfn 2 --chrg 0 --uhf 0 --etemp 300 --input /tmp/scratch/tmpq31syk4_/19570_0_xtb.inp", "method": "GFN2-xTB", "xtb version": "6.3.3 (7355c4f)", "Dipole module/D": 1.262, "Total charge": 0, "Transition dipole module/D": NaN, "HOMO": -10.4538, "LUMO": 0.4292, "HOMO occupancy": 2.0, "LUMO occupancy": 0, "mulliken charges": [-0.0918, 0.20674, -0.47628, 0.2569, -0.09797, -0.11731, -0.11731, 0.04003, 0.04003, 0.02447, 0.00753, 0.00753, 0.0413, 0.0413, 0.02356, 0.03222, 0.03067, 0.04275, 0.04275, 0.03067, 0.03222], "cm5 charges": [-0.2412, 0.12345, -0.57155, 0.24652, -0.24394, -0.26438, -0.26438, 0.0946, 0.0946, 0.0766, 0.07006, 0.07006, 0.0972, 0.0972, 0.07718, 0.08674, 0.08433, 0.09792, 0.09792, 0.08433, 0.08674], "FUKUI+": [0.019, -0.013, -0.18, -0.065, 0.033, 0.033, 0.033, -0.048, -0.048, -0.091, -0.068, -0.068, -0.05, -0.05, -0.094, -0.042, -0.083, -0.047, -0.047, -0.083, -0.042], "FUKUI-": [0.024, 0.026, -0.159, -0.013, 0.024, 0.005, 0.005, -0.067, -0.067, -0.057, -0.122, -0.122, -0.057, -0.057, -0.051, -0.044, -0.062, -0.051, -0.051, -0.062, -0.044], "FUKUIrad": [0.022, 0.007, -0.169, -0.039, 0.028, 0.019, 0.019, -0.058, -0.058, -0.074, -0.095, -0.095, -0.054, -0.054, -0.072, -0.043, -0.072, -0.049, -0.049, -0.072, -0.043], "s proportion": [1.007, 0.986, 1.687, 1.041, 1.014, 1.018, 1.018, 0.96, 0.96, 0.976, 0.992, 0.992, 0.959, 0.959, 0.976, 0.968, 0.969, 0.957, 0.957, 0.969, 0.968], "p proportion": [3.085, 2.808, 4.79, 2.702, 3.084, 3.099, 3.099, 0.0, 0.0, 0.0, 0.0, 0.0, 0.0, 0.0, 0.0, 0.0, 0.0, 0.0, 0.0, 0.0, 0.0], "d proportion": [0.0, 0.0, 0.0, 0.0, 0.0, 0.0, 0.0, 0.0, 0.0, 0.0, 0.0, 0.0, 0.0, 0.0, 0.0, 0.0, 0.0, 0.0, 0.0, 0.0, 0.0], "Fermi-level/eV": -5.0123, "Coordination numbers": [3.751, 3.682, 1.702, 3.781, 3.759, 3.755, 3.755, 0.925, 0.925, 0.925, 0.923, 0.923, 0.925, 0.925, 0.925, 0.925, 0.925, 0.925, 0.925, 0.925, 0.925], "Dispersion coefficient C6": [22.663, 19.253, 19.56, 18.194, 22.76, 22.787, 22.787, 2.298, 2.298, 2.468, 2.809, 2.809, 2.303, 2.303, 2.46, 2.528, 2.469, 2.39, 2.39, 2.469, 2.528], "Total dispersion C6": 2917.824306, "Total dispersion C8": 60005.684956, "Polarizability alpha": [6.789, 6.283, 5.971, 6.076, 6.802, 6.806, 6.806, 2.371, 2.371, 2.456, 2.621, 2.621, 2.373, 2.373, 2.453, 2.486, 2.457, 2.417, 2.417, 2.457, 2.486], "Total polarizability alpha": 79.894759,