{"total energy": -29.23680828, "HOMO-LUMO gap/eV": 3.76438394, "electronic energy": -29.61305065, "dipole": [-0.37929531, 0.74471826, 0.13807046], "partial charges": [-0.11458313, 0.08751973, -0.2762815, 0.35349327, -0.43611069, -0.09546915, 0.05012806, -0.11678379, -0.1244355, 0.05593535, 0.05657954, 0.0494549, 0.04924888, 0.04543152, 0.05385126, 0.0478263, 0.05873327, 0.05835014, 0.05866705, 0.08391305, 0.05453143], "atomic dipole moments": [[-0.08531892, -0.09171835, 0.00405793], [-0.16525566, 0.16941041, 0.03673102], [0.032542, -0.23701488, -0.04522477], [0.17427979, 0.04364262, -0.00639178], [-0.01086136, 0.19601987, 0.03701152], [0.10652845, -0.05327929, -0.01752396], [-0.11916523, -0.03108496, 0.00051858], [0.06187049, -0.05378181, -0.01572405], [0.00919869, 0.09177976, 0.02101879], [-0.02363921, 0.08028717, -0.09533496], [0.00211399, 0.06587735, 0.10839896], [0.11008886, -0.05674576, -0.01807206], [-0.01250785, -0.0660477, -0.10625195], [0.01566839, -0.08103654, 0.0940883], [0.0324845, 0.13911709, 0.02501792], [0.04408431, 0.11586747, 0.02913217], [-0.07568784, 0.01003498, -0.10332862], [-0.07474777, -0.04165746, 0.09558137], [-0.05208768, -0.05011416, 0.10688941], [0.1044073, -0.07331417, -0.03493397], [-0.09046958, -0.0040207, -0.09049937]], "atomic quadrupole moments": [[0.09593368, 0.2041129, 0.05691726, -0.01661585, -0.01144832, -0.15285094], [0.41189805, -0.13867602, -0.04298754, -0.1143356, 0.04532533, -0.36891051], [0.07496195, -0.03562181, 0.0123515, -0.01951139, 0.02079082, -0.08731346], [-0.16709982, 0.17568437, -0.24712235, 0.08152685, -0.13672951, 0.41422217], [-0.10579857, 0.00993867, -0.06067298, 0.02550998, -0.04398927, 0.16647154], [-0.21207713, -0.15048847, -0.17015189, 0.00633557, -0.10593798, 0.38222902], [-0.40388907, -0.10999303, -0.09837959, 0.03386039, -0.11548329, 0.50226866], [0.09230211, -0.13404619, 0.02301855, -0.03676213, 0.03668439, -0.11532066], [-0.06152988, 0.09621108, 0.16252332, 0.0174931, 0.04054183, -0.10099344], [-0.0371768, -0.00723074, 0.00639216, 0.02947725, -0.05660519, 0.03078464], [-0.04679946, 0.00924393, -0.00894018, -0.00677855, 0.04988959, 0.05573964], [0.06404653, -0.05018609, -0.01158637, -0.01894602, 0.00923959, -0.05246016], [-0.00126905, -0.00474594, -0.02643558, -0.00534019, 0.02764211, 0.02770464], [0.00146953, -0.01302999, -0.01673742, 0.00824615, -0.03464037, 0.01526788], [0.03351212, -0.00099472, 0.0359433, -0.00755262, 0.022374, -0.06945542], [-0.00681848, 0.03850944, 0.05673853, 0.00894749, 0.02935269, -0.04992005], [-0.01155307, -0.0056485, -0.03555768, 0.06288779, 0.00237223, 0.04711075], [-0.01442616, 0.02266745, -0.01169118, -0.05904071, -0.03647515, 0.02611734], [-0.02907566, 0.01351021, -0.02252945, -0.0488996, -0.03604261, 0.05160511], [0.04188873, -0.0334131, 0.00219907, -0.02354988, 0.02176376, -0.0440878], [0.0137464, -0.0101017, -0.03233934, 0.07136098, 0.0036528, 0.01859294]], "number of molecular orbitals": 48, "number of electrons": 52, "number of unpaired electrons": 0, "orbital energies/eV": [-19.80285236, -19.03324593, -18.09570135, -17.4880057, -16.78650783, -16.36900139, -16.24513193, -16.13154151, -15.58539067, -15.3251016, -14.95251717, -14.33271074, -14.04681249, -13.76883596, -13.71699483, -13.49819423, -13.00587134, -12.83161109, -12.79140064, -12.70084786, -12.47819685, -12.32246639, -12.23151894, -11.68108074, -11.01550286, -10.81098685, -7.04660292, -4.07343424, 0.53243027, 2.69968388, 2.85529126, 3.32038247, 4.07242969, 4.10150083, 4.25382115, 4.7881586, 5.09980398, 5.26189157, 5.72683294, 6.07981508, 6.0897824, 6.37223775, 6.84982982, 7.28566806, 7.5266959, 10.96673322, 14.84773254, 19.70356265], "fractional occupation": [2.0, 2.0, 2.0, 2.0, 2.0, 2.0, 2.0, 2.0, 2.0, 2.0, 2.0, 2.0, 2.0, 2.0, 2.0, 2.0, 2.0, 2.0, 2.0, 2.0, 2.0, 2.0, 2.0, 2.0, 2.0, 2.0, 0.0, 0.0, 0.0, 0.0, 0.0, 0.0, 0.0, 0.0, 0.0, 0.0, 0.0, 0.0, 0.0, 0.0, 0.0, 0.0, 0.0, 0.0, 0.0, 0.0, 0.0, 0.0], "program call": "xtb /tmp/scratch/tmp3_xevikl/19599_0_xyzopt.xyz --pop --wbo --acc 0.2 --gfn 2 --chrg 0 --uhf 0 --etemp 300 --input /tmp/scratch/tmp3_xevikl/19599_0_xtb.inp", "method": "GFN2-xTB", "xtb version": "6.3.3 (7355c4f)", "Dipole module/D": 2.153, "Total charge": 0, "Transition dipole module/D": NaN, "HOMO": -10.811, "LUMO": -7.0466, "HOMO occupancy": 2.0, "LUMO occupancy": 0, "mulliken charges": [-0.0972, 0.20685, -0.42497, 0.576, -0.54762, -0.11774, 0.06933, -0.095, -0.10143, 0.04213, 0.04241, 0.03292, 0.03856, 0.03505, 0.04944, 0.04033, 0.04706, 0.04553, 0.04635, 0.07117, 0.04085], "cm5 charges": [-0.24639, 0.12475, -0.51018, 0.6315, -0.60378, -0.16561, 0.04417, -0.24154, -0.24686, 0.09644, 0.09679, 0.08519, 0.10476, 0.09972, 0.1128, 0.0934, 0.09953, 0.09814, 0.09916, 0.13427, 0.09373], "FUKUI+": [0.012, 0.018, -0.08, -0.078, -0.166, -0.046, -0.131, 0.039, 0.036, -0.019, -0.02, -0.034, -0.027, -0.032, -0.091, -0.051, -0.073, -0.072, -0.076, -0.034, -0.074], "FUKUI-": [0.014, 0.013, -0.074, -0.009, -0.121, -0.049, -0.045, 0.017, 0.013, -0.057, -0.062, -0.053, -0.07, -0.075, -0.066, -0.046, -0.066, -0.067, -0.076, -0.052, -0.068], "FUKUIrad": [0.013, 0.015, -0.077, -0.043, -0.144, -0.047, -0.088, 0.028, 0.025, -0.038, -0.041, -0.044, -0.049, -0.053, -0.079, -0.049, -0.07, -0.07, -0.076, -0.043, -0.071], "s proportion": [1.008, 0.993, 1.689, 0.97, 1.723, 1.061, 1.104, 1.009, 1.008, 0.958, 0.958, 0.967, 0.961, 0.965, 0.951, 0.96, 0.953, 0.954, 0.954, 0.929, 0.959], "p proportion": [3.089, 2.8, 4.736, 2.454, 4.824, 3.056, 2.827, 3.086, 3.093, 0.0, 0.0, 0.0, 0.0, 0.0, 0.0, 0.0, 0.0, 0.0, 0.0, 0.0, 0.0], "d proportion": [0.0, 0.0, 0.0, 0.0, 0.0, 0.0, 0.0, 0.0, 0.0, 0.0, 0.0, 0.0, 0.0, 0.0, 0.0, 0.0, 0.0, 0.0, 0.0, 0.0, 0.0], "Fermi-level/eV": -8.9288, "Coordination numbers": [3.751, 3.701, 1.707, 2.721, 0.856, 2.899, 2.939, 3.761, 3.758, 0.925, 0.925, 0.925, 0.924, 0.924, 0.926, 0.925, 0.925, 0.925, 0.925, 0.925, 0.925], "Dispersion coefficient C6": [22.755, 19.277, 18.583, 20.998, 22.416, 30.399, 26.875, 22.783, 22.937, 2.247, 2.239, 2.327, 2.329, 2.378, 2.272, 2.347, 2.214, 2.218, 2.215, 1.939, 2.264], "Total dispersion C6": 3706.765056, "Total dispersion C8": 81428.389848, "Polarizability alpha": [6.803, 6.279, 5.82, 7.501, 6.348, 9.04, 8.502, 6.804, 6.828, 2.344, 2.34, 2.385, 2.387, 2.412, 2.357, 2.396, 2.327, 2.329, 2.327, 2.178, 2.353], "Total polarizability alpha": 92.060649,