{"total energy": -27.11927911, "HOMO-LUMO gap/eV": 4.9175916, "electronic energy": -27.44134104, "dipole": [-0.14872305, 0.16576691, 0.65618302], "partial charges": [-0.10396923, -0.05548067, -0.04706562, -0.05547799, -0.1039697, 0.36485277, -0.41249724, -0.37910143, 0.04065227, 0.03534717, 0.03901045, 0.04994963, 0.04062202, 0.05697441, 0.04062382, 0.04995071, 0.03534983, 0.03901014, 0.0406518, 0.32456685], "atomic dipole moments": [[0.10121784, -0.03092098, -0.00871627], [-0.01797258, 0.12206951, 0.03557095], [0.02617995, -0.03734266, -0.10342926], [-0.05051532, 0.1141203, 0.03021248], [-0.06852699, -0.07234585, -0.03670991], [-0.04189685, 0.14752652, 0.0354257], [-0.03715394, 0.02518286, 0.18802697], [0.04927706, -0.08631029, -0.17109346], [-0.07676461, -0.09371848, -0.02497372], [-0.02245188, 0.09077021, -0.08355894], [-0.02728022, 0.04355422, 0.11265553], [0.02559628, -0.03946799, -0.11743549], [0.01676006, -0.09294842, 0.0773606], [-0.03187846, 0.05567468, 0.11090473], [0.00418588, -0.09602289, 0.07528482], [0.03185885, -0.03793847, -0.1164021], [0.00346433, 0.09709458, -0.07928648], [-0.03082654, 0.042689, 0.11207075], [0.11417773, -0.04712435, 0.00651711], [-0.00187866, 0.05253225, -0.06630741]], "atomic quadrupole moments": [[0.20756926, -0.1018069, -0.08057935, -0.01610725, 0.00834875, -0.12698992], [0.20844593, 0.07033947, 0.02625446, 0.04051877, 0.07086803, -0.23470039], [0.05789611, 0.01585238, 0.07435666, 0.05804249, -0.10036403, -0.13225277], [0.22395701, 0.01571615, -0.00134652, 0.07840293, 0.07048969, -0.22261049], [0.03585179, 0.15817181, 0.05652842, 0.07466318, 0.08029016, -0.0923802], [0.45032333, 0.11898921, -0.08621709, 0.10747712, 0.14165938, -0.36410623], [0.17764025, 0.06730532, -0.09485548, 0.03967713, 0.02905138, -0.08278477], [-0.02728396, -0.02563075, 0.03153757, -0.01864412, 0.05453925, -0.00425361], [0.00707972, 0.05269964, 0.04292552, 0.01500506, 0.02393325, -0.05000525], [-0.0311446, -0.01219287, 0.01840024, -0.0009723, -0.06547721, 0.01274436], [-0.03119531, -0.01329991, -0.03765995, -0.01138366, 0.04073851, 0.06885526], [-0.01507873, -0.00046649, -0.02902368, -0.01103024, 0.02370881, 0.04410241], [-0.01279685, 0.00024691, 0.00930961, 0.00916932, -0.05203515, 0.00348724], [-0.01517733, -0.00295765, -0.01600517, -0.01179425, 0.01520756, 0.0311825], [-0.01615958, 0.00555189, 0.0120923, 0.01063901, -0.05066548, 0.00406728], [-0.01195488, -0.00064593, -0.02929937, -0.01941225, 0.02150972, 0.04125425], [-0.0446563, 0.00316462, 0.02669899, 0.01372131, -0.05881377, 0.01795731], [-0.02802235, 0.00018825, -0.03126549, -0.04012734, 0.03582178, 0.05928784], [0.06300518, -0.04711546, -0.0091181, 0.00784599, 0.00347436, -0.05388709], [-0.0737222, -0.01443872, 0.04146536, 0.00331331, -0.08723839, 0.03225684]], "number of molecular orbitals": 44, "number of electrons": 48, "number of unpaired electrons": 0, "orbital energies/eV": [-20.223453, -19.47916035, -18.09713367, -17.26775509, -16.91253721, -16.34981739, -15.91426742, -15.66400107, -15.66380862, -15.37195175, -15.06183714, -14.01225137, -13.82724179, -13.62014205, -13.4531953, -13.17382125, -12.90452926, -12.88763351, -12.45344399, -12.21574837, -11.92286842, -11.88523046, -11.87504195, -11.23572765, -6.31813605, 1.24398153, 1.60438693, 3.03089125, 3.07851483, 3.53858935, 4.29023676, 4.43651917, 4.5892451, 4.71834425, 4.8169438, 5.19970697, 5.28756258, 5.80997149, 6.66344788, 7.20299755, 7.30053008, 7.6263498, 8.57698145, 17.67453136], "fractional occupation": [2.0, 2.0, 2.0, 2.0, 2.0, 2.0, 2.0, 2.0, 2.0, 2.0, 2.0, 2.0, 2.0, 2.0, 2.0, 2.0, 2.0, 2.0, 2.0, 2.0, 2.0, 2.0, 2.0, 2.0, 0.0, 0.0, 0.0, 0.0, 0.0, 0.0, 0.0, 0.0, 0.0, 0.0, 0.0, 0.0, 0.0, 0.0, 0.0, 0.0, 0.0, 0.0, 0.0, 0.0], "program call": "xtb /tmp/scratch/tmp0hk4swx1/2010_0_xyzopt.xyz --pop --wbo --acc 0.2 --gfn 2 --chrg 0 --uhf 0 --etemp 300 --input /tmp/scratch/tmp0hk4swx1/2010_0_xtb.inp", "method": "GFN2-xTB", "xtb version": "6.3.3 (7355c4f)", "Dipole module/D": 1.761, "Total charge": 0, "Transition dipole module/D": NaN, "HOMO": -11.2357, "LUMO": -6.3181, "HOMO occupancy": 2.0, "LUMO occupancy": 0, "mulliken charges": [-0.08818, -0.03714, -0.04928, -0.03713, -0.08818, 0.5824, -0.53222, -0.51152, 0.03412, 0.03685, 0.03031, 0.04086, 0.02863, 0.04253, 0.02863, 0.04086, 0.03685, 0.0303, 0.03412, 0.37719], "cm5 charges": [-0.23992, -0.14684, -0.10999, -0.14684, -0.23991, 0.63176, -0.58499, -0.71121, 0.08584, 0.09157, 0.08289, 0.09943, 0.08432, 0.10763, 0.08432, 0.09943, 0.09157, 0.08289, 0.08584, 0.55221], "FUKUI+": [0.02, 0.011, 0.004, 0.011, 0.02, -0.185, -0.283, -0.136, -0.046, 0.005, -0.028, -0.026, -0.062, -0.072, -0.062, -0.026, 0.005, -0.028, -0.046, -0.077], "FUKUI-": [0.02, 0.013, -0.01, 0.013, 0.02, -0.017, -0.135, -0.06, -0.062, -0.071, -0.065, -0.07, -0.097, -0.071, -0.097, -0.07, -0.071, -0.065, -0.062, -0.044], "FUKUIrad": [0.02, 0.012, -0.003, 0.012, 0.02, -0.101, -0.209, -0.098, -0.054, -0.033, -0.046, -0.048, -0.08, -0.071, -0.08, -0.048, -0.033, -0.046, -0.054, -0.061], "s proportion": [1.006, 1.031, 1.064, 1.031, 1.006, 0.986, 1.72, 1.696, 0.966, 0.963, 0.97, 0.959, 0.971, 0.957, 0.971, 0.959, 0.963, 0.97, 0.966, 0.623], "p proportion": [3.082, 3.007, 2.985, 3.007, 3.082, 2.432, 4.812, 4.816, 0.0, 0.0, 0.0, 0.0, 0.0, 0.0, 0.0, 0.0, 0.0, 0.0, 0.0, 0.0], "d proportion": [0.0, 0.0, 0.0, 0.0, 0.0, 0.0, 0.0, 0.0, 0.0, 0.0, 0.0, 0.0, 0.0, 0.0, 0.0, 0.0, 0.0, 0.0, 0.0, 0.0], "Fermi-level/eV": -8.7769, "Coordination numbers": [3.752, 3.806, 3.854, 3.806, 3.752, 2.697, 0.856, 1.659, 0.925, 0.925, 0.925, 0.924, 0.924, 0.924, 0.924, 0.924, 0.925, 0.925, 0.925, 0.804], "Dispersion coefficient C6": [22.547, 21.567, 21.379, 21.567, 22.547, 20.811, 21.933, 20.448, 2.44, 2.512, 2.462, 2.321, 2.441, 2.235, 2.441, 2.321, 2.512, 2.462, 2.44, 0.652], "Total dispersion C6": 3018.496626, "Total dispersion C8": 64234.634317, "Polarizability alpha": [6.772, 6.611, 6.576, 6.611, 6.772, 7.466, 6.279, 6.104, 2.443, 2.478, 2.454, 2.382, 2.443, 2.338, 2.443, 2.382, 2.478, 2.454, 2.443, 1.268], "Total polarizability alpha": 81.197386,