{"total energy": -22.10463586, "HOMO-LUMO gap/eV": 5.32938469, "electronic energy": -22.46887358, "dipole": [-0.15899174, -0.0496825, -0.03143484], "partial charges": [-0.09512171, -0.02373314, -0.06672864, 0.03210988, -0.10892054, -0.10744116, -0.10799253, 0.03321765, 0.02932145, 0.03008198, 0.03795539, 0.03781205, 0.03311945, 0.0331931, 0.03551457, 0.03364049, 0.03645425, 0.03318156, 0.035747, 0.03437658, 0.03421233], "atomic dipole moments": [[0.05876596, 0.04701268, 0.00034139], [-0.13121224, -0.04355495, -0.05308286], [-0.02410239, 0.00898788, 0.09414693], [0.00129696, -2.961e-05, -0.0050244], [0.07321879, -0.00419985, 0.06096502], [0.01740289, 0.06962659, -0.06372172], [-0.00635344, -0.08395803, -0.04489482], [-0.00576212, 0.11487893, -0.09028319], [0.11638725, -0.01450457, 0.08671005], [0.01282025, -0.11283312, 0.09159729], [-0.01408213, -0.10715879, -0.06065882], [0.01479313, 0.08891464, -0.08389091], [-0.0131232, -0.10780564, -0.05922442], [0.0191209, 0.08804719, -0.0848351], [-0.10677658, 0.02510173, 0.05740853], [-0.11021934, 0.01635927, 0.05319968], [0.08528071, -0.00070491, 0.09096076], [-0.00108058, -0.111024, -0.0552008], [0.09568734, -0.00110121, 0.08075372], [0.01910371, 0.09257914, -0.07979335], [-0.10414153, 0.02379277, 0.06229418]], "atomic quadrupole moments": [[-0.12347408, -0.26240622, -0.05267671, -0.2817597, 0.33485348, 0.17615079], [-0.05713454, -0.304442, -0.15004919, -0.17278631, 0.33161025, 0.20718374], [0.18751909, -0.04222663, -0.18039567, -0.00108568, 0.0215755, -0.00712342], [-0.00471076, 0.00076185, -0.00584747, -0.00968103, 0.00142248, 0.01055823], [0.08181305, -0.00929516, -0.11269789, 0.16267121, -0.00949014, 0.03088484], [-0.09553189, 0.03962243, 0.06728588, -0.03758134, -0.15906762, 0.02824601], [-0.10968002, 0.01993517, 0.14420344, 0.00974864, 0.1395046, -0.03452342], [-0.00482371, 0.01794093, 0.015303, 0.02662291, -0.05106246, -0.01047929], [0.02250644, 0.01975089, -0.00831237, 0.04624251, -0.03425513, -0.01419407], [0.01533321, 0.03615511, 0.00463295, 0.03180919, -0.03589111, -0.01996617], [-0.02352109, 0.00642696, 0.04487827, 0.00497185, 0.03825923, -0.02135717], [-0.00992982, 0.00762337, 0.0148608, -0.00453989, -0.05285371, -0.00493098], [-0.04041977, -0.00069081, 0.06102931, 0.01224822, 0.05057719, -0.02060954], [-0.02932523, 0.02617888, 0.02034491, -0.01072682, -0.06387736, 0.00898031], [0.04626927, -0.02282957, -0.04861633, -0.05048509, 0.01564374, 0.00234705], [0.0586437, -0.02699605, -0.03530271, -0.0474677, -0.00154848, -0.02334099], [0.02739787, 0.0117956, -0.03908057, 0.06373199, -0.00419428, 0.0116827], [-0.05329584, 6.151e-05, 0.05383874, -0.00589111, 0.05237318, -0.0005429], [0.02771985, -0.01147213, -0.03226938, 0.0654121, -0.00064117, 0.00454953], [-0.05149394, 0.01563432, 0.02465468, -0.01433022, -0.05694045, 0.02683926], [0.05348754, -0.00863117, -0.0342533, -0.05604907, 0.0158019, -0.01923424]], "number of molecular orbitals": 42, "number of electrons": 42, "number of unpaired electrons": 0, "orbital energies/eV": [-17.13807436, -16.64104941, -15.95794746, -15.92767386, -15.88284276, -14.82148273, -14.51793829, -13.86740507, -13.71324183, -13.5280652, -13.23643279, -12.82531969, -12.57299022, -12.35688836, -12.18109759, -12.08236251, -11.82700013, -11.75290924, -11.5049292, -11.30008983, -10.68640328, -5.35701858, 2.18494355, 2.41339528, 2.52215216, 2.82741616, 3.64572243, 4.17482221, 4.42264486, 5.33504888, 5.65527394, 5.74221152, 6.00479627, 6.14184295, 6.54074773, 6.87159726, 6.94813695, 7.50158976, 7.53925618, 7.72673109, 11.81551778, 17.07045568], "fractional occupation": [2.0, 2.0, 2.0, 2.0, 2.0, 2.0, 2.0, 2.0, 2.0, 2.0, 2.0, 2.0, 2.0, 2.0, 2.0, 2.0, 2.0, 2.0, 2.0, 2.0, 2.0, 0.0, 0.0, 0.0, 0.0, 0.0, 0.0, 0.0, 0.0, 0.0, 0.0, 0.0, 0.0, 0.0, 0.0, 0.0, 0.0, 0.0, 0.0, 0.0, 0.0, 0.0], "program call": "xtb /tmp/scratch/tmptgq72edc/21727_0_xyzopt.xyz --pop --wbo --acc 0.2 --gfn 2 --chrg 0 --uhf 0 --etemp 300 --input /tmp/scratch/tmptgq72edc/21727_0_xtb.inp", "method": "GFN2-xTB", "xtb version": "6.3.3 (7355c4f)", "Dipole module/D": 0.431, "Total charge": 0, "Transition dipole module/D": NaN, "HOMO": -10.6864, "LUMO": -5.357, "HOMO occupancy": 2.0, "LUMO occupancy": 0, "mulliken charges": [-0.08702, -0.01752, -0.05798, 0.04112, -0.09918, -0.09981, -0.0991, 0.02802, 0.03071, 0.02411, 0.03219, 0.02916, 0.02996, 0.03039, 0.03131, 0.03098, 0.03168, 0.03009, 0.03058, 0.03045, 0.02987], "cm5 charges": [-0.19156, -0.08374, -0.16188, 0.00377, -0.2486, -0.24897, -0.24781, 0.08207, 0.0841, 0.08122, 0.08875, 0.08683, 0.08304, 0.08351, 0.08444, 0.08416, 0.08554, 0.08327, 0.08501, 0.08382, 0.08301], "FUKUI+": [-0.125, -0.159, 0.027, -0.013, 0.02, 0.022, 0.019, -0.154, -0.151, -0.143, -0.085, -0.058, -0.025, -0.022, -0.039, -0.041, -0.001, -0.022, 0.011, -0.018, -0.043], "FUKUI-": [-0.063, -0.043, -0.007, -0.034, 0.022, 0.025, 0.013, -0.081, -0.092, -0.073, -0.091, -0.06, -0.058, -0.05, -0.08, -0.072, -0.045, -0.054, -0.039, -0.047, -0.07], "FUKUIrad": [-0.094, -0.101, 0.01, -0.023, 0.021, 0.023, 0.016, -0.117, -0.121, -0.108, -0.088, -0.059, -0.041, -0.036, -0.059, -0.057, -0.023, -0.038, -0.014, -0.033, -0.057], "s proportion": [1.043, 1.066, 1.034, 1.081, 1.015, 1.013, 1.013, 0.972, 0.969, 0.976, 0.968, 0.971, 0.97, 0.97, 0.969, 0.969, 0.968, 0.97, 0.969, 0.97, 0.97], "p proportion": [3.044, 2.952, 3.024, 2.878, 3.085, 3.087, 3.086, 0.0, 0.0, 0.0, 0.0, 0.0, 0.0, 0.0, 0.0, 0.0, 0.0, 0.0, 0.0, 0.0, 0.0], "d proportion": [0.0, 0.0, 0.0, 0.0, 0.0, 0.0, 0.0, 0.0, 0.0, 0.0, 0.0, 0.0, 0.0, 0.0, 0.0, 0.0, 0.0, 0.0, 0.0, 0.0, 0.0], "Fermi-level/eV": -8.0217, "Coordination numbers": [2.837, 2.885, 3.813, 3.899, 3.762, 3.76, 3.76, 0.926, 0.926, 0.925, 0.924, 0.924, 0.925, 0.925, 0.925, 0.925, 0.925, 0.925, 0.925, 0.925, 0.925], "Dispersion coefficient C6": [30.382, 28.595, 21.768, 19.98, 22.628, 22.602, 22.612, 2.541, 2.596, 2.585, 2.476, 2.478, 2.543, 2.541, 2.509, 2.535, 2.497, 2.542, 2.506, 2.525, 2.527], "Total dispersion C6": 3184.94298, "Total dispersion C8": 68249.554038, "Polarizability alpha": [9.033, 8.767, 6.641, 6.354, 6.781, 6.778, 6.779, 2.493, 2.52, 2.514, 2.461, 2.462, 2.494, 2.493, 2.477, 2.49, 2.471, 2.493, 2.476, 2.485, 2.486], "Total polarizability alpha": 85.945584,