{"total energy": -22.10583271, "HOMO-LUMO gap/eV": 5.25592399, "electronic energy": -22.47007056, "dipole": [-0.13304392, 0.16499271, 0.13772399], "partial charges": [-0.10926689, 0.01745796, -0.1081759, -0.06463976, -0.05358219, -0.05261819, -0.10200523, 0.02907265, 0.02883359, 0.04234329, 0.03951515, 0.04391206, 0.03528145, 0.03479209, 0.03164314, 0.03013598, 0.02902351, 0.02878105, 0.03362823, 0.03285276, 0.03301523], "atomic dipole moments": [[0.02718409, -0.04110714, -0.043253], [-0.07525556, 0.10810454, 0.11194383], [-0.01832634, -0.06291775, -0.00033939], [-0.04054268, 0.04445346, -0.08196233], [0.02259115, -0.05514328, 0.09789656], [-0.02073397, 0.05497505, -0.09609535], [0.0872113, -0.02246447, 0.03530808], [-0.03829218, -0.14065755, -0.00392058], [0.1019214, 0.04631711, -0.09367359], [0.0489183, 0.02797581, 0.1132472], [0.08495769, 0.02893057, -0.0882691], [-0.09991133, 0.07495238, -0.01573655], [0.00838329, -0.12259253, 0.01585007], [0.01440423, 0.05520109, 0.11047258], [-0.01312656, -0.05137912, -0.11169176], [-0.0126155, 0.12057576, -0.01373444], [0.00933003, -0.1212481, 0.01315515], [0.01421542, 0.04999858, 0.11040763], [-0.01842397, -0.05128889, -0.11094628], [-0.0139119, 0.12199743, -0.01165376], [-0.08739893, -0.04154183, 0.07696732]], "atomic quadrupole moments": [[0.15291773, -0.09314374, -0.23837243, 0.41074415, -0.15513101, 0.0854547], [0.1417292, 0.03488353, -0.16214965, 0.3392794, -0.2373668, 0.02042044], [-0.07789002, 0.06306604, 0.16568814, -0.01691241, 0.02778878, -0.08779811], [0.19225475, -0.01278071, -0.15003055, -0.02511607, -0.07676613, -0.0422242], [0.22298257, 0.00675932, -0.17794234, -0.02699743, -0.1170641, -0.04504023], [0.21857297, 0.0047016, -0.17579229, -0.03174329, -0.11053862, -0.04278068], [0.17770047, -0.06954755, -0.10460549, 0.10771197, -0.03413475, -0.07309498], [-0.02624378, 0.02356147, 0.05029369, -0.03795834, 0.01342454, -0.02404991], [-0.00647696, 0.02190051, 0.01255455, -0.05833132, 0.00254894, -0.00607758], [-0.03011859, 0.01372493, -0.0376793, 0.04488377, 0.013471, 0.06779789], [0.00640967, 0.0184629, -0.02450914, -0.06878341, -0.00960143, 0.01809947], [0.05331516, -0.0536129, -0.00358647, 0.01295119, -0.01315176, -0.04972868], [-0.01756424, -0.00681649, 0.05798037, -0.00780479, -0.00611936, -0.04041613], [-0.02482158, 0.0090862, -0.00776049, 0.00982428, 0.0418915, 0.03258207], [-0.01920648, 0.00669, -0.0137898, 0.00628043, 0.04088914, 0.03299628], [-0.02045935, -0.00394622, 0.0582655, -0.00299065, -0.00203757, -0.03780615], [-0.0182444, -0.00478988, 0.05776702, -0.00376585, -0.00179386, -0.03952261], [-0.01773048, 0.00661586, -0.01616129, 0.00576232, 0.04212138, 0.03389177], [-0.03413161, -0.00545206, -0.02147747, 0.01258853, 0.05440301, 0.05560908], [-0.03431873, -0.00313242, 0.08421437, 0.01042238, -0.00780635, -0.04989564], [0.01924526, 0.02679373, -0.03397393, -0.0505932, -0.03906086, 0.01472867]], "number of molecular orbitals": 42, "number of electrons": 42, "number of unpaired electrons": 0, "orbital energies/eV": [-17.0185654, -16.78643233, -16.28562838, -15.91787745, -15.5499625, -15.10713014, -14.3946175, -14.05305856, -13.5965073, -13.55335834, -13.31302666, -12.99677497, -12.73995009, -12.61987348, -12.23125508, -11.98219908, -11.88391218, -11.77768394, -11.41161659, -11.35795266, -10.44355328, -5.18762929, 2.02097784, 2.96210469, 3.15032368, 3.3276427, 3.81309828, 4.25435818, 4.3106153, 4.85862298, 5.04764634, 5.50484419, 5.79597314, 5.82338107, 6.26131707, 6.44749412, 6.95581323, 7.32952925, 7.39060756, 8.48405116, 11.4800006, 17.48442941], "fractional occupation": [2.0, 2.0, 2.0, 2.0, 2.0, 2.0, 2.0, 2.0, 2.0, 2.0, 2.0, 2.0, 2.0, 2.0, 2.0, 2.0, 2.0, 2.0, 2.0, 2.0, 2.0, 0.0, 0.0, 0.0, 0.0, 0.0, 0.0, 0.0, 0.0, 0.0, 0.0, 0.0, 0.0, 0.0, 0.0, 0.0, 0.0, 0.0, 0.0, 0.0, 0.0, 0.0], "program call": "xtb /tmp/scratch/tmpy10ssus3/21813_0_xyzopt.xyz --pop --wbo --acc 0.2 --gfn 2 --chrg 0 --uhf 0 --etemp 300 --input /tmp/scratch/tmpy10ssus3/21813_0_xtb.inp", "method": "GFN2-xTB", "xtb version": "6.3.3 (7355c4f)", "Dipole module/D": 0.642, "Total charge": 0, "Transition dipole module/D": NaN, "HOMO": -10.4436, "LUMO": -5.1876, "HOMO occupancy": 2.0, "LUMO occupancy": 0, "mulliken charges": [-0.11398, 0.02184, -0.09131, -0.05195, -0.0427, -0.03988, -0.08554, 0.03029, 0.03026, 0.03668, 0.03473, 0.03645, 0.02939, 0.02739, 0.02479, 0.023, 0.02287, 0.02214, 0.02821, 0.02766, 0.02964], "cm5 charges": [-0.21598, -0.00552, -0.23779, -0.15789, -0.15383, -0.15347, -0.23821, 0.08466, 0.08448, 0.08907, 0.08771, 0.08937, 0.08613, 0.08382, 0.08115, 0.07946, 0.07809, 0.07734, 0.08039, 0.07981, 0.08121], "FUKUI+": [-0.118, -0.174, 0.048, 0.025, -0.001, 0.005, 0.012, -0.14, -0.14, -0.09, -0.062, -0.089, -0.057, -0.075, -0.019, -0.028, -0.019, -0.022, -0.014, -0.015, -0.029], "FUKUI-": [-0.068, -0.059, 0.025, 0.013, 0.001, 0.006, 0.017, -0.078, -0.084, -0.083, -0.054, -0.076, -0.055, -0.052, -0.051, -0.062, -0.078, -0.077, -0.066, -0.059, -0.062], "FUKUIrad": [-0.093, -0.116, 0.037, 0.019, 0.0, 0.006, 0.014, -0.109, -0.112, -0.087, -0.058, -0.082, -0.056, -0.064, -0.035, -0.045, -0.048, -0.049, -0.04, -0.037, -0.045], "s proportion": [1.04, 1.09, 1.006, 1.03, 1.031, 1.026, 1.005, 0.97, 0.97, 0.963, 0.965, 0.964, 0.971, 0.973, 0.975, 0.977, 0.977, 0.978, 0.972, 0.972, 0.97], "p proportion": [3.074, 2.888, 3.086, 3.022, 3.011, 3.014, 3.08, 0.0, 0.0, 0.0, 0.0, 0.0, 0.0, 0.0, 0.0, 0.0, 0.0, 0.0, 0.0, 0.0, 0.0], "d proportion": [0.0, 0.0, 0.0, 0.0, 0.0, 0.0, 0.0, 0.0, 0.0, 0.0, 0.0, 0.0, 0.0, 0.0, 0.0, 0.0, 0.0, 0.0, 0.0, 0.0, 0.0], "Fermi-level/eV": -7.8156, "Coordination numbers": [2.844, 2.938, 3.759, 3.81, 3.804, 3.801, 3.752, 0.926, 0.926, 0.925, 0.925, 0.925, 0.924, 0.924, 0.924, 0.924, 0.924, 0.924, 0.925, 0.925, 0.925], "Dispersion coefficient C6": [30.755, 27.62, 22.617, 21.732, 21.534, 21.519, 22.509, 2.599, 2.603, 2.418, 2.455, 2.397, 2.513, 2.519, 2.563, 2.585, 2.6, 2.604, 2.535, 2.546, 2.544], "Total dispersion C6": 3185.523976, "Total dispersion C8": 68240.326578, "Polarizability alpha": [9.089, 8.619, 6.78, 6.636, 6.606, 6.605, 6.766, 2.521, 2.523, 2.432, 2.45, 2.421, 2.479, 2.482, 2.504, 2.514, 2.522, 2.523, 2.49, 2.495, 2.494], "Total polarizability alpha": 85.95179,