{"total energy": -23.26872855, "HOMO-LUMO gap/eV": 3.9659468, "electronic energy": -23.77473963, "dipole": [0.28132988, -0.07193276, 0.03084146], "partial charges": [-0.102045, -0.02261258, 0.03633664, -0.03374161, -0.03042497, -0.03972284, 0.01791504, -0.10851385, -0.03935082, 0.07355416, 0.03045284, 0.02776621, 0.02790535, 0.0467422, 0.04235444, 0.04202931, 0.03135548], "atomic dipole moments": [[-0.28334375, -0.13376552, -0.08305553], [0.32876869, 0.15555255, 0.09646061], [0.0040168, 0.00350259, 0.00161188], [-6.949e-05, -0.00544643, -0.00255174], [0.00410611, 1.48e-06, 0.00032827], [-0.00561898, -0.00747979, -0.0024495], [0.08042612, -0.04336941, -0.0080355], [-0.05827117, 0.03322731, 0.01188695], [-0.0006613, 0.00841989, 0.00414908], [-0.18311214, -0.08647467, -0.05374], [-0.1280953, 0.07784552, 0.01431171], [0.00490915, 0.13777182, 0.05231849], [0.12819292, 0.06204529, 0.03823637], [0.02366745, -0.06610202, 0.10719859], [-0.00835424, -0.08374206, -0.09556221], [0.09953298, 0.07641279, -0.02068965], [-0.00745888, -0.1396002, -0.05354003]], "atomic quadrupole moments": [[-0.73122642, -0.59984044, 0.26169804, -0.37789545, -0.19094205, 0.46952838], [-0.63385604, -0.56027888, 0.27012772, -0.33658916, -0.13344574, 0.36372832], [-0.20365926, 0.05733774, -0.16307972, -0.05532599, -0.22825499, 0.36673897], [-0.2570227, 0.04148494, -0.14543921, -0.07290457, -0.23817012, 0.40246191], [-0.25205722, 0.03018662, -0.16295648, -0.07785823, -0.25293139, 0.41501371], [-0.2320597, 0.02120597, -0.15932243, -0.0750459, -0.24141369, 0.39138213], [-0.14643604, -0.09259441, -0.17788601, -0.10314778, -0.23712313, 0.32432205], [0.11552085, -0.1200807, -0.0042393, -0.01229228, 0.02537148, -0.11128155], [-0.22077335, 0.01191233, -0.1628717, -0.07795667, -0.24429924, 0.38364506], [-0.01902484, -0.01591322, 0.00726903, -0.00988158, -0.00461204, 0.01175581], [0.03033408, -0.00202197, 0.02336564, 0.01062716, 0.03408644, -0.05369972], [0.03929458, -0.00424062, 0.019239, 0.01121658, 0.03414687, -0.05853358], [0.03417244, -0.00581252, 0.02296689, 0.01001666, 0.03495742, -0.05713933], [-0.03794713, -0.01112372, -0.01670768, 0.0083874, -0.05443321, 0.05465481], [-0.02387748, 0.00443079, -0.00058266, 0.01736961, 0.06867425, 0.02446014], [0.03056467, 0.05337529, 0.02408545, -0.02084561, -0.01056521, -0.05465012], [0.03320583, -0.00578646, 0.02107209, 0.00943176, 0.03287176, -0.05427792]], "number of molecular orbitals": 44, "number of electrons": 44, "number of unpaired electrons": 0, "orbital energies/eV": [-17.55282296, -16.99276885, -16.79277888, -16.41917359, -16.16650549, -15.64141768, -15.37223428, -14.49630555, -13.94289645, -13.72654272, -13.50357034, -13.33443051, -12.91815909, -12.83872365, -12.79234019, -12.56083185, -11.77396946, -11.67587117, -11.53145839, -11.04292092, -10.78415999, -10.43920749, -6.47326069, -5.95994982, -4.12344002, -3.71238944, -1.57683651, 1.81804396, 3.30476457, 3.4068905, 4.36731484, 4.86761263, 5.31549891, 5.48729067, 5.87085333, 6.05174314, 8.28865256, 11.14355406, 11.5338506, 12.47929195, 12.79795463, 17.26908089, 18.06017107, 39.38604766], "fractional occupation": [2.0, 2.0, 2.0, 2.0, 2.0, 2.0, 2.0, 2.0, 2.0, 2.0, 2.0, 2.0, 2.0, 2.0, 2.0, 2.0, 2.0, 2.0, 2.0, 2.0, 2.0, 2.0, 0.0, 0.0, 0.0, 0.0, 0.0, 0.0, 0.0, 0.0, 0.0, 0.0, 0.0, 0.0, 0.0, 0.0, 0.0, 0.0, 0.0, 0.0, 0.0, 0.0, 0.0, 0.0], "program call": "xtb /tmp/scratch/tmp6bn5bgji/22120_0_xyzopt.xyz --pop --wbo --acc 0.2 --gfn 2 --chrg 0 --uhf 0 --etemp 300 --input /tmp/scratch/tmp6bn5bgji/22120_0_xtb.inp", "method": "GFN2-xTB", "xtb version": "6.3.3 (7355c4f)", "Dipole module/D": 0.742, "Total charge": 0, "Transition dipole module/D": NaN, "HOMO": -10.4392, "LUMO": -6.4733, "HOMO occupancy": 2.0, "LUMO occupancy": 0, "mulliken charges": [-0.0903, -0.02327, 0.03019, -0.03657, -0.024, -0.0443, 0.01858, -0.08951, -0.04614, 0.06101, 0.03441, 0.03069, 0.02998, 0.04173, 0.03701, 0.03651, 0.03397], "cm5 charges": [-0.14341, -0.02801, 0.02276, -0.08949, -0.08011, -0.09864, 0.00061, -0.23504, -0.09694, 0.11669, 0.09189, 0.08717, 0.08725, 0.09389, 0.08979, 0.08929, 0.09229], "FUKUI+": [-0.106, -0.058, -0.084, -0.036, -0.03, -0.074, -0.047, 0.027, -0.033, -0.102, -0.077, -0.081, -0.09, -0.049, -0.043, -0.043, -0.075], "FUKUI-": [-0.099, -0.063, -0.053, -0.056, -0.026, -0.06, -0.052, 0.024, -0.022, -0.092, -0.075, -0.074, -0.078, -0.089, -0.061, -0.062, -0.062], "FUKUIrad": [-0.102, -0.06, -0.068, -0.046, -0.028, -0.067, -0.05, 0.025, -0.027, -0.097, -0.076, -0.077, -0.084, -0.069, -0.052, -0.053, -0.069], "s proportion": [1.09, 1.105, 1.064, 1.057, 1.055, 1.058, 1.082, 1.005, 1.06, 0.939, 0.966, 0.969, 0.97, 0.958, 0.963, 0.963, 0.966], "p proportion": [3.0, 2.919, 2.906, 2.979, 2.969, 2.986, 2.9, 3.084, 2.986, 0.0, 0.0, 0.0, 0.0, 0.0, 0.0, 0.0, 0.0], "d proportion": [0.0, 0.0, 0.0, 0.0, 0.0, 0.0, 0.0, 0.0, 0.0, 0.0, 0.0, 0.0, 0.0, 0.0, 0.0, 0.0, 0.0], "Fermi-level/eV": -8.4562, "Coordination numbers": [1.909, 1.981, 2.971, 2.927, 2.917, 2.925, 2.965, 3.758, 2.933, 0.928, 0.926, 0.926, 0.926, 0.924, 0.925, 0.925, 0.926], "Dispersion coefficient C6": [33.93, 31.656, 27.183, 28.841, 28.759, 28.987, 27.607, 22.626, 28.978, 2.046, 2.58, 2.618, 2.616, 2.361, 2.418, 2.422, 2.567], "Total dispersion C6": 3679.933325, "Total dispersion C8": 91475.469373, "Polarizability alpha": [9.407, 9.086, 8.552, 8.807, 8.794, 8.829, 8.618, 6.782, 8.828, 2.237, 2.512, 2.53, 2.529, 2.403, 2.432, 2.434, 2.506], "Total polarizability alpha": 97.286307, "Wiberg matrix": [[0.0, 2.8310801122818807, 0.0, 0.0, 0.0, 0.0, 0.0, 0.0, 0.0, 0.9717910101687515, 0.0, 0.0, 0.0, 0.0, 0.0, 0.0, 0.0], [2.8310801122818807, 0.0, 1.1061414166396457, 0.0, 0.0, 0.0, 0.0, 0.0, 0.0, 0.0, 0.0, 0.0, 0.0, 0.0, 0.0, 0.0, 0.0], [0.0, 1.1061414166396457, 0.0, 1.3639848426052636, 0.0, 0.0, 0.0, 0.0, 1.3713042335557308, 0.0, 0.0, 0.0, 0.0, 0.0, 0.0, 0.0, 0.0], [0.0, 0.0, 1.3639848426052636, 0.0, 1.4522107290799189, 0.0, 0.10341428145420578, 0.0, 0.0, 0.0, 0.9712337698361998, 0.0, 0.0, 0.0, 0.0, 0.0, 0.0], [0.0, 0.0, 0.0, 1.4522107290799189, 0.0, 1.4374715304470613, 0.0, 0.0, 0.10423123226786356, 0.0, 0.0, 0.9705340022914389, 0.0, 0.0, 0.0, 0.0, 0.0], [0.0, 0.0, 0.0, 0.0, 1.4374715304470613, 0.0, 1.4036845717139497, 0.0, 0.0, 0.0, 0.0, 0.0, 0.9699997522597684, 0.0, 0.0, 0.0, 0.0], [0.0, 0.0, 0.0, 0.10341428145420578, 0.0, 1.4036845717139497, 0.0, 1.0242828242996014, 1.425442641853399, 0.0, 0.0, 0.0, 0.0, 0.0, 0.0, 0.0, 0.0], [0.0, 0.0, 0.0, 0.0, 0.0, 0.0, 1.0242828242996014, 0.0, 0.0, 0.0, 0.0, 0.0, 0.0, 0.9677075456942463, 0.9820178723447343, 0.9821892021596216, 0.0], [0.0, 0.0, 1.3713042335557308, 0.0, 0.10423123226786356, 0.0, 1.425442641853399, 0.0, 0.0, 0.0, 0.0, 0.0, 0.0, 0.0, 0.0, 0.0, 0.9693588175033392], [0.9717910101687515, 0.0, 0.0, 0.0, 0.0, 0.0, 0.0, 0.0, 0.0, 0.0, 0.0, 0.0, 0.0, 0.0, 0.0, 0.0, 0.0], [0.0, 0.0, 0.0, 0.9712337698361998, 0.0, 0.0, 0.0, 0.0, 0.0, 0.0, 0.0, 0.0, 0.0, 0.0, 0.0, 0.0, 0.0], [0.0, 0.0, 0.0, 0.0, 0.9705340022914389, 0.0, 0.0, 0.0, 0.0, 0.0, 0.0, 0.0, 0.0, 0.0, 0.0, 0.0, 0.0], [0.0, 0.0, 0.0, 0.0, 0.0, 0.9699997522597684, 0.0, 0.0, 0.0, 0.0, 0.0, 0.0, 0.0, 0.0, 0.0, 0.0, 0.0], [0.0, 0.0, 0.0, 0.0, 0.0, 0.0, 0.0, 0.9677075456942463, 0.0, 0.0, 0.0, 0.0, 0.0, 0.0, 0.0, 0.0, 0.0], [0.0, 0.0, 0.0, 0.0, 0.0, 0.0, 0.0, 0.9820178723447343, 0.0, 0.0, 0.0, 0.0, 0.0, 0.0, 0.0, 0.0, 0.0], [0.0, 0.0, 0.0, 0.0, 0.0, 0.0, 0.0, 0.9821892021596216, 0.0, 0.0, 0.0, 0.0, 0.0, 0.0, 0.0, 0.0, 0.0], [0.0, 0.0, 0.0, 0.0, 0.0, 0.0, 0.0, 0.0, 0.9693588175033392, 0.0, 0.0, 0.0, 0.0, 0.0, 0.0, 0.0, 0.0]], "Born radii": [], "Atomic SASAs": [], "Solvent H bonds": [], "Total SASA": NaN, "Total FOD": 0.0, "FOD": [0.0, 0.0, 0.0, 0.0, 0.0, 0.0, 0.0, 0.0, 0.0, 0.0, 0.0, 0.0, 0.0, 0.0, 0.0, 0.0, 0.0], "FOD s proportion": [0.0, 0.0, 0.0, 0.0, 0.0, 0.0, 0.0, 0.0, 0.0, 0.0, 0.0, 0.0, 0.0, 0.0, 0.0, 0.0, 0.0], "FOD p proportion": [0.0, 0.0, 0.0, 0.0, 0.0, 0.0, 0.0, 0.0, 0.0, 0.0, 0.0, 0.0, 0.0, 0.0, 0.0, 0.0, 0.0],