{"total energy": -23.26896472, "HOMO-LUMO gap/eV": 3.91546561, "electronic energy": -23.7746605, "dipole": [0.09469802, -0.14811594, 0.04121116], "partial charges": [-0.10388114, -0.02066495, 0.02714924, -0.03039894, -0.03386618, -0.03105777, -0.03916947, 0.01830726, -0.1070377, 0.07188223, 0.03101653, 0.02721706, 0.02764507, 0.02757658, 0.04769276, 0.03989747, 0.04769196], "atomic dipole moments": [[0.27968411, 0.16003879, -0.04418228], [-0.32301026, -0.18229654, 0.05032276], [-0.00603235, -0.01062503, 0.00298658], [0.00386906, -0.00282974, 0.00079527], [-0.00236858, -0.00387436, 0.00107707], [0.00114879, 0.00160594, -0.00043933], [-0.00289333, 0.00656687, -0.00183171], [0.07790106, -0.0381647, 0.01067071], [-0.05552269, 0.03755483, -0.01048674], [0.18071212, 0.10235802, -0.02838391], [0.00400262, 0.14427191, -0.04013591], [-0.12720232, 0.07308549, -0.02042243], [-0.12834899, -0.07049016, 0.01951371], [-0.00395735, -0.14145168, 0.03933835], [0.07122573, 0.05771674, 0.09053685], [-0.02089068, -0.11975343, 0.03330214], [0.07136642, 0.00269265, -0.10724158]], "atomic quadrupole moments": [[-0.6970189, -0.70005095, 0.14722238, 0.19354933, 0.12061641, 0.54979652], [-0.60088706, -0.65192145, 0.17116755, 0.18034004, 0.07724014, 0.4297195], [-0.1929475, 0.0275544, -0.1956135, -0.0080329, 0.17619301, 0.388561], [-0.24001537, -0.00387499, -0.21373746, 0.00055286, 0.20127478, 0.45375283], [-0.25742587, 0.00186443, -0.19664541, -0.00106481, 0.19619375, 0.45407128], [-0.26224794, -0.00278719, -0.1979837, 0.00022801, 0.19842884, 0.46023164], [-0.25012648, -0.01214227, -0.18808484, 0.00285744, 0.18878071, 0.43821132], [-0.16003399, -0.10919899, -0.20954752, 0.02996146, 0.17450553, 0.36958152], [0.12313226, -0.11030346, -0.01312733, 0.0308539, -0.02929984, -0.11000493], [-0.01800276, -0.01875121, 0.00407596, 0.00522393, 0.00297503, 0.0139268], [0.03738292, -0.00167696, 0.02433889, 0.00053948, -0.025949, -0.06172181], [0.0343876, 0.00356795, 0.02940839, -0.00091938, -0.02809679, -0.063796], [0.03434169, -0.00346826, 0.0301597, 0.00103842, -0.02854106, -0.06450138], [0.03782656, 2.47e-05, 0.02634526, 7.085e-05, -0.02728935, -0.06417182], [-0.01479106, 0.01980842, -0.00466087, 0.05013743, 0.04635243, 0.01945193], [-0.02011154, 0.02278279, 0.06934661, -0.006311, -0.03573798, -0.04923507], [-0.01464583, -0.00890391, -0.03923562, -0.05325103, -0.01099423, 0.05388145]], "number of molecular orbitals": 44, "number of electrons": 44, "number of unpaired electrons": 0, "orbital energies/eV": [-17.56362549, -16.95684201, -16.82433342, -16.41273216, -16.14644584, -15.62835123, -15.34464605, -14.54320547, -13.90499612, -13.73390512, -13.52049232, -13.3454405, -12.90907322, -12.84109667, -12.65166213, -12.51171005, -11.85935791, -11.71942292, -11.51011867, -11.02517006, -10.80667174, -10.40267903, -6.48721342, -5.94384579, -4.12705158, -3.70825311, -1.58569813, 1.88860678, 2.93797379, 3.76504357, 4.32626826, 4.78656402, 4.93945899, 5.82468467, 6.05384515, 6.32125781, 7.97607834, 11.11390064, 11.72311767, 12.45828161, 12.70620727, 17.26096703, 18.06216774, 39.34292617], "fractional occupation": [2.0, 2.0, 2.0, 2.0, 2.0, 2.0, 2.0, 2.0, 2.0, 2.0, 2.0, 2.0, 2.0, 2.0, 2.0, 2.0, 2.0, 2.0, 2.0, 2.0, 2.0, 2.0, 0.0, 0.0, 0.0, 0.0, 0.0, 0.0, 0.0, 0.0, 0.0, 0.0, 0.0, 0.0, 0.0, 0.0, 0.0, 0.0, 0.0, 0.0, 0.0, 0.0, 0.0, 0.0], "program call": "xtb /tmp/scratch/tmpq4pk5oiz/22307_0_xyzopt.xyz --pop --wbo --acc 0.2 --gfn 2 --chrg 0 --uhf 0 --etemp 300 --input /tmp/scratch/tmpq4pk5oiz/22307_0_xtb.inp", "method": "GFN2-xTB", "xtb version": "6.3.3 (7355c4f)", "Dipole module/D": 0.459, "Total charge": 0, "Transition dipole module/D": NaN, "HOMO": -10.4027, "LUMO": -6.4872, "HOMO occupancy": 2.0, "LUMO occupancy": 0, "mulliken charges": [-0.09319, -0.02259, 0.01313, -0.02865, -0.03238, -0.02664, -0.04205, 0.01488, -0.0875, 0.06081, 0.0343, 0.03085, 0.03023, 0.0305, 0.04217, 0.03397, 0.04217], "cm5 charges": [-0.14655, -0.02772, 0.0076, -0.08143, -0.0886, -0.08293, -0.09625, 0.00016, -0.23209, 0.1165, 0.09185, 0.08732, 0.08669, 0.08778, 0.09536, 0.08696, 0.09536], "FUKUI+": [-0.104, -0.057, -0.081, -0.035, -0.03, -0.077, -0.025, -0.053, 0.027, -0.102, -0.076, -0.082, -0.091, -0.079, -0.043, -0.048, -0.043], "FUKUI-": [-0.098, -0.058, -0.06, -0.023, -0.05, -0.055, -0.02, -0.06, 0.025, -0.093, -0.066, -0.078, -0.078, -0.069, -0.079, -0.059, -0.079], "FUKUIrad": [-0.101, -0.058, -0.07, -0.029, -0.04, -0.066, -0.023, -0.057, 0.026, -0.098, -0.071, -0.08, -0.085, -0.074, -0.061, -0.053, -0.061], "s proportion": [1.09, 1.105, 1.065, 1.059, 1.054, 1.056, 1.057, 1.084, 1.004, 0.939, 0.966, 0.969, 0.97, 0.97, 0.958, 0.966, 0.958], "p proportion": [3.003, 2.917, 2.922, 2.97, 2.978, 2.971, 2.985, 2.901, 3.083, 0.0, 0.0, 0.0, 0.0, 0.0, 0.0, 0.0, 0.0], "d proportion": [0.0, 0.0, 0.0, 0.0, 0.0, 0.0, 0.0, 0.0, 0.0, 0.0, 0.0, 0.0, 0.0, 0.0, 0.0, 0.0, 0.0], "Fermi-level/eV": -8.4449, "Coordination numbers": [1.909, 1.981, 2.977, 2.928, 2.918, 2.918, 2.924, 2.973, 3.757, 0.928, 0.926, 0.926, 0.926, 0.926, 0.925, 0.925, 0.925], "Dispersion coefficient C6": [33.983, 31.604, 27.391, 28.759, 28.843, 28.775, 28.974, 27.596, 22.598, 2.064, 2.572, 2.626, 2.62, 2.621, 2.349, 2.45, 2.349], "Total dispersion C6": 3680.301864, "Total dispersion C8": 91477.335809, "Polarizability alpha": [9.415, 9.079, 8.585, 8.795, 8.807, 8.797, 8.827, 8.617, 6.778, 2.247, 2.508, 2.534, 2.531, 2.532, 2.397, 2.448, 2.397], "Total polarizability alpha": 97.291046, "Wiberg matrix": [[0.0, 2.827781848817865, 0.0, 0.0, 0.0, 0.0, 0.0, 0.0, 0.0, 0.9720183881706723, 0.0, 0.0, 0.0, 0.0, 0.0, 0.0, 0.0], [2.827781848817865, 0.0, 1.1081517867308457, 0.0, 0.0, 0.0, 0.0, 0.0, 0.0, 0.0, 0.0, 0.0, 0.0, 0.0, 0.0, 0.0, 0.0], [0.0, 1.1081517867308457, 0.0, 1.3742695107307812, 0.0, 0.10052163335512093, 0.0, 1.3336361379913306, 0.0, 0.0, 0.0, 0.0, 0.0, 0.0, 0.0, 0.0, 0.0], [0.0, 0.0, 1.3742695107307812, 0.0, 1.4493935054604026, 0.0, 0.10359659335641123, 0.0, 0.0, 0.0, 0.9708284283347154, 0.0, 0.0, 0.0, 0.0, 0.0, 0.0], [0.0, 0.0, 0.0, 1.4493935054604026, 0.0, 1.4324147993228797, 0.0, 0.1027503823783911, 0.0, 0.0, 0.0, 0.9707819915804257, 0.0, 0.0, 0.0, 0.0, 0.0], [0.0, 0.0, 0.10052163335512093, 0.0, 1.4324147993228797, 0.0, 1.4335313052436298, 0.0, 0.0, 0.0, 0.0, 0.0, 0.9715628653098513, 0.0, 0.0, 0.0, 0.0], [0.0, 0.0, 0.0, 0.10359659335641123, 0.0, 1.4335313052436298, 0.0, 1.429100507181794, 0.0, 0.0, 0.0, 0.0, 0.0, 0.9683171302088771, 0.0, 0.0, 0.0], [0.0, 0.0, 1.3336361379913306, 0.0, 0.1027503823783911, 0.0, 1.429100507181794, 0.0, 1.0282912463427918, 0.0, 0.0, 0.0, 0.0, 0.0, 0.0, 0.0, 0.0], [0.0, 0.0, 0.0, 0.0, 0.0, 0.0, 0.0, 1.0282912463427918, 0.0, 0.0, 0.0, 0.0, 0.0, 0.0, 0.9708632028326456, 0.9856427643844241, 0.9708626371513167], [0.9720183881706723, 0.0, 0.0, 0.0, 0.0, 0.0, 0.0, 0.0, 0.0, 0.0, 0.0, 0.0, 0.0, 0.0, 0.0, 0.0, 0.0], [0.0, 0.0, 0.0, 0.9708284283347154, 0.0, 0.0, 0.0, 0.0, 0.0, 0.0, 0.0, 0.0, 0.0, 0.0, 0.0, 0.0, 0.0], [0.0, 0.0, 0.0, 0.0, 0.9707819915804257, 0.0, 0.0, 0.0, 0.0, 0.0, 0.0, 0.0, 0.0, 0.0, 0.0, 0.0, 0.0], [0.0, 0.0, 0.0, 0.0, 0.0, 0.9715628653098513, 0.0, 0.0, 0.0, 0.0, 0.0, 0.0, 0.0, 0.0, 0.0, 0.0, 0.0], [0.0, 0.0, 0.0, 0.0, 0.0, 0.0, 0.9683171302088771, 0.0, 0.0, 0.0, 0.0, 0.0, 0.0, 0.0, 0.0, 0.0, 0.0], [0.0, 0.0, 0.0, 0.0, 0.0, 0.0, 0.0, 0.0, 0.9708632028326456, 0.0, 0.0, 0.0, 0.0, 0.0, 0.0, 0.0, 0.0], [0.0, 0.0, 0.0, 0.0, 0.0, 0.0, 0.0, 0.0, 0.9856427643844241, 0.0, 0.0, 0.0, 0.0, 0.0, 0.0, 0.0, 0.0], [0.0, 0.0, 0.0, 0.0, 0.0, 0.0, 0.0, 0.0, 0.9708626371513167, 0.0, 0.0, 0.0, 0.0, 0.0, 0.0, 0.0, 0.0]], "Born radii": [], "Atomic SASAs": [], "Solvent H bonds": [], "Total SASA": NaN, "Total FOD": 0.0, "FOD": [0.0, 0.0, 0.0, 0.0, 0.0, 0.0, 0.0, 0.0, 0.0, 0.0, 0.0, 0.0, 0.0, 0.0, 0.0, 0.0, 0.0], "FOD s proportion": [0.0, 0.0, 0.0, 0.0, 0.0, 0.0, 0.0, 0.0, 0.0, 0.0, 0.0, 0.0, 0.0, 0.0, 0.0, 0.0, 0.0], "FOD p proportion": [0.0, 0.0, 0.0, 0.0, 0.0, 0.0, 0.0, 0.0, 0.0, 0.0, 0.0, 0.0, 0.0, 0.0, 0.0, 0.0, 0.0],