{"total energy": -26.06178993, "HOMO-LUMO gap/eV": 3.86717558, "electronic energy": -26.38953431, "dipole": [0.47395999, -0.67228867, -0.01908357], "partial charges": [-0.10227101, -0.05527674, -0.00537781, -0.07954866, 0.3524034, -0.42032488, -0.26706727, 0.03571182, 0.0426825, 0.04430138, 0.04109708, 0.05514171, 0.04516123, 0.06904053, 0.05873552, 0.06078211, 0.05994268, 0.06486641], "atomic dipole moments": [[-0.06576242, -0.05088632, 0.07750543], [-0.02549133, 0.07087047, -0.07285921], [0.11425282, -0.01068365, 0.01310099], [-0.12483586, 0.01047365, -0.01406173], [-0.15028052, -0.08391529, -0.02772225], [0.05347688, -0.19159142, -0.00747854], [-0.0916439, 0.22700433, 0.00467741], [0.24482532, -0.05574533, 0.03163909], [0.1188573, -0.03490825, 0.01540395], [-0.00584827, 0.12502653, 0.00910161], [-0.03694693, -0.03266998, -0.11595693], [0.04403517, 0.03331484, 0.11334591], [0.00784247, -0.12504264, -0.01044223], [-0.03180973, 0.14565194, 0.00452945], [0.01151367, -0.15023265, -0.00850155], [-0.00583954, 0.08240882, -0.09781213], [-0.03724583, 0.06059351, 0.10631852], [-0.05871412, -0.10935349, -0.02052388]], "atomic quadrupole moments": [[0.0079388, 0.09482928, -0.05739174, -0.16050791, -0.11888667, 0.04945294], [0.16763523, 0.00654231, -0.11944425, -0.0910478, -0.11785366, -0.04819098], [-0.19432694, -0.11099799, -0.41383148, -0.12487797, -0.08820813, 0.60815843], [-0.12640344, -0.12320426, -0.30768451, -0.08407942, -0.06635142, 0.43408795], [-0.21723097, 0.19664682, -0.21106283, -0.07809029, -0.02458408, 0.4282938], [-0.11262699, 0.00077685, -0.07082505, -0.04309032, -0.02033177, 0.18345204], [0.08768472, -0.0194691, -0.00323328, 0.02356211, 0.00379908, -0.08445144], [0.50411916, -0.16541036, -0.23011782, 0.10197291, -0.01921313, -0.27400134], [0.06728507, -0.03738794, -0.03457291, 0.0162542, -0.01876392, -0.03271216], [-0.04521938, -0.01143843, 0.07929276, -0.01375143, 0.01609255, -0.03407338], [-0.02473263, 0.02424271, -0.03202089, 0.03368743, 0.02981898, 0.05675352], [-0.02187573, 0.01679269, -0.02355717, 0.02261241, 0.02531991, 0.0454329], [-0.0182513, -0.00249433, 0.05508008, -0.01046371, 0.01411144, -0.03682878], [0.03019548, 0.01091439, 0.03085053, 0.01414412, 0.00819742, -0.06104601], [0.02454407, -0.0050338, 0.03578415, 0.01172927, 0.00584382, -0.06032822], [-0.00811727, -0.01001261, -0.01541945, 0.00190874, -0.0553239, 0.02353671], [-0.00326678, -0.02221017, -0.03525017, -0.01684437, 0.03871978, 0.03851695], [0.01292048, 0.04773727, 0.04217186, 0.01574291, 0.01815573, -0.05509234]], "number of molecular orbitals": 42, "number of electrons": 46, "number of unpaired electrons": 0, "orbital energies/eV": [-20.04131652, -19.21250453, -18.22543806, -17.51216527, -17.01447982, -16.4018927, -16.14160989, -15.75830219, -15.44844266, -15.18847534, -14.94803234, -14.10178208, -13.8619654, -13.79293467, -13.63467898, -13.07699453, -12.87399392, -12.65301025, -12.30054914, -12.07792344, -12.02911192, -11.40386462, -11.13736495, -7.27018937, -4.30293077, 0.64461821, 2.91479521, 3.12081809, 3.35323623, 3.70279457, 4.24965536, 4.49613637, 4.72535806, 5.00482521, 5.34339553, 5.51709337, 6.66575589, 7.17120962, 7.40524466, 11.23155813, 14.65852074, 19.41031809], "fractional occupation": [2.0, 2.0, 2.0, 2.0, 2.0, 2.0, 2.0, 2.0, 2.0, 2.0, 2.0, 2.0, 2.0, 2.0, 2.0, 2.0, 2.0, 2.0, 2.0, 2.0, 2.0, 2.0, 2.0, 0.0, 0.0, 0.0, 0.0, 0.0, 0.0, 0.0, 0.0, 0.0, 0.0, 0.0, 0.0, 0.0, 0.0, 0.0, 0.0, 0.0, 0.0, 0.0], "program call": "xtb /tmp/scratch/tmpvldvv6h6/23138_0_xyzopt.xyz --pop --wbo --acc 0.2 --gfn 2 --chrg 0 --uhf 0 --etemp 300 --input /tmp/scratch/tmpvldvv6h6/23138_0_xtb.inp", "method": "GFN2-xTB", "xtb version": "6.3.3 (7355c4f)", "Dipole module/D": 2.091, "Total charge": 0, "Transition dipole module/D": NaN, "HOMO": -11.1374, "LUMO": -7.2702, "HOMO occupancy": 2.0, "LUMO occupancy": 0, "mulliken charges": [-0.08092, -0.0392, 0.01875, -0.08795, 0.57561, -0.5422, -0.41812, 0.17645, 0.03484, 0.03528, 0.03439, 0.04217, 0.03178, 0.05188, 0.04798, 0.04253, 0.04178, 0.03495], "cm5 charges": [-0.23283, -0.14799, -0.04217, -0.13841, 0.63177, -0.59192, -0.50669, 0.05613, 0.08648, 0.0876, 0.08676, 0.0971, 0.08754, 0.11282, 0.10968, 0.10472, 0.10361, 0.09581], "FUKUI+": [0.016, 0.02, -0.121, -0.054, -0.078, -0.175, -0.087, 0.034, -0.051, -0.029, -0.025, -0.072, -0.049, -0.092, -0.103, -0.037, -0.039, -0.056], "FUKUI-": [0.016, 0.002, -0.029, -0.047, -0.014, -0.146, -0.091, 0.024, -0.069, -0.066, -0.084, -0.115, -0.07, -0.052, -0.069, -0.059, -0.066, -0.065], "FUKUIrad": [0.016, 0.011, -0.075, -0.05, -0.046, -0.16, -0.089, 0.029, -0.06, -0.047, -0.055, -0.094, -0.06, -0.072, -0.086, -0.048, -0.052, -0.061], "s proportion": [1.006, 1.024, 1.083, 1.065, 0.97, 1.723, 1.687, 0.971, 0.965, 0.965, 0.966, 0.958, 0.968, 0.948, 0.952, 0.957, 0.958, 0.965], "p proportion": [3.075, 3.015, 2.898, 3.022, 2.454, 4.819, 4.731, 2.852, 0.0, 0.0, 0.0, 0.0, 0.0, 0.0, 0.0, 0.0, 0.0, 0.0], "d proportion": [0.0, 0.0, 0.0, 0.0, 0.0, 0.0, 0.0, 0.0, 0.0, 0.0, 0.0, 0.0, 0.0, 0.0, 0.0, 0.0, 0.0, 0.0], "Fermi-level/eV": -9.2038, "Coordination numbers": [3.754, 3.804, 2.898, 2.891, 2.73, 0.856, 1.705, 3.656, 0.925, 0.925, 0.925, 0.924, 0.924, 0.925, 0.926, 0.924, 0.924, 0.925], "Dispersion coefficient C6": [22.511, 21.564, 28.156, 29.987, 21.017, 22.092, 18.427, 20.263, 2.413, 2.392, 2.434, 2.257, 2.381, 2.096, 2.214, 2.19, 2.2, 2.143], "Total dispersion C6": 2827.436005, "Total dispersion C8": 62242.357176, "Polarizability alpha": [6.765, 6.611, 8.7, 8.978, 7.505, 6.302, 5.796, 6.462, 2.429, 2.419, 2.44, 2.349, 2.413, 2.264, 2.327, 2.314, 2.319, 2.289], "Total polarizability alpha": 80.682995, "Wiberg matrix": [[0.0, 0.9983860248954449, 0.0, 0.0, 0.0, 0.0, 0.0, 0.0, 0.9857455949877915, 0.9873268015618507, 0.9886116726592001, 0.0, 0.0, 0.0, 0.0, 0.0, 0.0, 0.0], [0.9983860248954449, 0.0, 1.0399659200331106, 0.0, 0.0, 0.0, 0.0, 0.0, 0.0, 0.0, 0.0, 0.9531621111395916, 0.9752130127302227, 0.0, 0.0, 0.0, 0.0, 0.0], [0.0, 1.0399659200331106, 0.0, 1.853329132761679, 0.0, 0.0, 0.0, 0.0, 0.0, 0.0, 0.0, 0.0, 0.0, 0.9593762282015061, 0.0, 0.0, 0.0, 0.0], [0.0, 0.0, 1.853329132761679, 0.0, 1.0294515353276217, 0.0, 0.0, 0.0, 0.0, 0.0, 0.0, 0.0, 0.0, 0.0, 0.9635686084757783, 0.0, 0.0, 0.0], [0.0, 0.0, 0.0, 1.0294515353276217, 0.0, 1.7187601140323259, 1.1059878776345466, 0.0, 0.0, 0.0, 0.0, 0.0, 0.0, 0.0, 0.0, 0.0, 0.0, 0.0], [0.0, 0.0, 0.0, 0.0, 1.7187601140323259, 0.0, 0.16702932326533443, 0.0, 0.0, 0.0, 0.0, 0.0, 0.0, 0.0, 0.0, 0.0, 0.0, 0.0], [0.0, 0.0, 0.0, 0.0, 1.1059878776345466, 0.16702932326533443, 0.0, 0.9633165878827475, 0.0, 0.0, 0.0, 0.0, 0.0, 0.0, 0.0, 0.0, 0.0, 0.0], [0.0, 0.0, 0.0, 0.0, 0.0, 0.0, 0.9633165878827475, 0.0, 0.0, 0.0, 0.0, 0.0, 0.0, 0.0, 0.0, 0.9767258517732024, 0.9767077928425512, 0.9822024197977404], [0.9857455949877915, 0.0, 0.0, 0.0, 0.0, 0.0, 0.0, 0.0, 0.0, 0.0, 0.0, 0.0, 0.0, 0.0, 0.0, 0.0, 0.0, 0.0], [0.9873268015618507, 0.0, 0.0, 0.0, 0.0, 0.0, 0.0, 0.0, 0.0, 0.0, 0.0, 0.0, 0.0, 0.0, 0.0, 0.0, 0.0, 0.0], [0.9886116726592001, 0.0, 0.0, 0.0, 0.0, 0.0, 0.0, 0.0, 0.0, 0.0, 0.0, 0.0, 0.0, 0.0, 0.0, 0.0, 0.0, 0.0], [0.0, 0.9531621111395916, 0.0, 0.0, 0.0, 0.0, 0.0, 0.0, 0.0, 0.0, 0.0, 0.0, 0.0, 0.0, 0.0, 0.0, 0.0, 0.0], [0.0, 0.9752130127302227, 0.0, 0.0, 0.0, 0.0, 0.0, 0.0, 0.0, 0.0, 0.0, 0.0, 0.0, 0.0, 0.0, 0.0, 0.0, 0.0], [0.0, 0.0, 0.9593762282015061, 0.0, 0.0, 0.0, 0.0, 0.0, 0.0, 0.0, 0.0, 0.0, 0.0, 0.0, 0.0, 0.0, 0.0, 0.0], [0.0, 0.0, 0.0, 0.9635686084757783, 0.0, 0.0, 0.0, 0.0, 0.0, 0.0, 0.0, 0.0, 0.0, 0.0, 0.0, 0.0, 0.0, 0.0], [0.0, 0.0, 0.0, 0.0, 0.0, 0.0, 0.0, 0.9767258517732024, 0.0, 0.0, 0.0, 0.0, 0.0, 0.0, 0.0, 0.0, 0.0, 0.0], [0.0, 0.0, 0.0, 0.0, 0.0, 0.0, 0.0, 0.9767077928425512, 0.0, 0.0, 0.0, 0.0, 0.0, 0.0, 0.0, 0.0, 0.0, 0.0], [0.0, 0.0, 0.0, 0.0, 0.0, 0.0, 0.0, 0.9822024197977404, 0.0, 0.0, 0.0, 0.0, 0.0, 0.0, 0.0, 0.0, 0.0, 0.0]], "Born radii": [], "Atomic SASAs": [], "Solvent H bonds": [], "Total SASA": NaN, "Total FOD": 0.0,