{"total energy": -24.33159273, "HOMO-LUMO gap/eV": 4.44718818, "electronic energy": -24.78621893, "dipole": [-0.22872433, 0.01793567, 0.00151024], "partial charges": [-0.03438683, -0.03103892, -0.03769503, 0.01243182, -0.02329338, -0.06099582, -0.06099576, -0.03985108, -0.02993824, 0.0266254, 0.02652039, 0.02978406, 0.0300734, 0.03765968, 0.03300061, 0.03300069, 0.03765967, 0.02397761, 0.02746171], "atomic dipole moments": [[-0.00198124, 0.00025201, -0.00183752], [0.00276795, -8.594e-05, -0.00253147], [-0.00092271, 0.00085467, -0.01496929], [-0.06815452, 0.00642724, -0.0202607], [-0.04419753, -0.00210552, 0.10689407], [0.04083799, -0.10798821, -0.04773853], [0.05758466, 0.10464494, -0.03662705], [-0.00741788, 0.00014699, 0.00837528], [-0.00133391, 3.828e-05, 0.00127891], [0.14261428, -0.01308282, 0.03538881], [0.03898968, -0.01042076, 0.14068455], [-0.09764039, 0.00200115, 0.1089215], [-0.02212231, 0.0089332, -0.13759984], [0.04947072, 0.05708625, 0.11968779], [-0.09656646, 0.07662023, -0.06849842], [-0.1067829, -0.05309099, -0.07527673], [0.0389737, -0.07619735, 0.11272255], [-0.03790559, 0.01033253, -0.14062332], [0.10093465, -0.00238924, -0.10645575]], "atomic quadrupole moments": [[-0.25358205, 0.05965007, 0.49724281, 0.00047205, 0.03902225, -0.24366076], [-0.25543031, 0.06076888, 0.5076403, -0.00226353, 0.04023424, -0.25221], [-0.22639234, 0.05629094, 0.48329065, 0.00231256, 0.03882463, -0.25689831], [-0.12426566, 0.04043714, 0.41704578, 0.0495623, 0.03343673, -0.29278012], [0.13683091, -0.00529701, -0.03950123, -0.1637814, 0.01594379, -0.09732968], [-0.03054359, -0.02421093, 0.13878548, -0.18095783, 0.06564903, -0.10824189], [-0.01587155, 0.06867511, 0.13208857, -0.18210163, -0.01083636, -0.11621702], [-0.23336107, 0.05611003, 0.47761964, 0.0075993, 0.03744862, -0.24425857], [-0.256697, 0.06059784, 0.5088367, 0.00467853, 0.03974563, -0.2521397], [0.033032, -0.00819304, -0.07123747, -0.00180776, -0.00562433, 0.03820548], [0.03965848, -0.00887486, -0.07316255, -0.00172113, -0.00548857, 0.03350407], [0.04457564, -0.0097074, -0.07485274, 0.00413104, -0.00587373, 0.0302771], [0.03102349, -0.00651177, -0.05339054, -0.00368645, -0.00370561, 0.02236705], [-0.02091833, -0.01019692, -0.00167313, 0.03301096, 0.02226742, 0.02259146], [-0.00385267, -0.0309919, 0.00241178, 0.03368862, 0.00197858, 0.00144089], [0.00532045, 0.02692202, -0.00576469, 0.03598086, -0.00777202, 0.00044424], [-0.01777709, 0.00983579, 0.00059045, 0.02998026, -0.02938515, 0.01718664], [0.03722749, -0.00861833, -0.07203947, -0.00124303, -0.00553503, 0.03481198], [0.03654927, -0.00880108, -0.07239135, 0.00269284, -0.0059191, 0.03584208]], "number of molecular orbitals": 46, "number of electrons": 46, "number of unpaired electrons": 0, "orbital energies/eV": [-17.60473097, -17.37444558, -16.68851773, -16.54633119, -15.78349428, -15.46485747, -15.44737165, -15.01531277, -14.49655823, -14.08256775, -13.57017526, -13.30513657, -13.10284245, -12.98109578, -12.84817735, -12.34433167, -12.23651197, -11.86365042, -11.71908952, -11.37769762, -11.25101403, -10.84613078, -10.39895753, -5.95176935, -5.89603163, -2.64354282, -0.70519056, 2.3309627, 3.036061, 3.34882215, 3.52370357, 3.99196052, 4.70735669, 4.97697433, 5.27866181, 6.22102712, 7.35799384, 8.19728497, 8.27974067, 9.54106858, 11.42303091, 11.60229854, 12.47977292, 12.90249714, 17.40236559, 18.33659395], "fractional occupation": [2.0, 2.0, 2.0, 2.0, 2.0, 2.0, 2.0, 2.0, 2.0, 2.0, 2.0, 2.0, 2.0, 2.0, 2.0, 2.0, 2.0, 2.0, 2.0, 2.0, 2.0, 2.0, 2.0, 0.0, 0.0, 0.0, 0.0, 0.0, 0.0, 0.0, 0.0, 0.0, 0.0, 0.0, 0.0, 0.0, 0.0, 0.0, 0.0, 0.0, 0.0, 0.0, 0.0, 0.0, 0.0, 0.0], "program call": "xtb /tmp/scratch/tmpzux8ajlq/24482_0_xyzopt.xyz --pop --wbo --acc 0.2 --gfn 2 --chrg 0 --uhf 0 --etemp 300 --input /tmp/scratch/tmpzux8ajlq/24482_0_xtb.inp", "method": "GFN2-xTB", "xtb version": "6.3.3 (7355c4f)", "Dipole module/D": 0.583, "Total charge": 0, "Transition dipole module/D": NaN, "HOMO": -10.399, "LUMO": -5.9518, "HOMO occupancy": 2.0, "LUMO occupancy": 0, "mulliken charges": [-0.03577, -0.02616, -0.04457, 0.00828, -0.02045, -0.05506, -0.05506, -0.04324, -0.02605, 0.02767, 0.02723, 0.02873, 0.02885, 0.03315, 0.03218, 0.03218, 0.03315, 0.02736, 0.02758], "cm5 charges": [-0.0922, -0.08253, -0.09902, -0.00427, -0.08219, -0.16267, -0.16267, -0.09727, -0.08236, 0.0841, 0.08368, 0.08733, 0.08815, 0.08943, 0.08715, 0.08715, 0.08943, 0.08474, 0.08403], "FUKUI+": [-0.071, -0.043, -0.045, -0.089, 0.007, -0.007, -0.007, -0.042, -0.047, -0.097, -0.09, -0.086, -0.045, -0.029, -0.052, -0.052, -0.029, -0.087, -0.091], "FUKUI-": [-0.069, -0.029, -0.031, -0.057, -0.038, -0.017, -0.017, -0.035, -0.03, -0.081, -0.072, -0.06, -0.063, -0.053, -0.077, -0.077, -0.053, -0.067, -0.073], "FUKUIrad": [-0.07, -0.036, -0.038, -0.073, -0.015, -0.012, -0.012, -0.039, -0.038, -0.089, -0.081, -0.073, -0.054, -0.041, -0.064, -0.064, -0.041, -0.077, -0.082], "s proportion": [1.054, 1.055, 1.056, 1.08, 1.025, 1.003, 1.003, 1.057, 1.055, 0.972, 0.973, 0.971, 0.971, 0.967, 0.968, 0.968, 0.967, 0.973, 0.972], "p proportion": [2.982, 2.971, 2.989, 2.911, 2.995, 3.052, 3.052, 2.986, 2.971, 0.0, 0.0, 0.0, 0.0, 0.0, 0.0, 0.0, 0.0, 0.0, 0.0], "d proportion": [0.0, 0.0, 0.0, 0.0, 0.0, 0.0, 0.0, 0.0, 0.0, 0.0, 0.0, 0.0, 0.0, 0.0, 0.0, 0.0, 0.0, 0.0, 0.0], "Fermi-level/eV": -8.1754, "Coordination numbers": [2.92, 2.919, 2.925, 2.968, 3.865, 3.806, 3.806, 2.928, 2.919, 0.926, 0.926, 0.926, 0.925, 0.926, 0.926, 0.926, 0.926, 0.925, 0.926], "Dispersion coefficient C6": [28.856, 28.774, 28.937, 27.734, 20.947, 21.668, 21.668, 28.99, 28.748, 2.635, 2.636, 2.589, 2.585, 2.48, 2.544, 2.544, 2.48, 2.674, 2.623], "Total dispersion C6": 3843.911632, "Total dispersion C8": 91766.588894, "Polarizability alpha": [8.809, 8.797, 8.822, 8.638, 6.508, 6.627, 6.627, 8.83, 8.792, 2.538, 2.539, 2.516, 2.514, 2.463, 2.494, 2.494, 2.463, 2.557, 2.532], "Total polarizability alpha": 97.560735,