{"total energy": -22.22081045, "HOMO-LUMO gap/eV": 4.67152513, "electronic energy": -22.63372949, "dipole": [-0.3638372, 0.00502609, -0.01684012], "partial charges": [-0.10656277, 0.00735495, -0.04121959, -0.03615388, -0.03615388, -0.04121959, 0.00735495, -0.10656277, 0.04337115, 0.03841162, 0.04337102, 0.02597511, 0.02545239, 0.02545239, 0.02597511, 0.04337115, 0.03841162, 0.04337103], "atomic dipole moments": [[0.05404827, -0.04031416, -0.00266483], [-0.0762849, 0.03794372, 0.00128572], [-0.00181052, -0.0078873, -0.00111693], [-0.00018933, -0.00033904, -5.342e-05], [-0.00018403, 0.00034421, 3.609e-05], [-0.00168784, 0.00793563, 0.000955], [-0.0768569, -0.0358282, -0.0083739], [0.05466176, 0.03881242, 0.0076965], [-0.07522811, -0.03925618, 0.09348633], [0.02301743, 0.12243751, 0.01709438], [-0.06558109, -0.01306548, -0.10709078], [0.00282266, 0.1442987, 0.01897602], [0.12720671, 0.07208572, 0.01552907], [0.12606171, -0.07558442, -0.00380642], [0.0005846, -0.14434577, -0.01881829], [-0.065162, 0.04119564, -0.0999842], [0.02111416, -0.12304714, -0.0150519], [-0.07480591, 0.0150047, 0.10059302]], "atomic quadrupole moments": [[0.11803095, -0.10474069, -0.00173861, -0.00234893, 0.01007683, -0.11629233], [-0.13313275, -0.11423115, -0.25500908, -0.04064895, -0.09127721, 0.38814183], [-0.24631179, -0.01103111, -0.22506112, -0.03662315, -0.0932801, 0.47137291], [-0.25495053, 0.00129314, -0.23454462, -0.03631955, -0.09634194, 0.48949514], [-0.25484311, 0.00821836, -0.23473599, -0.03541038, -0.09603381, 0.4895791], [-0.24582716, 0.02021621, -0.22592454, -0.03252022, -0.09189014, 0.47175169], [-0.12951973, 0.1187283, -0.26144605, -0.0100593, -0.08091493, 0.39096577], [0.12120543, 0.09994037, -0.0073942, 0.02452712, 0.01918123, -0.11381122], [-0.00875692, 0.01558265, -0.01940833, -0.05558734, -0.03858619, 0.02816525], [-0.0176776, 0.02486039, 0.07460858, 0.00526374, 0.01872388, -0.05693098], [-0.01916554, -0.00149431, -0.03541447, 0.05198537, 0.0209782, 0.05458001], [0.03790939, -0.00107723, 0.03366173, 0.00522384, 0.01395862, -0.07157113], [0.03506332, -0.00305805, 0.03567773, 0.00478779, 0.01401643, -0.07074105], [0.03513801, 0.00175796, 0.03554465, 0.00542021, 0.01423066, -0.07068266], [0.0379208, -0.00034124, 0.0336414, 0.00532053, 0.01399136, -0.0715622], [-0.01932834, -0.01201726, -0.01864367, 0.05010826, -0.04133055, 0.037972], [-0.018434, -0.02391692, 0.07595632, -0.00114216, 0.01655438, -0.05752232], [-0.00901626, -0.00110501, -0.03542723, -0.05728196, 0.02251204, 0.04444349]], "number of molecular orbitals": 42, "number of electrons": 42, "number of unpaired electrons": 0, "orbital energies/eV": [-17.37095306, -16.79238812, -16.65673503, -16.07446357, -15.93170578, -15.30984865, -15.00106906, -14.04282947, -13.68935639, -13.58548687, -13.29910913, -12.84900027, -12.76080514, -12.67886454, -12.50981609, -12.33285583, -12.29290938, -11.29390402, -11.26837063, -10.63074444, -10.4239625, -5.75243737, -5.74475035, -2.2787727, 2.9530018, 3.11365929, 3.90106621, 4.08441536, 4.35458539, 5.26679127, 5.32062941, 5.32353178, 5.95283386, 6.36808805, 6.5360119, 7.01182857, 11.01887411, 11.35332251, 12.7205438, 12.87824171, 17.5826396, 18.10574972], "fractional occupation": [2.0, 2.0, 2.0, 2.0, 2.0, 2.0, 2.0, 2.0, 2.0, 2.0, 2.0, 2.0, 2.0, 2.0, 2.0, 2.0, 2.0, 2.0, 2.0, 2.0, 2.0, 0.0, 0.0, 0.0, 0.0, 0.0, 0.0, 0.0, 0.0, 0.0, 0.0, 0.0, 0.0, 0.0, 0.0, 0.0, 0.0, 0.0, 0.0, 0.0, 0.0, 0.0], "program call": "xtb /tmp/scratch/tmpx69ltdx0/2663_0_xyzopt.xyz --pop --wbo --acc 0.2 --gfn 2 --chrg 0 --uhf 0 --etemp 300 --input /tmp/scratch/tmpx69ltdx0/2663_0_xtb.inp", "method": "GFN2-xTB", "xtb version": "6.3.3 (7355c4f)", "Dipole module/D": 0.926, "Total charge": 0, "Transition dipole module/D": NaN, "HOMO": -10.424, "LUMO": -5.7524, "HOMO occupancy": 2.0, "LUMO occupancy": 0, "mulliken charges": [-0.08888, 0.00118, -0.04219, -0.03253, -0.03253, -0.04219, 0.00118, -0.08888, 0.03728, 0.03384, 0.03728, 0.02693, 0.02709, 0.02709, 0.02693, 0.03728, 0.03384, 0.03728], "cm5 charges": [-0.2347, -0.0149, -0.09651, -0.08887, -0.08887, -0.09651, -0.0149, -0.2347, 0.09015, 0.08692, 0.09015, 0.08424, 0.08353, 0.08353, 0.08424, 0.09015, 0.08692, 0.09015], "FUKUI+": [0.033, -0.076, -0.049, -0.059, -0.059, -0.049, -0.076, 0.033, -0.057, -0.049, -0.057, -0.092, -0.095, -0.095, -0.092, -0.057, -0.049, -0.057], "FUKUI-": [0.029, -0.065, -0.025, -0.057, -0.057, -0.025, -0.065, 0.029, -0.085, -0.06, -0.085, -0.072, -0.081, -0.081, -0.072, -0.085, -0.06, -0.085], "FUKUIrad": [0.031, -0.07, -0.037, -0.058, -0.058, -0.037, -0.07, 0.031, -0.071, -0.054, -0.071, -0.082, -0.088, -0.088, -0.082, -0.071, -0.054, -0.071], "s proportion": [1.005, 1.082, 1.057, 1.054, 1.054, 1.057, 1.082, 1.005, 0.963, 0.966, 0.963, 0.973, 0.973, 0.973, 0.973, 0.963, 0.966, 0.963], "p proportion": [3.084, 2.917, 2.985, 2.979, 2.979, 2.985, 2.917, 3.084, 0.0, 0.0, 0.0, 0.0, 0.0, 0.0, 0.0, 0.0, 0.0, 0.0], "d proportion": [0.0, 0.0, 0.0, 0.0, 0.0, 0.0, 0.0, 0.0, 0.0, 0.0, 0.0, 0.0, 0.0, 0.0, 0.0, 0.0, 0.0, 0.0], "Fermi-level/eV": -8.0882, "Coordination numbers": [3.758, 2.97, 2.925, 2.919, 2.919, 2.925, 2.97, 3.758, 0.925, 0.925, 0.925, 0.925, 0.926, 0.926, 0.925, 0.925, 0.925, 0.925], "Dispersion coefficient C6": [22.588, 27.852, 29.024, 28.9, 28.9, 29.024, 27.852, 22.588, 2.404, 2.47, 2.404, 2.644, 2.652, 2.652, 2.644, 2.404, 2.47, 2.404], "Total dispersion C6": 3293.096947, "Total dispersion C8": 77561.561615, "Polarizability alpha": [6.776, 8.657, 8.835, 8.816, 8.816, 8.835, 8.657, 6.776, 2.425, 2.458, 2.425, 2.543, 2.547, 2.547, 2.543, 2.425, 2.458, 2.425], "Total polarizability alpha": 90.960317, "Wiberg matrix": [[0.0, 1.0277450207616077, 0.0, 0.0, 0.0, 0.0, 0.0, 0.0, 0.9707466100533065, 0.9856087751289675, 0.9707461341653718, 0.0, 0.0, 0.0, 0.0, 0.0, 0.0, 0.0], [1.0277450207616077, 0.0, 1.422063202273508, 0.0, 0.10765684509125868, 0.0, 1.375934990609709, 0.0, 0.0, 0.0, 0.0, 0.0, 0.0, 0.0, 0.0, 0.0, 0.0, 0.0], [0.0, 1.422063202273508, 0.0, 1.4383878055136257, 0.0, 0.1072915733582622, 0.0, 0.0, 0.0, 0.0, 0.0, 0.9688502531725235, 0.0, 0.0, 0.0, 0.0, 0.0, 0.0], [0.0, 0.0, 1.4383878055136257, 0.0, 1.439599662611312, 0.0, 0.1076568450809496, 0.0, 0.0, 0.0, 0.0, 0.0, 0.9715082380131059, 0.0, 0.0, 0.0, 0.0, 0.0], [0.0, 0.10765684509125868, 0.0, 1.439599662611312, 0.0, 1.4383878053167636, 0.0, 0.0, 0.0, 0.0, 0.0, 0.0, 0.0, 0.9715082382907922, 0.0, 0.0, 0.0, 0.0], [0.0, 0.0, 0.1072915733582622, 0.0, 1.4383878053167636, 0.0, 1.4220632019745754, 0.0, 0.0, 0.0, 0.0, 0.0, 0.0, 0.0, 0.9688502535366182, 0.0, 0.0, 0.0], [0.0, 1.375934990609709, 0.0, 0.1076568450809496, 0.0, 1.4220632019745754, 0.0, 1.0277450211156336, 0.0, 0.0, 0.0, 0.0, 0.0, 0.0, 0.0, 0.0, 0.0, 0.0], [0.0, 0.0, 0.0, 0.0, 0.0, 0.0, 1.0277450211156336, 0.0, 0.0, 0.0, 0.0, 0.0, 0.0, 0.0, 0.0, 0.9707466184156854, 0.9856087751320821, 0.9707461255457581], [0.9707466100533065, 0.0, 0.0, 0.0, 0.0, 0.0, 0.0, 0.0, 0.0, 0.0, 0.0, 0.0, 0.0, 0.0, 0.0, 0.0, 0.0, 0.0], [0.9856087751289675, 0.0, 0.0, 0.0, 0.0, 0.0, 0.0, 0.0, 0.0, 0.0, 0.0, 0.0, 0.0, 0.0, 0.0, 0.0, 0.0, 0.0], [0.9707461341653718, 0.0, 0.0, 0.0, 0.0, 0.0, 0.0, 0.0, 0.0, 0.0, 0.0, 0.0, 0.0, 0.0, 0.0, 0.0, 0.0, 0.0], [0.0, 0.0, 0.9688502531725235, 0.0, 0.0, 0.0, 0.0, 0.0, 0.0, 0.0, 0.0, 0.0, 0.0, 0.0, 0.0, 0.0, 0.0, 0.0], [0.0, 0.0, 0.0, 0.9715082380131059, 0.0, 0.0, 0.0, 0.0, 0.0, 0.0, 0.0, 0.0, 0.0, 0.0, 0.0, 0.0, 0.0, 0.0], [0.0, 0.0, 0.0, 0.0, 0.9715082382907922, 0.0, 0.0, 0.0, 0.0, 0.0, 0.0, 0.0, 0.0, 0.0, 0.0, 0.0, 0.0, 0.0], [0.0, 0.0, 0.0, 0.0, 0.0, 0.9688502535366182, 0.0, 0.0, 0.0, 0.0, 0.0, 0.0, 0.0, 0.0, 0.0, 0.0, 0.0, 0.0], [0.0, 0.0, 0.0, 0.0, 0.0, 0.0, 0.0, 0.9707466184156854, 0.0, 0.0, 0.0, 0.0, 0.0, 0.0, 0.0, 0.0, 0.0, 0.0], [0.0, 0.0, 0.0, 0.0, 0.0, 0.0, 0.0, 0.9856087751320821, 0.0, 0.0, 0.0, 0.0, 0.0, 0.0, 0.0, 0.0, 0.0, 0.0], [0.0, 0.0, 0.0, 0.0, 0.0, 0.0, 0.0, 0.9707461255457581, 0.0, 0.0, 0.0, 0.0, 0.0, 0.0, 0.0, 0.0, 0.0, 0.0]], "Born radii": [], "Atomic SASAs": [], "Solvent H bonds": [],