{"total energy": -24.05196526, "HOMO-LUMO gap/eV": 11.09403093, "electronic energy": -24.35680887, "dipole": [0.08087192, 0.06981222, -0.53309419], "partial charges": [-0.10047976, -0.06500484, 0.14430384, -0.11549186, -0.11649187, -0.32421799, 0.04510185, 0.03605885, 0.03074688, 0.04649376, 0.02815951, 0.0301559, 0.04837167, 0.05658762, 0.0390728, 0.03443723, 0.03805873, 0.04415601, 0.02508134, 0.02527308, 0.04962725], "atomic dipole moments": [[-0.05014863, -0.04536033, -0.08099035], [-0.02642, -0.01296769, 0.10112957], [-0.09686208, 0.08704819, 0.07818809], [-0.03180134, 0.08141422, -0.07257634], [0.05049272, 0.03941122, 0.06956375], [0.0071117, 0.07352663, -0.26567532], [0.12125729, -0.16611188, 0.06316301], [0.06555711, -0.08508044, 0.06317791], [0.07820942, 0.08208778, -0.04795768], [-0.07806007, 0.05838992, 0.08052919], [-0.03960222, 0.08644389, -0.07673364], [0.0715522, -0.07383701, -0.06678437], [-0.09766117, -0.07367949, 0.0271599], [0.04254892, 0.0488161, 0.1092274], [0.08847555, -0.06468909, -0.05904366], [-0.02868071, 0.08877664, -0.08460817], [0.07144908, -0.08558415, -0.05566038], [-0.1066686, -0.0554941, 0.03994053], [0.07086308, 0.08198788, -0.05217102], [-0.08229695, -0.04003306, -0.07866602], [-0.05393976, 0.04751167, 0.09783146]], "atomic quadrupole moments": [[-0.02591118, 0.09400532, -0.05091458, 0.13923947, 0.10290847, 0.07682576], [0.056701, 0.19106318, -0.06748826, 0.03444704, 0.04132411, 0.01078726], [-0.0078413, -0.12458041, -0.00522898, -0.11472158, 0.10093912, 0.01307028], [-0.08049786, -0.10091751, 0.09032808, 0.07048598, -0.16385345, -0.00983021], [-0.0280256, 0.05994607, -0.05585533, 0.13246622, 0.10267412, 0.08388093], [-0.02898889, -0.15007073, 0.02687162, -0.02399765, -0.01997995, 0.00211727], [-0.02887382, -0.30132238, 0.1722543, 0.11642865, -0.17528286, -0.14338048], [-0.02226158, -0.04212661, 0.03507066, 0.03614024, -0.03487596, -0.01280908], [0.0046586, 0.0602866, 0.00254592, -0.02585014, -0.03828368, -0.00720452], [0.02068704, -0.03494879, -0.02154048, -0.04077561, 0.04148924, 0.00085345], [-0.00878144, -0.01347259, 0.02742091, 0.03417415, -0.03444629, -0.01863947], [0.01484048, -0.03337682, 0.0015927, -0.02300441, 0.03474441, -0.01643318], [0.03779539, 0.05830909, -0.00064289, -0.00993822, -0.0236628, -0.0371525], [-0.03061937, 0.02110206, -0.01208109, 0.04514828, 0.03721372, 0.04270047], [0.01746298, -0.05199988, -0.00867992, -0.05096035, 0.02521907, -0.00878306], [-0.03888938, -0.01594757, 0.03806087, 0.0224258, -0.05501429, 0.00082851], [0.00453683, -0.05790067, 0.00910469, -0.02542961, 0.0431371, -0.01364152], [0.04453521, 0.04778056, -0.02701341, -0.03548988, -0.01862507, -0.0175218], [0.02629981, 0.03263276, 0.00269369, -0.02341198, -0.04213589, -0.0289935], [-0.00392078, 0.01964287, 0.0033667, 0.05501098, 0.02532419, 0.00055408], [-0.01872626, -0.04600087, -0.01243596, -0.04080326, 0.03341921, 0.03116222]], "number of molecular orbitals": 42, "number of electrons": 44, "number of unpaired electrons": 0, "orbital energies/eV": [-18.63145245, -17.41072445, -16.71008286, -16.4787446, -15.97085585, -15.60493699, -15.28594209, -14.41347582, -14.3124636, -14.27119787, -13.66653923, -13.34028422, -13.1143486, -12.86512103, -12.53351189, -12.40435977, -12.30430404, -12.19446752, -11.94398163, -11.68651959, -11.41705028, -10.50558891, 0.58844202, 1.98738326, 2.27024356, 2.74349964, 3.21912631, 3.7152408, 4.21671253, 4.38966703, 4.80005998, 5.14299749, 5.65655787, 5.78793338, 6.15626887, 6.2546582, 6.56797568, 6.69122384, 7.05475029, 7.60944634, 8.07928318, 8.40927838], "fractional occupation": [2.0, 2.0, 2.0, 2.0, 2.0, 2.0, 2.0, 2.0, 2.0, 2.0, 2.0, 2.0, 2.0, 2.0, 2.0, 2.0, 2.0, 2.0, 2.0, 2.0, 2.0, 2.0, 0.0, 0.0, 0.0, 0.0, 0.0, 0.0, 0.0, 0.0, 0.0, 0.0, 0.0, 0.0, 0.0, 0.0, 0.0, 0.0, 0.0, 0.0, 0.0, 0.0], "program call": "xtb /tmp/scratch/tmp1y_bd_8u/26827_0_xyzopt.xyz --pop --wbo --acc 0.2 --gfn 2 --chrg 0 --uhf 0 --etemp 300 --input /tmp/scratch/tmp1y_bd_8u/26827_0_xtb.inp", "method": "GFN2-xTB", "xtb version": "6.3.3 (7355c4f)", "Dipole module/D": 1.382, "Total charge": 0, "Transition dipole module/D": NaN, "HOMO": -10.5056, "LUMO": 0.5884, "HOMO occupancy": 2.0, "LUMO occupancy": 0, "mulliken charges": [-0.08042, -0.06787, 0.2482, -0.09861, -0.11701, -0.46906, 0.17355, 0.02674, 0.02544, 0.03974, 0.02637, 0.02321, 0.03887, 0.04509, 0.02439, 0.03183, 0.03129, 0.04312, 0.01181, 0.01159, 0.03174], "cm5 charges": [-0.23233, -0.17573, 0.23928, -0.24478, -0.26437, -0.57048, 0.05177, 0.07982, 0.07712, 0.09587, 0.08431, 0.07981, 0.09435, 0.10218, 0.07822, 0.08641, 0.08503, 0.09836, 0.07139, 0.07093, 0.09283], "FUKUI+": [0.019, 0.014, -0.063, 0.034, 0.033, -0.185, 0.013, -0.036, -0.056, -0.02, -0.042, -0.086, -0.053, -0.053, -0.098, -0.047, -0.085, -0.056, -0.069, -0.07, -0.092], "FUKUI-": [0.021, -0.014, -0.02, 0.023, 0.013, -0.161, 0.04, -0.057, -0.096, -0.033, -0.063, -0.066, -0.066, -0.043, -0.049, -0.043, -0.059, -0.058, -0.097, -0.102, -0.072], "FUKUIrad": [0.02, 0.0, -0.042, 0.028, 0.023, -0.173, 0.026, -0.047, -0.076, -0.026, -0.053, -0.076, -0.06, -0.048, -0.073, -0.045, -0.072, -0.057, -0.083, -0.086, -0.082], "s proportion": [1.003, 1.036, 1.044, 1.014, 1.019, 1.686, 0.965, 0.973, 0.975, 0.96, 0.974, 0.977, 0.961, 0.955, 0.976, 0.968, 0.969, 0.957, 0.988, 0.988, 0.968], "p proportion": [3.077, 3.032, 2.707, 3.085, 3.098, 4.783, 2.862, 0.0, 0.0, 0.0, 0.0, 0.0, 0.0, 0.0, 0.0, 0.0, 0.0, 0.0, 0.0, 0.0, 0.0], "d proportion": [0.0, 0.0, 0.0, 0.0, 0.0, 0.0, 0.0, 0.0, 0.0, 0.0, 0.0, 0.0, 0.0, 0.0, 0.0, 0.0, 0.0, 0.0, 0.0, 0.0, 0.0], "Fermi-level/eV": -4.9586, "Coordination numbers": [3.751, 3.803, 3.783, 3.758, 3.756, 1.701, 3.634, 0.925, 0.925, 0.925, 0.924, 0.924, 0.925, 0.925, 0.925, 0.925, 0.925, 0.925, 0.924, 0.924, 0.925], "Dispersion coefficient C6": [22.481, 21.745, 18.274, 22.762, 22.784, 19.422, 20.194, 2.502, 2.576, 2.364, 2.613, 2.584, 2.34, 2.239, 2.461, 2.524, 2.475, 2.394, 2.658, 2.655, 2.325], "Total dispersion C6": 2921.587602, "Total dispersion C8": 60043.766257, "Polarizability alpha": [6.762, 6.639, 6.089, 6.802, 6.806, 5.95, 6.467, 2.474, 2.51, 2.404, 2.528, 2.514, 2.392, 2.34, 2.453, 2.485, 2.46, 2.42, 2.549, 2.548, 2.384], "Total polarizability alpha": 79.976347,