{"total energy": -23.32376655, "HOMO-LUMO gap/eV": 3.6461181, "electronic energy": -23.77375759, "dipole": [-0.2871065, -0.1672357, -0.08685223], "partial charges": [-0.03764901, -0.04276582, 0.00465756, -0.03659405, -0.03431812, -0.03466226, -0.0388723, 0.00321955, -0.06409935, 0.02731908, 0.02859238, 0.0279589, 0.02696429, 0.02724789, 0.02541744, 0.05879191, 0.05879191], "atomic dipole moments": [[-0.02118604, -0.11264784, -0.04638522], [0.07486024, 0.01618624, 0.01171847], [-0.03427899, 0.01598185, 0.00395727], [0.00195583, -0.00021545, 5.173e-05], [-0.00581133, -0.00351689, -0.00181055], [-0.00875267, 0.00366162, 0.00084343], [0.00696056, -0.00365669, -0.00096753], [-0.09345205, 0.00340046, -0.00522062], [0.03513903, 0.05221068, 0.02328052], [-0.15168038, 0.04290551, 0.00642634], [-0.0094336, 0.14715619, 0.05798352], [0.03683737, 0.13380247, 0.05591749], [0.14036136, 0.03417894, 0.02349828], [0.10750313, -0.09494765, -0.0302757], [-0.03093563, -0.1344732, -0.05576951], [-0.05162903, -0.10261916, 0.07249475], [-0.03747764, -0.02246851, -0.12861699]], "atomic quadrupole moments": [[-0.32991883, -0.11472714, -0.05502121, -0.10274447, -0.22147248, 0.38494004], [-0.22866636, -0.0916484, -0.14975097, -0.08698804, -0.26080838, 0.37841733], [-0.16226754, -0.03263153, -0.11871079, -0.04987497, -0.19376176, 0.28097833], [-0.2468561, 0.02841007, -0.15719643, -0.04211779, -0.26494259, 0.40405253], [-0.24036496, 0.01972297, -0.15910096, -0.044801, -0.26448793, 0.39946592], [-0.23978857, 0.01190757, -0.15699066, -0.04765742, -0.2629642, 0.39677922], [-0.25673307, 0.02042272, -0.14540648, -0.04571929, -0.25923849, 0.40213955], [-0.07920972, 0.03793389, -0.19031504, -0.01553316, -0.21521269, 0.26952477], [0.09982606, -0.0033698, 0.06988721, 0.02092213, 0.11393626, -0.16971326], [0.03417816, 0.00017457, 0.00752504, 0.00609943, 0.02354187, -0.0417032], [0.01411984, 0.0018427, 0.02351667, 0.00522387, 0.02930216, -0.03763651], [0.02928841, -0.00264287, 0.02226606, 0.00564315, 0.03494257, -0.05155447], [0.03398341, -0.00386891, 0.02425786, 0.00607037, 0.03896611, -0.05824127], [0.0359227, 0.00016187, 0.0223141, 0.00780673, 0.03843812, -0.05823679], [0.03171714, 0.00063663, 0.0208255, 0.00720144, 0.03505452, -0.05254264], [-0.0170962, 0.0224465, 0.02184808, -0.0243939, -0.04907373, -0.00475188], [-0.02424791, -0.00322709, -0.03955533, 0.02401211, 0.01430121, 0.06380323]], "number of molecular orbitals": 44, "number of electrons": 44, "number of unpaired electrons": 0, "orbital energies/eV": [-17.63842183, -17.22281054, -16.6971886, -16.35436899, -16.22731231, -15.41679587, -15.20521602, -14.924201, -14.17494641, -13.81868182, -13.59075669, -13.41860818, -12.91936832, -12.76296264, -12.60447848, -12.31482648, -12.00453291, -11.56952033, -11.51317687, -11.24167654, -10.69950958, -10.19463623, -6.54851813, -5.83779304, -4.59876496, -1.95767264, 2.66250941, 2.85919548, 3.26744718, 4.1182102, 4.20202326, 4.59226095, 5.19550856, 5.99429382, 6.18536457, 6.48212426, 9.07319332, 10.47585029, 11.98290495, 12.20598921, 13.12783564, 16.37655102, 17.8165239, 19.69373529], "fractional occupation": [2.0, 2.0, 2.0, 2.0, 2.0, 2.0, 2.0, 2.0, 2.0, 2.0, 2.0, 2.0, 2.0, 2.0, 2.0, 2.0, 2.0, 2.0, 2.0, 2.0, 2.0, 2.0, 0.0, 0.0, 0.0, 0.0, 0.0, 0.0, 0.0, 0.0, 0.0, 0.0, 0.0, 0.0, 0.0, 0.0, 0.0, 0.0, 0.0, 0.0, 0.0, 0.0, 0.0, 0.0], "program call": "xtb /tmp/scratch/tmpn5rv87bj/2739_0_xyzopt.xyz --pop --wbo --acc 0.2 --gfn 2 --chrg 0 --uhf 0 --etemp 300 --input /tmp/scratch/tmpn5rv87bj/2739_0_xtb.inp", "method": "GFN2-xTB", "xtb version": "6.3.3 (7355c4f)", "Dipole module/D": 0.873, "Total charge": 0, "Transition dipole module/D": NaN, "HOMO": -10.1946, "LUMO": -6.5485, "HOMO occupancy": 2.0, "LUMO occupancy": 0, "mulliken charges": [-0.03805, -0.04481, -0.00175, -0.0368, -0.03192, -0.03221, -0.03899, -0.00437, -0.04606, 0.0318, 0.03308, 0.02926, 0.02748, 0.02752, 0.02722, 0.0493, 0.0493], "cm5 charges": [-0.0978, -0.09893, -0.00925, -0.09002, -0.08808, -0.08841, -0.09252, -0.01539, -0.14429, 0.08767, 0.08961, 0.08608, 0.08395, 0.08399, 0.084, 0.10469, 0.10469], "FUKUI+": [-0.086, -0.045, -0.058, -0.038, -0.025, -0.064, -0.026, -0.035, 0.025, -0.094, -0.084, -0.073, -0.076, -0.084, -0.072, -0.082, -0.082], "FUKUI-": [-0.077, -0.05, -0.052, -0.045, -0.027, -0.066, -0.032, -0.037, 0.015, -0.09, -0.081, -0.074, -0.075, -0.082, -0.072, -0.078, -0.078], "FUKUIrad": [-0.082, -0.047, -0.055, -0.041, -0.026, -0.065, -0.029, -0.036, 0.02, -0.092, -0.083, -0.074, -0.075, -0.083, -0.072, -0.08, -0.08], "s proportion": [1.069, 1.06, 1.079, 1.055, 1.055, 1.055, 1.053, 1.086, 1.023, 0.968, 0.967, 0.971, 0.973, 0.972, 0.973, 0.951, 0.951], "p proportion": [2.969, 2.985, 2.923, 2.982, 2.977, 2.977, 2.986, 2.919, 3.023, 0.0, 0.0, 0.0, 0.0, 0.0, 0.0, 0.0, 0.0], "d proportion": [0.0, 0.0, 0.0, 0.0, 0.0, 0.0, 0.0, 0.0, 0.0, 0.0, 0.0, 0.0, 0.0, 0.0, 0.0, 0.0, 0.0], "Fermi-level/eV": -8.3716, "Coordination numbers": [2.99, 2.97, 3.071, 2.914, 2.921, 2.922, 2.914, 3.057, 3.865, 0.926, 0.926, 0.926, 0.926, 0.926, 0.926, 0.924, 0.924], "Dispersion coefficient C6": [28.926, 29.058, 27.845, 28.91, 28.855, 28.863, 28.966, 27.897, 21.685, 2.625, 2.606, 2.615, 2.63, 2.626, 2.652, 2.213, 2.213], "Total dispersion C6": 3617.843855, "Total dispersion C8": 89613.401017, "Polarizability alpha": [8.822, 8.842, 8.652, 8.817, 8.809, 8.81, 8.825, 8.662, 6.622, 2.533, 2.525, 2.529, 2.536, 2.534, 2.547, 2.327, 2.327], "Total polarizability alpha": 96.718746, "Wiberg matrix": [[0.0, 1.8226735370354266, 0.0, 0.0, 0.0, 0.0, 0.0, 0.0, 1.0343217525173092, 0.9725172303864102, 0.0, 0.0, 0.0, 0.0, 0.0, 0.0, 0.0], [1.8226735370354266, 0.0, 1.1116670122540713, 0.0, 0.0, 0.0, 0.0, 0.0, 0.0, 0.0, 0.9710610715149683, 0.0, 0.0, 0.0, 0.0, 0.0, 0.0], [0.0, 1.1116670122540713, 0.0, 1.3885092839865951, 0.0, 0.0, 0.0, 1.3196419425170118, 0.0, 0.0, 0.0, 0.0, 0.0, 0.0, 0.0, 0.0, 0.0], [0.0, 0.0, 1.3885092839865951, 0.0, 1.4463892284877167, 0.0, 0.1040031885154038, 0.0, 0.0, 0.0, 0.0, 0.9698163622593421, 0.0, 0.0, 0.0, 0.0, 0.0], [0.0, 0.0, 0.0, 1.4463892284877167, 0.0, 1.4356441564099467, 0.0, 0.10108335060894748, 0.0, 0.0, 0.0, 0.0, 0.9716389144259394, 0.0, 0.0, 0.0, 0.0], [0.0, 0.0, 0.0, 0.0, 1.4356441564099467, 0.0, 1.4244621167312324, 0.0, 0.0, 0.0, 0.0, 0.0, 0.0, 0.9719284869506893, 0.0, 0.0, 0.0], [0.0, 0.0, 0.0, 0.1040031885154038, 0.0, 1.4244621167312324, 0.0, 1.4444545013081598, 0.0, 0.0, 0.0, 0.0, 0.0, 0.0, 0.9696488259925027, 0.0, 0.0], [0.0, 0.0, 1.3196419425170118, 0.0, 0.10108335060894748, 0.0, 1.4444545013081598, 0.0, 1.0196782016356805, 0.0, 0.0, 0.0, 0.0, 0.0, 0.0, 0.0, 0.0], [1.0343217525173092, 0.0, 0.0, 0.0, 0.0, 0.0, 0.0, 1.0196782016356805, 0.0, 0.0, 0.0, 0.0, 0.0, 0.0, 0.0, 0.9400985787558378, 0.9400985893342919], [0.9725172303864102, 0.0, 0.0, 0.0, 0.0, 0.0, 0.0, 0.0, 0.0, 0.0, 0.0, 0.0, 0.0, 0.0, 0.0, 0.0, 0.0], [0.0, 0.9710610715149683, 0.0, 0.0, 0.0, 0.0, 0.0, 0.0, 0.0, 0.0, 0.0, 0.0, 0.0, 0.0, 0.0, 0.0, 0.0], [0.0, 0.0, 0.0, 0.9698163622593421, 0.0, 0.0, 0.0, 0.0, 0.0, 0.0, 0.0, 0.0, 0.0, 0.0, 0.0, 0.0, 0.0], [0.0, 0.0, 0.0, 0.0, 0.9716389144259394, 0.0, 0.0, 0.0, 0.0, 0.0, 0.0, 0.0, 0.0, 0.0, 0.0, 0.0, 0.0], [0.0, 0.0, 0.0, 0.0, 0.0, 0.9719284869506893, 0.0, 0.0, 0.0, 0.0, 0.0, 0.0, 0.0, 0.0, 0.0, 0.0, 0.0], [0.0, 0.0, 0.0, 0.0, 0.0, 0.0, 0.9696488259925027, 0.0, 0.0, 0.0, 0.0, 0.0, 0.0, 0.0, 0.0, 0.0, 0.0], [0.0, 0.0, 0.0, 0.0, 0.0, 0.0, 0.0, 0.0, 0.9400985787558378, 0.0, 0.0, 0.0, 0.0, 0.0, 0.0, 0.0, 0.0], [0.0, 0.0, 0.0, 0.0, 0.0, 0.0, 0.0, 0.0, 0.9400985893342919, 0.0, 0.0, 0.0, 0.0, 0.0, 0.0, 0.0, 0.0]], "Born radii": [], "Atomic SASAs": [], "Solvent H bonds": [], "Total SASA": NaN, "Total FOD": 0.0, "FOD": [0.0, 0.0, 0.0, 0.0, 0.0, 0.0, 0.0, 0.0, 0.0, 0.0, 0.0, 0.0, 0.0, 0.0, 0.0, 0.0, 0.0], "FOD s proportion": [0.0, 0.0, 0.0, 0.0, 0.0, 0.0, 0.0, 0.0, 0.0, 0.0, 0.0, 0.0, 0.0, 0.0, 0.0, 0.0, 0.0], "FOD p proportion": [0.0, 0.0, 0.0, 0.0, 0.0, 0.0, 0.0, 0.0, 0.0, 0.0, 0.0, 0.0, 0.0, 0.0, 0.0, 0.0, 0.0],