{"total energy": -18.98136141, "HOMO-LUMO gap/eV": 12.97446364, "electronic energy": -19.26343311, "dipole": [0.02405037, -0.00317555, -0.00995989], "partial charges": [-0.10431735, -0.01387796, -0.06055326, -0.057297, -0.057297, -0.06055327, 0.03353575, 0.03381121, 0.03353575, 0.02791342, 0.03183016, 0.02574734, 0.02722314, 0.02774921, 0.02722314, 0.02774921, 0.02574735, 0.03183016], "atomic dipole moments": [[-0.08352408, 0.01136265, 0.03539974], [-0.00469174, -0.03770363, -0.09093221], [-0.04305287, 0.10130875, 0.01403835], [0.08286466, 0.05975471, -0.04542587], [0.08785566, -0.06873441, 0.00759284], [-0.03660946, -0.06457401, 0.08248656], [0.0656631, -0.07639345, 0.07220479], [-0.00097984, -0.04713822, -0.11414607], [0.05845393, 0.10920215, -0.00437762], [0.00445236, 0.04761403, 0.11497236], [0.01587106, -0.06088691, -0.10654627], [0.03507503, -0.07567773, 0.09616406], [-0.03359393, 0.00245635, 0.12048752], [-0.07781617, -0.07863897, -0.06193956], [-0.03664086, 0.08089411, 0.08812162], [-0.08113485, 0.00680095, -0.09719482], [0.02733661, 0.12354245, 0.01395982], [0.01470831, -0.03095074, -0.11889883]], "atomic quadrupole moments": [[0.1796566, -0.03441963, -0.11061429, -0.11118927, 0.01480376, -0.06904231], [0.14333502, -0.00116447, 0.04271178, -0.00785612, -0.11415265, -0.1860468], [0.18201236, 0.05837364, 0.06717263, -0.03363718, -0.01096359, -0.24918499], [0.1019587, -0.09960209, 0.09618908, -0.0324865, -0.11510586, -0.19814778], [0.09072626, 0.04547151, 0.07111867, -0.09043846, -0.15392309, -0.16184492], [0.19078056, -0.05149915, -0.08693776, 0.01977592, -0.15528505, -0.1038428], [-0.0087365, -0.04120701, -0.00030029, 0.03094819, -0.05483903, 0.00903678], [-0.02965012, 0.00502558, -0.03450812, 0.00977619, 0.04962186, 0.06415824], [-0.01562597, 0.04619494, 0.06564372, -0.00842457, 0.00311432, -0.05001775], [-0.01719408, 0.00146819, -0.00723683, 0.00387022, 0.01595802, 0.02443091], [-0.01284663, 0.00666096, -0.02269552, -0.00620401, 0.03955725, 0.03554216], [-0.02759208, -0.01745043, -0.0054123, 0.01200327, -0.03615555, 0.03300438], [-0.03500871, -0.02049766, -0.01115971, -0.01544095, 0.0061371, 0.04616843], [-0.0012634, 0.02163467, 0.00082576, 0.03045063, 0.02862186, 0.00043765], [-0.03673362, 0.00126536, 0.01154021, -0.02559028, 0.02686988, 0.02519341], [-0.00015731, 0.00793751, -0.02705581, 0.03758616, 0.00192956, 0.02721312], [-0.03028102, 0.0160417, 0.0522983, -0.00486887, 0.01860973, -0.02201728], [-0.01177763, -0.00687238, -0.03435223, -2.799e-05, 0.02913265, 0.04612986]], "number of molecular orbitals": 36, "number of electrons": 36, "number of unpaired electrons": 0, "orbital energies/eV": [-17.22923239, -16.52714046, -16.21551077, -15.70227069, -14.9377508, -14.92467454, -14.18501146, -13.82172215, -13.39405157, -13.20466947, -12.83761057, -12.39493671, -11.98765687, -11.85135231, -11.73162503, -11.50755271, -11.34662574, -11.25662403, 1.7178396, 1.73112434, 2.22805354, 3.38035251, 3.48749932, 3.76511646, 4.42728684, 4.62104207, 5.13568411, 5.19407879, 5.47157908, 5.81160541, 6.34939399, 6.78491054, 7.55244473, 8.0903588, 8.79039139, 9.59312619], "fractional occupation": [2.0, 2.0, 2.0, 2.0, 2.0, 2.0, 2.0, 2.0, 2.0, 2.0, 2.0, 2.0, 2.0, 2.0, 2.0, 2.0, 2.0, 2.0, 0.0, 0.0, 0.0, 0.0, 0.0, 0.0, 0.0, 0.0, 0.0, 0.0, 0.0, 0.0, 0.0, 0.0, 0.0, 0.0, 0.0, 0.0], "program call": "xtb /tmp/scratch/tmpfjaafwcj/2763_0_xyzopt.xyz --pop --wbo --acc 0.2 --gfn 2 --chrg 0 --uhf 0 --etemp 300 --input /tmp/scratch/tmpfjaafwcj/2763_0_xtb.inp", "method": "GFN2-xTB", "xtb version": "6.3.3 (7355c4f)", "Dipole module/D": 0.067, "Total charge": 0, "Transition dipole module/D": NaN, "HOMO": -11.2566, "LUMO": 1.7178, "HOMO occupancy": 2.0, "LUMO occupancy": 0, "mulliken charges": [-0.09125, -0.00546, -0.05348, -0.04814, -0.04814, -0.05348, 0.02979, 0.02819, 0.02979, 0.01965, 0.02389, 0.02448, 0.02351, 0.02439, 0.02351, 0.02439, 0.02448, 0.02389], "cm5 charges": [-0.24158, -0.07734, -0.1619, -0.15801, -0.15801, -0.1619, 0.08201, 0.08102, 0.08201, 0.07875, 0.08044, 0.0794, 0.0786, 0.07902, 0.0786, 0.07902, 0.0794, 0.08044], "FUKUI+": [0.006, -0.028, -0.006, -0.013, -0.013, -0.006, -0.076, -0.058, -0.076, -0.078, -0.076, -0.085, -0.086, -0.08, -0.086, -0.08, -0.085, -0.076], "FUKUI-": [0.025, -0.005, 0.013, 0.012, 0.012, 0.013, -0.062, -0.075, -0.062, -0.103, -0.095, -0.075, -0.109, -0.105, -0.109, -0.105, -0.075, -0.095], "FUKUIrad": [0.015, -0.016, 0.004, -0.0, -0.0, 0.004, -0.069, -0.066, -0.069, -0.091, -0.085, -0.08, -0.098, -0.093, -0.098, -0.093, -0.08, -0.085], "s proportion": [1.007, 1.052, 1.032, 1.03, 1.03, 1.032, 0.97, 0.972, 0.97, 0.98, 0.976, 0.976, 0.976, 0.976, 0.976, 0.976, 0.976, 0.976], "p proportion": [3.084, 2.953, 3.021, 3.018, 3.018, 3.021, 0.0, 0.0, 0.0, 0.0, 0.0, 0.0, 0.0, 0.0, 0.0, 0.0, 0.0, 0.0], "d proportion": [0.0, 0.0, 0.0, 0.0, 0.0, 0.0, 0.0, 0.0, 0.0, 0.0, 0.0, 0.0, 0.0, 0.0, 0.0, 0.0, 0.0, 0.0], "Fermi-level/eV": -4.7694, "Coordination numbers": [3.753, 3.874, 3.829, 3.818, 3.818, 3.829, 0.925, 0.925, 0.925, 0.924, 0.924, 0.925, 0.924, 0.925, 0.924, 0.925, 0.925, 0.924], "Dispersion coefficient C6": [22.552, 20.777, 21.641, 21.59, 21.59, 21.641, 2.537, 2.533, 2.537, 2.616, 2.561, 2.648, 2.626, 2.619, 2.626, 2.619, 2.648, 2.561], "Total dispersion C6": 2223.868345, "Total dispersion C8": 47073.621714, "Polarizability alpha": [6.772, 6.481, 6.619, 6.613, 6.613, 6.619, 2.491, 2.489, 2.491, 2.53, 2.502, 2.545, 2.534, 2.531, 2.534, 2.531, 2.545, 2.502], "Total polarizability alpha": 69.940763, "Wiberg matrix": [[0.0, 1.0121090678534777, 0.0, 0.0, 0.0, 0.0, 0.9865401120175834, 0.9860052145055018, 0.9865401116793933, 0.0, 0.0, 0.0, 0.0, 0.0, 0.0, 0.0, 0.0, 0.0], [1.0121090678534777, 0.0, 0.9956944937076407, 0.0, 0.0, 0.9956944909828006, 0.0, 0.0, 0.0, 0.9701922313410716, 0.0, 0.0, 0.0, 0.0, 0.0, 0.0, 0.0, 0.0], [0.0, 0.9956944937076407, 0.0, 1.0056937739725005, 0.0, 0.0, 0.0, 0.0, 0.0, 0.0, 0.9793865780994357, 0.9808776842229137, 0.0, 0.0, 0.0, 0.0, 0.0, 0.0], [0.0, 0.0, 1.0056937739725005, 0.0, 1.0003672401835908, 0.0, 0.0, 0.0, 0.0, 0.0, 0.0, 0.0, 0.9842841266972717, 0.9834867925488879, 0.0, 0.0, 0.0, 0.0], [0.0, 0.0, 0.0, 1.0003672401835908, 0.0, 1.005693752275461, 0.0, 0.0, 0.0, 0.0, 0.0, 0.0, 0.0, 0.0, 0.98428413351642, 0.9834868030031889, 0.0, 0.0], [0.0, 0.9956944909828006, 0.0, 0.0, 1.005693752275461, 0.0, 0.0, 0.0, 0.0, 0.0, 0.0, 0.0, 0.0, 0.0, 0.0, 0.0, 0.9808776950336539, 0.979386587395024], [0.9865401120175834, 0.0, 0.0, 0.0, 0.0, 0.0, 0.0, 0.0, 0.0, 0.0, 0.0, 0.0, 0.0, 0.0, 0.0, 0.0, 0.0, 0.0], [0.9860052145055018, 0.0, 0.0, 0.0, 0.0, 0.0, 0.0, 0.0, 0.0, 0.0, 0.0, 0.0, 0.0, 0.0, 0.0, 0.0, 0.0, 0.0], [0.9865401116793933, 0.0, 0.0, 0.0, 0.0, 0.0, 0.0, 0.0, 0.0, 0.0, 0.0, 0.0, 0.0, 0.0, 0.0, 0.0, 0.0, 0.0], [0.0, 0.9701922313410716, 0.0, 0.0, 0.0, 0.0, 0.0, 0.0, 0.0, 0.0, 0.0, 0.0, 0.0, 0.0, 0.0, 0.0, 0.0, 0.0], [0.0, 0.0, 0.9793865780994357, 0.0, 0.0, 0.0, 0.0, 0.0, 0.0, 0.0, 0.0, 0.0, 0.0, 0.0, 0.0, 0.0, 0.0, 0.0], [0.0, 0.0, 0.9808776842229137, 0.0, 0.0, 0.0, 0.0, 0.0, 0.0, 0.0, 0.0, 0.0, 0.0, 0.0, 0.0, 0.0, 0.0, 0.0], [0.0, 0.0, 0.0, 0.9842841266972717, 0.0, 0.0, 0.0, 0.0, 0.0, 0.0, 0.0, 0.0, 0.0, 0.0, 0.0, 0.0, 0.0, 0.0], [0.0, 0.0, 0.0, 0.9834867925488879, 0.0, 0.0, 0.0, 0.0, 0.0, 0.0, 0.0, 0.0, 0.0, 0.0, 0.0, 0.0, 0.0, 0.0], [0.0, 0.0, 0.0, 0.0, 0.98428413351642, 0.0, 0.0, 0.0, 0.0, 0.0, 0.0, 0.0, 0.0, 0.0, 0.0, 0.0, 0.0, 0.0], [0.0, 0.0, 0.0, 0.0, 0.9834868030031889, 0.0, 0.0, 0.0, 0.0, 0.0, 0.0, 0.0, 0.0, 0.0, 0.0, 0.0, 0.0, 0.0], [0.0, 0.0, 0.0, 0.0, 0.0, 0.9808776950336539, 0.0, 0.0, 0.0, 0.0, 0.0, 0.0, 0.0, 0.0, 0.0, 0.0, 0.0, 0.0], [0.0, 0.0, 0.0, 0.0, 0.0, 0.979386587395024, 0.0, 0.0, 0.0, 0.0, 0.0, 0.0, 0.0, 0.0, 0.0, 0.0, 0.0, 0.0]], "Born radii": [], "Atomic SASAs": [], "Solvent H bonds": [], "Total SASA": NaN, "Total FOD": 0.0, "FOD": [0.0, 0.0, 0.0, 0.0, 0.0, 0.0, 0.0, 0.0, 0.0, 0.0, 0.0, 0.0, 0.0, 0.0, 0.0, 0.0, 0.0, 0.0],