{"total energy": -19.99354508, "HOMO-LUMO gap/eV": 13.0810795, "electronic energy": -20.29844861, "dipole": [-0.00062923, -0.01214447, 0.00770155], "partial charges": [-0.10063507, -0.05736875, -0.01625407, -0.10444535, -0.05736874, -0.10063507, 0.03224386, 0.0313101, 0.03432481, 0.02952186, 0.02671611, 0.02786675, 0.03438767, 0.03183149, 0.03438769, 0.0267161, 0.02952184, 0.0313101, 0.03432483, 0.03224385], "atomic dipole moments": [[-0.08273883, 0.00820661, -0.05018184], [0.00764902, -0.02015768, 0.10815241], [-0.00657692, -0.0597173, -0.08148663], [0.00552442, 0.09151315, -0.03121761], [-0.00410473, -0.01933118, 0.10849534], [0.08002129, -0.00323877, -0.05493073], [0.0024107, 0.0769144, 0.09664004], [0.09402924, 0.02906657, -0.07382366], [0.01965636, -0.11494627, 0.04026], [-0.00116553, -0.08090685, -0.09202867], [-0.00458215, 0.10971704, -0.04965556], [0.00812782, 0.0755519, 0.09647769], [-0.09774968, -0.01512216, 0.07338512], [-0.00838222, -0.08023027, -0.09391513], [0.09876631, -0.02894144, 0.06765104], [0.01699027, 0.10820006, -0.05028496], [-0.01550052, -0.07989877, -0.09161043], [-0.09316421, 0.04222998, -0.06836193], [-0.03316693, -0.11123168, 0.04180137], [0.0139789, 0.07610104, 0.09630242]], "atomic quadrupole moments": [[0.1396562, -0.01769521, -0.12023911, 0.1440161, -0.02113314, -0.01941709], [0.21864292, -0.00362451, -0.21340119, -0.0009868, -0.0538546, -0.00524172], [0.08771019, -0.01260933, -0.02480982, -0.0155264, -0.15774731, -0.06290037], [-0.08806584, 0.01603965, 0.18203174, -0.00741917, -0.10343453, -0.0939659], [0.20968299, -0.05936459, -0.20551746, -0.0192995, -0.05092215, -0.00416553], [0.12206941, -0.01842594, -0.12004941, -0.15385566, -0.00012918, -0.00202], [-0.03515964, -0.01329248, 0.0058656, 0.00112045, 0.06625764, 0.02929404], [0.03079871, 0.01940907, -0.0464828, -0.0534103, -0.0280727, 0.0156841], [-0.03670779, 0.00061173, 0.072294, 0.01319475, -0.03700099, -0.03558621], [-0.01747994, -0.0006459, 0.01289554, 0.00117619, 0.05098836, 0.0045844], [-0.00610197, -0.00148734, 0.04515052, 0.00057236, -0.03461773, -0.03904855], [-0.02079062, 0.00245497, 0.00396801, 0.00278237, 0.02385551, 0.0168226], [0.04228783, -0.00118486, -0.03175108, -0.06405516, -0.00814573, -0.01053676], [-0.05487102, 0.00612989, 0.00891306, 0.00681706, 0.05484288, 0.04595796], [0.04820508, -0.01034353, -0.03049228, 0.05882695, -0.01653192, -0.0177128], [-0.00542698, 0.00656868, 0.04401419, -0.0073427, -0.03429755, -0.03858721], [-0.01594076, 0.00773431, 0.0117093, 0.00720173, 0.05031698, 0.00423146], [0.02954199, -0.03155905, -0.03930847, 0.04801786, -0.03371538, 0.00976648], [-0.03685561, 0.01256057, 0.07061415, -0.0181223, -0.03514723, -0.03375854], [-0.02951948, 0.02219727, 0.00084656, 0.01167983, 0.06446805, 0.02867292]], "number of molecular orbitals": 38, "number of electrons": 38, "number of unpaired electrons": 0, "orbital energies/eV": [-16.96640217, -16.49791633, -16.08920206, -15.72421285, -15.11956553, -14.83464214, -13.90686294, -13.77673805, -13.36730762, -13.22405212, -12.80505678, -12.71978636, -12.36479447, -12.16217629, -12.11680304, -11.64836425, -11.37276767, -11.36443131, -11.3340151, 1.7470644, 2.7122878, 2.85559867, 3.6953365, 3.72806464, 4.04405016, 4.2329644, 4.79195595, 4.95557531, 5.33376829, 5.6713532, 5.78594029, 6.30832389, 7.09515824, 7.16104171, 7.62363209, 8.04199413, 8.20995026, 8.47186323], "fractional occupation": [2.0, 2.0, 2.0, 2.0, 2.0, 2.0, 2.0, 2.0, 2.0, 2.0, 2.0, 2.0, 2.0, 2.0, 2.0, 2.0, 2.0, 2.0, 2.0, 0.0, 0.0, 0.0, 0.0, 0.0, 0.0, 0.0, 0.0, 0.0, 0.0, 0.0, 0.0, 0.0, 0.0, 0.0, 0.0, 0.0, 0.0, 0.0], "program call": "xtb /tmp/scratch/tmpibqwktr2/2861_0_xyzopt.xyz --pop --wbo --acc 0.2 --gfn 2 --chrg 0 --uhf 0 --etemp 300 --input /tmp/scratch/tmpibqwktr2/2861_0_xtb.inp", "method": "GFN2-xTB", "xtb version": "6.3.3 (7355c4f)", "Dipole module/D": 0.037, "Total charge": 0, "Transition dipole module/D": NaN, "HOMO": -11.334, "LUMO": 1.7471, "HOMO occupancy": 2.0, "LUMO occupancy": 0, "mulliken charges": [-0.08561, -0.04682, -0.00814, -0.09403, -0.04682, -0.08561, 0.02735, 0.02892, 0.02793, 0.02277, 0.02323, 0.01913, 0.02992, 0.02764, 0.02992, 0.02323, 0.02277, 0.02892, 0.02793, 0.02735], "cm5 charges": [-0.2386, -0.15872, -0.08189, -0.24539, -0.15872, -0.2386, 0.07962, 0.08052, 0.08059, 0.07872, 0.07892, 0.0783, 0.08309, 0.0807, 0.08309, 0.07892, 0.07872, 0.08052, 0.08059, 0.07962], "FUKUI+": [0.005, -0.032, -0.048, 0.03, -0.032, 0.005, -0.059, -0.098, -0.059, -0.07, -0.067, -0.078, -0.046, -0.051, -0.046, -0.067, -0.07, -0.098, -0.059, -0.059], "FUKUI-": [0.018, 0.006, -0.014, 0.013, 0.006, 0.018, -0.072, -0.081, -0.076, -0.078, -0.086, -0.068, -0.067, -0.056, -0.067, -0.086, -0.078, -0.081, -0.076, -0.072], "FUKUIrad": [0.011, -0.013, -0.031, 0.022, -0.013, 0.011, -0.066, -0.089, -0.068, -0.074, -0.077, -0.073, -0.057, -0.053, -0.057, -0.077, -0.074, -0.089, -0.068, -0.066], "s proportion": [1.005, 1.031, 1.054, 1.008, 1.031, 1.005, 0.973, 0.971, 0.972, 0.977, 0.977, 0.981, 0.97, 0.972, 0.97, 0.977, 0.977, 0.971, 0.972, 0.973], "p proportion": [3.081, 3.016, 2.954, 3.086, 3.016, 3.081, 0.0, 0.0, 0.0, 0.0, 0.0, 0.0, 0.0, 0.0, 0.0, 0.0, 0.0, 0.0, 0.0, 0.0], "d proportion": [0.0, 0.0, 0.0, 0.0, 0.0, 0.0, 0.0, 0.0, 0.0, 0.0, 0.0, 0.0, 0.0, 0.0, 0.0, 0.0, 0.0, 0.0, 0.0, 0.0], "Fermi-level/eV": -4.7935, "Coordination numbers": [3.751, 3.804, 3.85, 3.755, 3.804, 3.751, 0.925, 0.925, 0.925, 0.924, 0.924, 0.924, 0.925, 0.925, 0.925, 0.924, 0.924, 0.925, 0.925, 0.925], "Dispersion coefficient C6": [22.484, 21.603, 20.83, 22.552, 21.603, 22.484, 2.555, 2.568, 2.526, 2.593, 2.634, 2.617, 2.525, 2.561, 2.525, 2.634, 2.593, 2.568, 2.526, 2.555], "Total dispersion C6": 2545.78073, "Total dispersion C8": 52340.259433, "Polarizability alpha": [6.762, 6.617, 6.492, 6.771, 6.617, 6.762, 2.5, 2.506, 2.485, 2.518, 2.538, 2.53, 2.485, 2.502, 2.485, 2.538, 2.518, 2.506, 2.485, 2.5], "Total polarizability alpha": 75.117497,