{"total energy": -19.7241979, "HOMO-LUMO gap/eV": 3.79467698, "electronic energy": -19.95682727, "dipole": [0.09507584, 0.02126574, -0.72170701], "partial charges": [-0.05910065, -0.05891498, 0.35476427, -0.40840572, -0.26261057, 0.03389139, 0.07927451, 0.0637424, 0.06500761, 0.06243721, 0.06747729, 0.06243726], "atomic dipole moments": [[0.03929748, -0.00547644, 0.0237594], [-0.13339799, 0.01484806, 0.00342366], [-0.14363968, 0.02008273, -0.08872647], [0.05282679, 0.00248577, -0.19034084], [-0.09219397, 0.00036565, 0.22592097], [0.24902437, -0.02567049, -0.05268184], [-0.02864259, -0.00333601, 0.14818837], [0.13678538, -0.01299961, -0.05372722], [0.01319256, 0.00517606, -0.15040374], [-0.01045168, 0.10277424, 0.07621782], [-0.05890133, 0.01154205, -0.11110669], [-0.03372034, -0.10414984, 0.06705741]], "atomic quadrupole moments": [[-0.3487323, 0.12305661, 0.72434672, -0.01315516, 0.05088367, -0.37561441], [-0.15536996, 0.08038931, 0.49608243, -0.13219443, 0.05241555, -0.34071247], [-0.21818859, 0.06605713, 0.43589329, 0.18911697, 0.00801284, -0.2177047], [-0.11724306, 0.03549722, 0.1941582, 0.0006661, 0.01212685, -0.07691514], [0.08567609, -0.01825169, -0.0815197, -0.0178037, -0.0015169, -0.00415639], [0.51661639, -0.08357701, -0.28003146, -0.15779992, 0.01543542, -0.23658493], [0.01252074, -0.0084027, -0.06000861, 0.00261583, -0.00510667, 0.04748787], [0.05055768, -0.01278739, -0.06568844, -0.01039929, -0.00247586, 0.01513076], [0.03229081, -0.01081269, -0.06369125, -0.0030968, -0.00392218, 0.03140045], [-0.00798396, -0.00397438, 0.02984138, -0.01138098, 0.05227826, -0.02185742], [0.01317398, -0.01026609, -0.05742712, 0.04850616, -0.01002662, 0.04425314], [-0.00396368, 0.01415264, 0.03429917, -0.02135717, -0.04337872, -0.03033549]], "number of molecular orbitals": 30, "number of electrons": 34, "number of unpaired electrons": 0, "orbital energies/eV": [-20.24562998, -19.4245996, -18.41849712, -17.4937407, -16.56738048, -16.13802556, -15.95946238, -15.35790434, -14.97850175, -14.09487503, -14.02945534, -13.43048159, -13.07108201, -12.5919733, -12.20327696, -11.98655744, -11.34228934, -7.54761236, -4.54720408, 0.52206525, 3.37364213, 3.55346713, 3.61918719, 4.83279301, 5.08391915, 5.22315703, 7.26924705, 11.16447425, 14.24361778, 19.21451675], "fractional occupation": [2.0, 2.0, 2.0, 2.0, 2.0, 2.0, 2.0, 2.0, 2.0, 2.0, 2.0, 2.0, 2.0, 2.0, 2.0, 2.0, 2.0, 0.0, 0.0, 0.0, 0.0, 0.0, 0.0, 0.0, 0.0, 0.0, 0.0, 0.0, 0.0, 0.0], "program call": "xtb /tmp/scratch/tmp0344sfse/2884_0_xyzopt.xyz --pop --wbo --acc 0.2 --gfn 2 --chrg 0 --uhf 0 --etemp 300 --input /tmp/scratch/tmp0344sfse/2884_0_xtb.inp", "method": "GFN2-xTB", "xtb version": "6.3.3 (7355c4f)", "Dipole module/D": 1.851, "Total charge": 0, "Transition dipole module/D": NaN, "HOMO": -11.3423, "LUMO": -7.5476, "HOMO occupancy": 2.0, "LUMO occupancy": 0, "mulliken charges": [-0.01784, -0.06003, 0.57617, -0.53525, -0.41552, 0.17598, 0.05874, 0.04238, 0.05106, 0.04372, 0.03687, 0.04372], "cm5 charges": [-0.1195, -0.11281, 0.63268, -0.58484, -0.50425, 0.05556, 0.11606, 0.09592, 0.11205, 0.1057, 0.09773, 0.1057], "FUKUI+": [-0.1, -0.067, -0.083, -0.189, -0.094, 0.037, -0.113, -0.131, -0.116, -0.041, -0.06, -0.041], "FUKUI-": [-0.032, -0.043, -0.027, -0.197, -0.117, 0.029, -0.101, -0.132, -0.117, -0.084, -0.092, -0.084], "FUKUIrad": [-0.066, -0.055, -0.055, -0.193, -0.106, 0.033, -0.107, -0.132, -0.116, -0.063, -0.076, -0.063], "s proportion": [1.06, 1.07, 0.971, 1.722, 1.686, 0.972, 0.941, 0.958, 0.949, 0.956, 0.963, 0.956], "p proportion": [2.958, 2.99, 2.453, 4.813, 4.729, 2.852, 0.0, 0.0, 0.0, 0.0, 0.0, 0.0], "d proportion": [0.0, 0.0, 0.0, 0.0, 0.0, 0.0, 0.0, 0.0, 0.0, 0.0, 0.0, 0.0], "Fermi-level/eV": -9.445, "Coordination numbers": [2.842, 2.887, 2.73, 0.856, 1.705, 3.656, 0.926, 0.926, 0.926, 0.924, 0.925, 0.924], "Dispersion coefficient C6": [29.461, 29.462, 20.978, 21.85, 18.352, 20.292, 1.986, 2.155, 2.141, 2.171, 2.113, 2.171], "Total dispersion C6": 1408.043953, "Total dispersion C8": 31453.740776, "Polarizability alpha": [8.895, 8.899, 7.498, 6.267, 5.784, 6.466, 2.204, 2.296, 2.288, 2.304, 2.273, 2.304], "Total polarizability alpha": 57.479545, "Wiberg matrix": [[0.0, 1.9314582265860905, 0.0, 0.0, 0.0, 0.0, 0.9699639221705803, 0.9753610560247459, 0.0, 0.0, 0.0, 0.0], [1.9314582265860905, 0.0, 1.0122362597032175, 0.0, 0.0, 0.0, 0.0, 0.0, 0.9645212997910843, 0.0, 0.0, 0.0], [0.0, 1.0122362597032175, 0.0, 1.7316229075732115, 1.114921323288273, 0.0, 0.0, 0.0, 0.0, 0.0, 0.0, 0.0], [0.0, 0.0, 1.7316229075732115, 0.0, 0.17252989737471866, 0.0, 0.0, 0.0, 0.0, 0.0, 0.0, 0.0], [0.0, 0.0, 1.114921323288273, 0.17252989737471866, 0.0, 0.961108533546016, 0.0, 0.0, 0.0, 0.0, 0.0, 0.0], [0.0, 0.0, 0.0, 0.0, 0.961108533546016, 0.0, 0.0, 0.0, 0.0, 0.9763805972158599, 0.981984662467245, 0.9763805639570924], [0.9699639221705803, 0.0, 0.0, 0.0, 0.0, 0.0, 0.0, 0.0, 0.0, 0.0, 0.0, 0.0], [0.9753610560247459, 0.0, 0.0, 0.0, 0.0, 0.0, 0.0, 0.0, 0.0, 0.0, 0.0, 0.0], [0.0, 0.9645212997910843, 0.0, 0.0, 0.0, 0.0, 0.0, 0.0, 0.0, 0.0, 0.0, 0.0], [0.0, 0.0, 0.0, 0.0, 0.0, 0.9763805972158599, 0.0, 0.0, 0.0, 0.0, 0.0, 0.0], [0.0, 0.0, 0.0, 0.0, 0.0, 0.981984662467245, 0.0, 0.0, 0.0, 0.0, 0.0, 0.0], [0.0, 0.0, 0.0, 0.0, 0.0, 0.9763805639570924, 0.0, 0.0, 0.0, 0.0, 0.0, 0.0]], "Born radii": [], "Atomic SASAs": [], "Solvent H bonds": [], "Total SASA": NaN, "Total FOD": 0.0, "FOD": [0.0, 0.0, 0.0, 0.0, 0.0, 0.0, 0.0, 0.0, 0.0, 0.0, 0.0, 0.0], "FOD s proportion": [0.0, 0.0, 0.0, 0.0, 0.0, 0.0, 0.0, 0.0, 0.0, 0.0, 0.0, 0.0], "FOD p proportion": [0.0, 0.0, 0.0, 0.0, 0.0, 0.0, 0.0, 0.0, 0.0, 0.0, 0.0, 0.0], "FOD d proportion": [0.0, 0.0, 0.0, 0.0, 0.0, 0.0, 0.0, 0.0, 0.0, 0.0, 0.0, 0.0], "coordinates": [["2.42908806372200", "-0.29593937816359", "0.59668030862450"], ["1.39816222132068", "-0.14379747657655", "-0.22125405957422"], ["0.02093672995700", "-0.01200051539074", "0.30005700979550"], ["-0.29659529414486", "-0.02777033894915", "1.46278322224779"], ["-0.85748676785377", "0.13130304572115", "-0.70572569297443"], ["-2.21874182518494", "0.26771279425792", "-0.32934252700725"], ["2.27302335385423", "-0.32558362121550", "1.66300419621524"], ["3.43971113146041", "-0.39375465098053", "0.23938008097888"], ["1.49394120673284", "-0.10700054947230", "-1.29564988743341"], ["-2.35085463552864", "1.14819068916281", "0.30312872418605"], ["-2.78224796532680", "0.37196404104945", "-1.25289770877997"], ["-2.54893621900816", "-0.61332503944296", "0.22514733372132"]],