{"total energy": -23.0159758, "HOMO-LUMO gap/eV": 3.71667774, "electronic energy": -23.32574422, "dipole": [-0.02746406, -1.15950749, -0.3383785], "partial charges": [-0.10427021, -0.05446562, -0.04483768, 0.22109755, -0.32460505, -0.05446293, -0.10427368, 0.04226878, 0.03751506, 0.04010848, 0.0350078, 0.04159924, 0.05942685, 0.01337831, 0.03500877, 0.04160666, 0.04010958, 0.03751931, 0.0422688], "atomic dipole moments": [[-0.08923457, -0.04242548, -0.04213025], [-0.01311655, 0.10410606, 0.06293246], [0.0018143, -0.01549841, -0.11032882], [-0.00074812, 0.02264909, 0.07699271], [-0.00254268, -0.14377841, -0.08471936], [0.01667169, 0.10320022, 0.06355865], [0.08822767, -0.04772963, -0.0384273], [-0.00219039, 0.00522157, 0.12451798], [0.01497438, 0.11793827, -0.04254812], [0.09886037, -0.06639822, -0.03390439], [0.00703097, -0.00717931, -0.12339926], [-0.00962229, -0.11455621, 0.0425257], [-0.0022341, 0.01547619, 0.1290392], [0.00265199, 0.00118876, -0.12989992], [-0.00229779, -0.00690253, -0.12359345], [0.00097971, -0.11487821, 0.04274551], [-0.10114599, -0.06042498, -0.03807704], [-0.00612644, 0.11857075, -0.04298874], [-0.00269513, 0.00523477, 0.12450769]], "atomic quadrupole moments": [[0.14036561, 0.12297815, -0.05793212, 0.10796887, 0.05981335, -0.08243349], [0.22674467, -0.04395226, -0.06162779, 0.02114681, 0.11558339, -0.16511688], [0.08381138, 0.00126224, 0.12260588, 0.00582245, -0.00927725, -0.20641725], [0.75423872, -0.03074914, -0.28562447, 0.02496999, -0.01376457, -0.46861426], [0.29626859, -0.01342889, -0.15597345, 0.00912996, 0.00046505, -0.14029514], [0.23144949, 0.02153405, -0.06557731, 0.00232429, 0.11751065, -0.16587218], [0.13332409, -0.13667712, -0.0424243, -0.09503461, 0.0604587, -0.09089979], [-0.03483259, 0.01171303, -0.04745407, -0.0122825, 0.00090567, 0.08228666], [-0.03658217, 0.00748378, 0.06112781, 0.0086759, -0.04609945, -0.02454564], [0.03584854, -0.05223997, 0.00137821, -0.02555737, 0.03248388, -0.03722675], [-0.01595394, 0.00044556, -0.04076844, -0.00398172, -0.0038816, 0.05672239], [-0.01259735, 0.00550836, 0.03781162, 0.0008298, -0.03917066, -0.02521428], [-0.01383147, -0.00035807, -0.0222737, -0.00088415, 0.00525717, 0.03610518], [-0.07932148, 0.00432043, 0.06803775, -0.00184907, 0.00366827, 0.01128373], [-0.0162788, -0.00174862, -0.04064337, 0.00070048, -0.00406736, 0.05692217], [-0.01282792, -0.00085248, 0.03818455, -0.00264771, -0.03920057, -0.02535663], [0.03952509, 0.0485221, -0.0046417, 0.03059342, 0.03291355, -0.03488339], [-0.03614761, 0.00027609, 0.0615544, -0.01189908, -0.04563412, -0.02540679], [-0.03709303, -0.01236929, -0.04601367, 0.0073516, -0.00018533, 0.08310669]], "number of molecular orbitals": 40, "number of electrons": 42, "number of unpaired electrons": 0, "orbital energies/eV": [-19.49795247, -17.77808414, -17.03943488, -16.72360842, -16.24076732, -15.87579334, -15.57661383, -14.7966365, -14.73326362, -14.70520518, -13.8859538, -13.67370431, -13.49678119, -13.37877522, -12.97844937, -12.6056801, -12.29567765, -12.10209552, -12.05631583, -12.00902384, -10.84322178, -7.12654404, 1.27025102, 2.51985414, 2.75770017, 2.86851137, 3.2645763, 4.25509524, 4.34843314, 4.56742213, 4.76025142, 4.80766254, 5.1188059, 5.63126923, 6.5601341, 7.05681664, 7.19297827, 7.40245875, 7.97604882, 16.92838506], "fractional occupation": [2.0, 2.0, 2.0, 2.0, 2.0, 2.0, 2.0, 2.0, 2.0, 2.0, 2.0, 2.0, 2.0, 2.0, 2.0, 2.0, 2.0, 2.0, 2.0, 2.0, 2.0, 0.0, 0.0, 0.0, 0.0, 0.0, 0.0, 0.0, 0.0, 0.0, 0.0, 0.0, 0.0, 0.0, 0.0, 0.0, 0.0, 0.0, 0.0, 0.0], "program call": "xtb /tmp/scratch/tmpyayxn_n1/2904_0_xyzopt.xyz --pop --wbo --acc 0.2 --gfn 2 --chrg 0 --uhf 0 --etemp 300 --input /tmp/scratch/tmpyayxn_n1/2904_0_xtb.inp", "method": "GFN2-xTB", "xtb version": "6.3.3 (7355c4f)", "Dipole module/D": 3.071, "Total charge": 0, "Transition dipole module/D": NaN, "HOMO": -10.8432, "LUMO": -7.1265, "HOMO occupancy": 2.0, "LUMO occupancy": 0, "mulliken charges": [-0.08759, -0.03962, -0.05832, 0.39243, -0.46834, -0.03961, -0.08759, 0.03666, 0.03853, 0.03396, 0.02478, 0.03253, 0.04853, 0.00717, 0.02478, 0.03254, 0.03396, 0.03854, 0.03666], "cm5 charges": [-0.23956, -0.15034, -0.12376, 0.37647, -0.52681, -0.15033, -0.23956, 0.08918, 0.09264, 0.08561, 0.08092, 0.08808, 0.11101, 0.07002, 0.08092, 0.08808, 0.0856, 0.09265, 0.08918], "FUKUI+": [0.021, 0.012, 0.003, -0.163, -0.322, 0.012, 0.021, -0.027, 0.006, -0.048, -0.034, -0.064, -0.066, -0.186, -0.034, -0.064, -0.048, 0.006, -0.027], "FUKUI-": [0.02, 0.014, -0.019, -0.011, -0.193, 0.014, 0.02, -0.051, -0.058, -0.06, -0.058, -0.094, -0.066, -0.135, -0.058, -0.094, -0.06, -0.058, -0.051], "FUKUIrad": [0.02, 0.013, -0.008, -0.087, -0.257, 0.013, 0.02, -0.039, -0.026, -0.054, -0.046, -0.079, -0.066, -0.16, -0.046, -0.079, -0.054, -0.026, -0.039], "s proportion": [1.006, 1.031, 1.067, 1.052, 1.726, 1.031, 1.006, 0.963, 0.961, 0.966, 0.975, 0.967, 0.951, 0.993, 0.975, 0.967, 0.966, 0.961, 0.963], "p proportion": [3.081, 3.008, 2.991, 2.555, 4.742, 3.008, 3.081, 0.0, 0.0, 0.0, 0.0, 0.0, 0.0, 0.0, 0.0, 0.0, 0.0, 0.0, 0.0], "d proportion": [0.0, 0.0, 0.0, 0.0, 0.0, 0.0, 0.0, 0.0, 0.0, 0.0, 0.0, 0.0, 0.0, 0.0, 0.0, 0.0, 0.0, 0.0, 0.0], "Fermi-level/eV": -8.9849, "Coordination numbers": [3.752, 3.806, 3.854, 2.766, 0.856, 3.806, 3.752, 0.925, 0.925, 0.925, 0.924, 0.924, 0.924, 0.922, 0.924, 0.924, 0.925, 0.925, 0.925], "Dispersion coefficient C6": [22.553, 21.548, 21.339, 23.34, 20.232, 21.548, 22.553, 2.419, 2.482, 2.447, 2.516, 2.428, 2.206, 2.837, 2.516, 2.428, 2.447, 2.482, 2.419], "Total dispersion C6": 2648.77556, "Total dispersion C8": 56212.505026, "Polarizability alpha": [6.772, 6.608, 6.57, 7.912, 6.031, 6.608, 6.772, 2.432, 2.464, 2.446, 2.481, 2.437, 2.323, 2.634, 2.481, 2.437, 2.446, 2.464, 2.432], "Total polarizability alpha": 76.749456,