{"total energy": -24.04821469, "HOMO-LUMO gap/eV": 12.14327804, "electronic energy": -24.35633859, "dipole": [-0.05045771, 0.36662789, 0.50345021], "partial charges": [-0.10158929, -0.05937119, -0.0202408, -0.05937117, -0.10158929, 0.08756187, -0.43931472, 0.03056129, 0.03414529, 0.03344769, 0.02986621, 0.05123017, 0.02716208, 0.02986624, 0.05123019, 0.03414529, 0.0334477, 0.03056129, 0.01354109, 0.0135411, 0.28116894], "atomic dipole moments": [[0.08472228, -0.00065734, -0.04915526], [-0.00376704, 0.03861788, 0.11582536], [-0.00324293, 0.0586799, -0.07844405], [-0.01061017, 0.03796144, 0.11561732], [-0.07994224, -0.01644762, -0.05415951], [0.00373012, 0.02650591, -0.20637886], [-0.01112799, 0.03969561, 0.24090728], [0.01099637, -0.0571689, 0.10828849], [-0.08699224, -0.05765107, -0.06472462], [-0.04038856, 0.11473308, 0.01984758], [0.02573479, -0.11413975, -0.02862767], [-0.01054344, 0.06682854, -0.10630879], [0.00099844, -0.04599132, 0.11226572], [-0.00182515, -0.11678266, -0.02946532], [0.00404053, 0.06822711, -0.10586552], [0.10008991, -0.03971103, -0.05903907], [0.01660111, 0.12019808, 0.02157952], [-0.00643761, -0.05884069, 0.10775866], [0.08876134, 0.04181044, 0.06335514], [-0.09873363, 0.02383096, 0.0576571], [-0.00777409, 0.07495481, 0.01929385]], "atomic quadrupole moments": [[0.13670214, 0.0027705, -0.11482546, -0.14646878, 0.0107733, -0.02187668], [0.21587228, 0.07698144, -0.17803749, -0.01569451, 0.10187447, -0.03783478], [0.05926613, -0.00540316, 0.0737629, -0.00662382, 0.1297897, -0.13302903], [0.2298773, -0.00412448, -0.19372174, 0.01214486, 0.10203817, -0.03615556], [0.11106421, 0.04114014, -0.10723095, 0.14999976, 0.04044361, -0.00383326], [-0.31732104, -0.03143622, 0.08256229, 0.00579755, -0.23632261, 0.23475875], [-0.12252332, -0.00795281, -0.0153492, -0.0003682, -0.07893057, 0.13787251], [-0.02930699, -0.0178627, -0.02199486, 0.01380112, -0.05641939, 0.05130185], [0.02136917, 0.04032508, -0.0221631, 0.04145362, 0.04423843, 0.00079394], [-0.03375413, -0.02182406, 0.07767402, -0.01609742, 0.01292778, -0.04391988], [-0.00320972, -0.01060589, 0.05374053, -0.00553661, 0.01859114, -0.05053081], [-0.01608844, -0.00330633, -0.00646664, 0.01156714, -0.04214372, 0.02255508], [-0.01936339, -0.00029092, -0.00695628, 0.00144357, -0.02952652, 0.02631967], [-0.0055029, -0.00198316, 0.05541531, 0.00460228, 0.01983203, -0.04991241], [-0.01643087, 0.00392286, -0.00507708, -0.00566731, -0.04357569, 0.02150796], [0.04063106, -0.03109328, -0.03603742, -0.04689051, 0.03354016, -0.00459364], [-0.03949836, -0.00158873, 0.08160773, 0.01360208, 0.01640743, -0.04210938], [-0.03506022, 0.01871408, -0.01492702, -0.00791556, -0.05737349, 0.04998724], [0.01568373, 0.02590037, -0.00924831, 0.03090341, -0.00717649, -0.00643542], [0.02782368, -0.01840167, -0.01785662, -0.02701572, -0.01411244, -0.00996707], [-0.09054337, -0.02220246, 0.13336473, -0.00315122, 0.01703209, -0.04282136]], "number of molecular orbitals": 42, "number of electrons": 44, "number of unpaired electrons": 0, "orbital energies/eV": [-18.54986313, -17.15985367, -16.45713743, -16.43605481, -15.8525973, -15.40989128, -15.08737795, -14.91508057, -14.29284509, -13.90294015, -13.38457289, -13.35056752, -13.10076005, -12.91390237, -12.68154167, -12.38347008, -12.05343962, -11.57565131, -11.54533339, -11.4031536, -11.31878433, -10.90713189, 1.23614614, 2.12715228, 2.48257731, 2.78741134, 3.3015841, 3.7769257, 4.08992553, 4.1762638, 4.96052371, 5.06295409, 5.35747899, 5.39295842, 5.55342469, 6.62379504, 6.73400968, 7.11596999, 7.65083988, 7.94069233, 8.13972189, 8.56606539], "fractional occupation": [2.0, 2.0, 2.0, 2.0, 2.0, 2.0, 2.0, 2.0, 2.0, 2.0, 2.0, 2.0, 2.0, 2.0, 2.0, 2.0, 2.0, 2.0, 2.0, 2.0, 2.0, 2.0, 0.0, 0.0, 0.0, 0.0, 0.0, 0.0, 0.0, 0.0, 0.0, 0.0, 0.0, 0.0, 0.0, 0.0, 0.0, 0.0, 0.0, 0.0, 0.0, 0.0], "program call": "xtb /tmp/scratch/tmpu6kdwpwr/2929_0_xyzopt.xyz --pop --wbo --acc 0.2 --gfn 2 --chrg 0 --uhf 0 --etemp 300 --input /tmp/scratch/tmpu6kdwpwr/2929_0_xtb.inp", "method": "GFN2-xTB", "xtb version": "6.3.3 (7355c4f)", "Dipole module/D": 1.588, "Total charge": 0, "Transition dipole module/D": NaN, "HOMO": -10.9071, "LUMO": 1.2361, "HOMO occupancy": 2.0, "LUMO occupancy": 0, "mulliken charges": [-0.08767, -0.04274, -0.0188, -0.04274, -0.08767, 0.19496, -0.56766, 0.02368, 0.02977, 0.0278, 0.0215, 0.03984, 0.0157, 0.0215, 0.03984, 0.02977, 0.0278, 0.02368, 0.00674, 0.00674, 0.33793], "cm5 charges": [-0.24042, -0.15368, -0.08777, -0.15368, -0.24042, 0.11067, -0.78985, 0.0759, 0.08143, 0.08082, 0.07745, 0.09983, 0.07537, 0.07745, 0.09983, 0.08143, 0.08082, 0.0759, 0.06922, 0.06922, 0.5105], "FUKUI+": [0.011, -0.017, -0.025, -0.017, 0.011, -0.003, -0.094, -0.044, -0.069, -0.036, -0.058, -0.045, -0.094, -0.058, -0.045, -0.069, -0.036, -0.044, -0.077, -0.077, -0.116], "FUKUI-": [0.017, 0.002, -0.003, 0.002, 0.017, 0.025, -0.102, -0.076, -0.066, -0.055, -0.065, -0.069, -0.046, -0.065, -0.069, -0.066, -0.055, -0.076, -0.096, -0.096, -0.056], "FUKUIrad": [0.014, -0.007, -0.014, -0.007, 0.014, 0.011, -0.098, -0.06, -0.067, -0.046, -0.062, -0.057, -0.07, -0.062, -0.057, -0.067, -0.046, -0.06, -0.087, -0.087, -0.086], "s proportion": [1.006, 1.029, 1.058, 1.029, 1.006, 0.99, 1.689, 0.976, 0.97, 0.972, 0.978, 0.96, 0.984, 0.978, 0.96, 0.97, 0.972, 0.976, 0.993, 0.993, 0.662], "p proportion": [3.082, 3.014, 2.961, 3.014, 3.082, 2.815, 4.879, 0.0, 0.0, 0.0, 0.0, 0.0, 0.0, 0.0, 0.0, 0.0, 0.0, 0.0, 0.0, 0.0, 0.0], "d proportion": [0.0, 0.0, 0.0, 0.0, 0.0, 0.0, 0.0, 0.0, 0.0, 0.0, 0.0, 0.0, 0.0, 0.0, 0.0, 0.0, 0.0, 0.0, 0.0, 0.0, 0.0], "Fermi-level/eV": -4.8355, "Coordination numbers": [3.751, 3.804, 3.85, 3.804, 3.751, 3.676, 1.655, 0.925, 0.925, 0.925, 0.924, 0.924, 0.924, 0.924, 0.924, 0.925, 0.925, 0.925, 0.923, 0.923, 0.805], "Dispersion coefficient C6": [22.503, 21.64, 20.901, 21.64, 22.503, 19.341, 21.627, 2.578, 2.528, 2.538, 2.588, 2.305, 2.627, 2.588, 2.305, 2.528, 2.538, 2.578, 2.834, 2.834, 0.78], "Total dispersion C6": 2916.279175, "Total dispersion C8": 60121.630483, "Polarizability alpha": [6.765, 6.623, 6.503, 6.623, 6.765, 6.301, 6.278, 2.511, 2.487, 2.491, 2.516, 2.374, 2.535, 2.516, 2.374, 2.487, 2.491, 2.511, 2.633, 2.633, 1.388], "Total polarizability alpha": 79.802096,