{"total energy": -27.12035713, "HOMO-LUMO gap/eV": 4.83327, "electronic energy": -27.4434223, "dipole": [0.2693903, -0.70320173, -0.19142339], "partial charges": [-0.10308039, -0.0596141, 0.00235441, -0.10897744, -0.1111228, 0.3596552, -0.4106026, -0.3790982, 0.03338971, 0.04196483, 0.03787481, 0.04083461, 0.04691608, 0.05016265, 0.04754128, 0.04168835, 0.04802742, 0.05428045, 0.04231937, 0.32548636], "atomic dipole moments": [[-0.05075611, -0.0508308, -0.07628685], [-0.05301644, 0.10623027, 0.04069679], [-0.01320883, -0.00645311, 0.00719769], [0.04233227, 0.06509345, 0.08533122], [-0.02151928, -0.11200996, 0.03699894], [-0.0529031, -0.12769619, 0.07372375], [0.07991833, -0.15875079, -0.07020693], [-0.0427964, 0.19329829, 0.02307471], [-0.07862837, 0.01873366, 0.09646726], [0.04564177, 0.11064731, -0.03477953], [0.09364383, -0.06842193, 0.04103364], [0.07773258, -0.00866595, -0.09391639], [-0.03113692, -0.11508304, 0.03614653], [-0.02400688, -0.11816138, 0.04051138], [0.07807273, -0.00448071, -0.0964943], [-0.108165, 0.05257534, -0.03926562], [-0.10460265, 0.04937207, -0.0504653], [0.03047168, 0.07607795, 0.09793699], [0.09033399, -0.00130154, -0.08450609], [-0.05660426, 0.01608424, 0.06111812]], "atomic quadrupole moments": [[-0.04651763, 0.06339229, -0.03772837, 0.1239654, 0.12781472, 0.084246], [0.0805557, -0.0756746, -0.06311759, 0.19603999, 0.07932007, -0.01743811], [-0.02143858, -0.02042851, 0.0284967, -0.02570071, 0.02048326, -0.00705812], [-0.07565762, 0.07831678, -0.01008841, 0.11953534, 0.15175382, 0.08574602], [-0.10413714, 0.07453951, 0.18735609, -0.02378507, -0.12065283, -0.08321895], [0.10046911, 0.14050291, -0.12822047, 0.4258439, -0.07641216, 0.02775136], [0.0584303, 0.014359, -0.07847951, 0.15818752, 0.0191663, 0.02004921], [-0.03979183, 0.01025591, 0.07476439, 0.00133765, -0.02565375, -0.03497257], [0.02542085, -0.00187366, -0.0457318, -0.05861217, 0.01633557, 0.02031095], [-0.04033144, 0.03772314, 0.05200495, -0.0085832, -0.03941591, -0.01167351], [0.02755803, -0.05773788, 0.00740301, 0.03660669, -0.01145318, -0.03496104], [0.01774883, 0.00374887, -0.0449285, -0.03647998, 0.00227994, 0.02717967], [-0.01568999, 0.02351022, 0.03287427, 0.00919108, -0.03047339, -0.01718428], [-0.04520508, 0.02225514, 0.05990351, -0.00039344, -0.03764291, -0.01469843], [0.01688675, 0.00768498, -0.04713406, -0.06069893, 0.00864323, 0.03024731], [0.04564034, -0.0500888, -0.01197714, 0.03139206, -0.00454619, -0.0336632], [0.04777, -0.02756361, -0.01854606, 0.04680456, -0.02117167, -0.02922395], [-0.03837076, 0.02382511, -0.00271911, 0.03102604, 0.04243948, 0.04108988], [0.02232505, -0.00854933, -0.03278688, -0.07166237, 0.00143636, 0.01046183], [0.0130539, -0.00440003, -0.04847021, -0.10065518, 0.00109767, 0.03541632]], "number of molecular orbitals": 44, "number of electrons": 48, "number of unpaired electrons": 0, "orbital energies/eV": [-20.18703291, -19.45502037, -18.11595232, -17.19983671, -16.7408752, -16.29422676, -15.96256958, -15.75017557, -15.65215428, -15.44500154, -14.63839521, -13.94423331, -13.85153114, -13.60113976, -13.30775788, -12.91040427, -12.87168398, -12.65694235, -12.5349866, -12.44793745, -12.12636372, -11.85260296, -11.71348942, -11.14612971, -6.31285971, 1.14120134, 1.89839253, 2.37154789, 2.70344607, 3.39203863, 3.80773812, 4.24167977, 4.83361403, 5.08844066, 5.3457704, 5.92153941, 6.07058434, 6.43948591, 6.75547358, 6.99117785, 7.34774243, 7.94628408, 8.07022805, 17.54387609], "fractional occupation": [2.0, 2.0, 2.0, 2.0, 2.0, 2.0, 2.0, 2.0, 2.0, 2.0, 2.0, 2.0, 2.0, 2.0, 2.0, 2.0, 2.0, 2.0, 2.0, 2.0, 2.0, 2.0, 2.0, 2.0, 0.0, 0.0, 0.0, 0.0, 0.0, 0.0, 0.0, 0.0, 0.0, 0.0, 0.0, 0.0, 0.0, 0.0, 0.0, 0.0, 0.0, 0.0, 0.0, 0.0], "program call": "xtb /tmp/scratch/tmp_9djqakt/3033_0_xyzopt.xyz --pop --wbo --acc 0.2 --gfn 2 --chrg 0 --uhf 0 --etemp 300 --input /tmp/scratch/tmp_9djqakt/3033_0_xtb.inp", "method": "GFN2-xTB", "xtb version": "6.3.3 (7355c4f)", "Dipole module/D": 1.975, "Total charge": 0, "Transition dipole module/D": NaN, "HOMO": -11.1461, "LUMO": -6.3129, "HOMO occupancy": 2.0, "LUMO occupancy": 0, "mulliken charges": [-0.08863, -0.04551, -0.00245, -0.08988, -0.09314, 0.57714, -0.52933, -0.51227, 0.03687, 0.0321, 0.03286, 0.02907, 0.03691, 0.04271, 0.03579, 0.03898, 0.0426, 0.04621, 0.03123, 0.37876], "cm5 charges": [-0.24064, -0.15332, -0.02736, -0.23698, -0.24032, 0.62847, -0.58199, -0.71427, 0.09213, 0.08518, 0.08463, 0.08544, 0.09716, 0.09939, 0.08917, 0.09321, 0.09783, 0.10295, 0.08474, 0.55458], "FUKUI+": [0.018, 0.012, -0.012, 0.021, 0.031, -0.182, -0.282, -0.134, 0.009, -0.029, -0.045, -0.059, -0.029, -0.035, -0.066, -0.031, -0.029, -0.025, -0.058, -0.075], "FUKUI-": [0.021, 0.007, -0.033, 0.025, 0.021, -0.022, -0.161, -0.06, -0.07, -0.072, -0.077, -0.104, -0.078, -0.051, -0.078, -0.063, -0.053, -0.041, -0.064, -0.047], "FUKUIrad": [0.02, 0.01, -0.022, 0.023, 0.026, -0.102, -0.222, -0.097, -0.031, -0.05, -0.061, -0.082, -0.054, -0.043, -0.072, -0.047, -0.041, -0.033, -0.061, -0.061], "s proportion": [1.006, 1.034, 1.088, 1.014, 1.011, 0.99, 1.721, 1.696, 0.963, 0.968, 0.967, 0.971, 0.963, 0.957, 0.964, 0.961, 0.957, 0.954, 0.969, 0.621], "p proportion": [3.083, 3.012, 2.914, 3.076, 3.082, 2.433, 4.808, 4.816, 0.0, 0.0, 0.0, 0.0, 0.0, 0.0, 0.0, 0.0, 0.0, 0.0, 0.0, 0.0], "d proportion": [0.0, 0.0, 0.0, 0.0, 0.0, 0.0, 0.0, 0.0, 0.0, 0.0, 0.0, 0.0, 0.0, 0.0, 0.0, 0.0, 0.0, 0.0, 0.0, 0.0], "Fermi-level/eV": -8.7295, "Coordination numbers": [3.751, 3.807, 3.9, 3.762, 3.76, 2.701, 0.856, 1.659, 0.925, 0.925, 0.925, 0.924, 0.924, 0.925, 0.925, 0.925, 0.925, 0.925, 0.925, 0.804], "Dispersion coefficient C6": [22.531, 21.641, 20.485, 22.628, 22.673, 20.896, 21.894, 20.448, 2.539, 2.423, 2.477, 2.438, 2.359, 2.318, 2.351, 2.426, 2.345, 2.267, 2.418, 0.649], "Total dispersion C6": 3014.87585, "Total dispersion C8": 64217.063454, "Polarizability alpha": [6.769, 6.622, 6.434, 6.781, 6.788, 7.482, 6.273, 6.104, 2.492, 2.434, 2.461, 2.442, 2.402, 2.381, 2.398, 2.436, 2.395, 2.355, 2.432, 1.266], "Total polarizability alpha": 81.145668,