{"total energy": -22.2148396, "HOMO-LUMO gap/eV": 4.73986016, "electronic energy": -22.62670698, "dipole": [0.18336643, 0.01737527, 0.00759824], "partial charges": [-0.09695293, -0.05758583, 0.01351023, -0.03766804, -0.03095407, -0.03367618, -0.03095407, -0.03766804, 0.03549232, 0.03549232, 0.03510019, 0.03487581, 0.0348758, 0.02757064, 0.02712516, 0.0267209, 0.02712516, 0.02757063], "atomic dipole moments": [[-0.04830358, 0.02059948, -0.08482494], [-0.02061346, -0.03143993, 0.09614806], [0.08633193, 0.01347556, -0.01384161], [-0.00017408, -0.00826381, -0.00180771], [-0.00028316, -0.00239056, -0.00086581], [0.00222103, 0.00050344, -0.00087179], [-0.00079337, 0.00236218, 0.00057897], [-0.00188457, 0.00766951, 0.00303572], [-0.01861068, -0.11853103, 0.03478555], [-0.03921895, 0.07343627, 0.0931396], [0.12167202, 0.01816338, -0.01678249], [0.02148862, 0.11850979, -0.0324025], [0.04217357, -0.07417167, -0.09097366], [0.05690698, 0.13255045, 0.02514469], [-0.08402237, 0.11014376, 0.04834041], [-0.14367784, -0.02252688, 0.02336545], [-0.0579879, -0.13236894, -0.02537852], [0.0829855, -0.11037255, -0.04869896]], "atomic quadrupole moments": [[-0.0250851, -0.03677209, -0.11277992, 0.15741644, -0.0640061, 0.13786502], [0.13811113, 0.00700826, -0.16755835, 0.09111422, -0.05545733, 0.02944722], [-0.06069574, 0.00059796, -0.29176322, 0.10153546, -0.20377965, 0.35245896], [-0.21326633, -0.03292956, -0.19956345, 0.1384765, -0.18714108, 0.41282979], [-0.2299063, -0.03919836, -0.20087269, 0.14507408, -0.19279702, 0.430779], [-0.2281659, -0.04066593, -0.19609891, 0.14126678, -0.18960556, 0.42426481], [-0.22906587, -0.04308089, -0.20146662, 0.14392767, -0.19329279, 0.43053249], [-0.21137287, -0.04167502, -0.20092772, 0.1358893, -0.1882188, 0.41230059], [-0.04326253, 0.02523865, 0.07287202, 0.00557051, -0.02510264, -0.02960948], [-0.02914163, -0.03692926, 0.00579127, -0.02377339, 0.05181275, 0.02335036], [0.07579952, 0.02068694, -0.04974328, -0.02172553, -0.011247, -0.02605624], [-0.01866027, 0.00958274, 0.05331956, 0.00407346, -0.01994494, -0.03465929], [-0.01233072, -0.01715241, 0.00218289, -0.01279986, 0.0459838, 0.01014784], [0.03293567, 0.00552669, 0.0276219, -0.02059339, 0.02716426, -0.06055757], [0.03342834, 0.00862668, 0.02819816, -0.02011832, 0.02669571, -0.0616265], [0.02934772, 0.00501203, 0.03104897, -0.01991462, 0.02809194, -0.06039669], [0.03446857, 0.00386722, 0.02660603, -0.02168854, 0.02736151, -0.0610746], [0.0327533, 0.0063541, 0.02803139, -0.02029508, 0.02685292, -0.0607847]], "number of molecular orbitals": 42, "number of electrons": 42, "number of unpaired electrons": 0, "orbital energies/eV": [-17.40881704, -16.9347662, -16.54127782, -16.38307087, -15.65911171, -15.45072374, -15.10734975, -14.24319732, -13.785574, -13.59635617, -13.22082047, -13.0212142, -12.96363436, -12.83937292, -12.48835058, -12.24176565, -11.87340398, -11.32038952, -11.29690089, -10.83928555, -10.63958957, -5.89972941, -5.88470683, -2.39322239, 2.80105136, 3.35065336, 3.77534786, 3.883162, 4.31228269, 4.91697097, 5.15421658, 5.26735333, 5.4360557, 5.5691019, 7.02163262, 7.3867743, 11.08078458, 11.42603026, 12.39428269, 12.66810987, 17.34408398, 18.2304642], "fractional occupation": [2.0, 2.0, 2.0, 2.0, 2.0, 2.0, 2.0, 2.0, 2.0, 2.0, 2.0, 2.0, 2.0, 2.0, 2.0, 2.0, 2.0, 2.0, 2.0, 2.0, 2.0, 0.0, 0.0, 0.0, 0.0, 0.0, 0.0, 0.0, 0.0, 0.0, 0.0, 0.0, 0.0, 0.0, 0.0, 0.0, 0.0, 0.0, 0.0, 0.0, 0.0, 0.0], "program call": "xtb /tmp/scratch/tmpazxc16q5/3607_0_xyzopt.xyz --pop --wbo --acc 0.2 --gfn 2 --chrg 0 --uhf 0 --etemp 300 --input /tmp/scratch/tmpazxc16q5/3607_0_xtb.inp", "method": "GFN2-xTB", "xtb version": "6.3.3 (7355c4f)", "Dipole module/D": 0.469, "Total charge": 0, "Transition dipole module/D": NaN, "HOMO": -10.6396, "LUMO": -5.8997, "HOMO occupancy": 2.0, "LUMO occupancy": 0, "mulliken charges": [-0.08035, -0.0429, 0.00853, -0.04177, -0.0267, -0.03382, -0.0267, -0.04177, 0.02954, 0.02954, 0.02991, 0.02874, 0.02874, 0.02779, 0.02776, 0.02791, 0.02776, 0.02779], "cm5 charges": [-0.23169, -0.14977, -0.00792, -0.09615, -0.08302, -0.09024, -0.08302, -0.09615, 0.08216, 0.08216, 0.08147, 0.08453, 0.08453, 0.08519, 0.08419, 0.08433, 0.08419, 0.08519], "FUKUI+": [0.015, 0.018, -0.084, -0.053, -0.056, -0.063, -0.056, -0.053, -0.02, -0.02, -0.047, -0.048, -0.048, -0.096, -0.097, -0.1, -0.097, -0.096], "FUKUI-": [0.005, 0.003, -0.067, -0.036, -0.036, -0.069, -0.036, -0.036, -0.055, -0.055, -0.073, -0.077, -0.077, -0.073, -0.081, -0.086, -0.081, -0.073], "FUKUIrad": [0.01, 0.011, -0.075, -0.044, -0.046, -0.066, -0.046, -0.044, -0.037, -0.037, -0.06, -0.062, -0.062, -0.085, -0.089, -0.093, -0.089, -0.085], "s proportion": [1.006, 1.025, 1.084, 1.057, 1.055, 1.055, 1.055, 1.057, 0.97, 0.97, 0.97, 0.971, 0.971, 0.972, 0.972, 0.972, 0.972, 0.972], "p proportion": [3.074, 3.017, 2.907, 2.984, 2.971, 2.979, 2.971, 2.984, 0.0, 0.0, 0.0, 0.0, 0.0, 0.0, 0.0, 0.0, 0.0, 0.0], "d proportion": [0.0, 0.0, 0.0, 0.0, 0.0, 0.0, 0.0, 0.0, 0.0, 0.0, 0.0, 0.0, 0.0, 0.0, 0.0, 0.0, 0.0, 0.0], "Fermi-level/eV": -8.2697, "Coordination numbers": [3.753, 3.806, 2.971, 2.925, 2.919, 2.92, 2.919, 2.925, 0.925, 0.925, 0.925, 0.924, 0.924, 0.926, 0.926, 0.926, 0.926, 0.926], "Dispersion coefficient C6": [22.409, 21.605, 27.708, 28.937, 28.772, 28.839, 28.772, 28.937, 2.51, 2.51, 2.515, 2.518, 2.518, 2.621, 2.627, 2.633, 2.627, 2.621], "Total dispersion C6": 3303.600091, "Total dispersion C8": 77649.341243, "Polarizability alpha": [6.75, 6.617, 8.634, 8.822, 8.796, 8.806, 8.796, 8.822, 2.477, 2.477, 2.48, 2.482, 2.482, 2.532, 2.535, 2.538, 2.535, 2.532], "Total polarizability alpha": 91.112401, "Wiberg matrix": [[0.0, 1.0012809973185781, 0.0, 0.0, 0.0, 0.0, 0.0, 0.0, 0.9884270012692095, 0.9884270012157348, 0.9864633190091878, 0.0, 0.0, 0.0, 0.0, 0.0, 0.0, 0.0], [1.0012809973185781, 0.0, 1.0118835354864444, 0.0, 0.0, 0.0, 0.0, 0.0, 0.0, 0.0, 0.0, 0.9744799140524277, 0.9744799197334761, 0.0, 0.0, 0.0, 0.0, 0.0], [0.0, 1.0118835354864444, 0.0, 1.4128744551439372, 0.0, 0.11001059213660902, 0.0, 1.4128744569854814, 0.0, 0.0, 0.0, 0.0, 0.0, 0.0, 0.0, 0.0, 0.0, 0.0], [0.0, 0.0, 1.4128744551439372, 0.0, 1.4458465261334714, 0.0, 0.11103378683070714, 0.0, 0.0, 0.0, 0.0, 0.0, 0.0, 0.969602114481618, 0.0, 0.0, 0.0, 0.0], [0.0, 0.0, 0.0, 1.4458465261334714, 0.0, 1.4382972019681481, 0.0, 0.11103378604440123, 0.0, 0.0, 0.0, 0.0, 0.0, 0.0, 0.9713968021308257, 0.0, 0.0, 0.0], [0.0, 0.0, 0.11001059213660902, 0.0, 1.4382972019681481, 0.0, 1.4382972079922351, 0.0, 0.0, 0.0, 0.0, 0.0, 0.0, 0.0, 0.0, 0.9717366313244243, 0.0, 0.0], [0.0, 0.0, 0.0, 0.11103378683070714, 0.0, 1.4382972079922351, 0.0, 1.4458465197814394, 0.0, 0.0, 0.0, 0.0, 0.0, 0.0, 0.0, 0.0, 0.9713968019851185, 0.0], [0.0, 0.0, 1.4128744569854814, 0.0, 0.11103378604440123, 0.0, 1.4458465197814394, 0.0, 0.0, 0.0, 0.0, 0.0, 0.0, 0.0, 0.0, 0.0, 0.0, 0.9696021136337101], [0.9884270012692095, 0.0, 0.0, 0.0, 0.0, 0.0, 0.0, 0.0, 0.0, 0.0, 0.0, 0.0, 0.0, 0.0, 0.0, 0.0, 0.0, 0.0], [0.9884270012157348, 0.0, 0.0, 0.0, 0.0, 0.0, 0.0, 0.0, 0.0, 0.0, 0.0, 0.0, 0.0, 0.0, 0.0, 0.0, 0.0, 0.0], [0.9864633190091878, 0.0, 0.0, 0.0, 0.0, 0.0, 0.0, 0.0, 0.0, 0.0, 0.0, 0.0, 0.0, 0.0, 0.0, 0.0, 0.0, 0.0], [0.0, 0.9744799140524277, 0.0, 0.0, 0.0, 0.0, 0.0, 0.0, 0.0, 0.0, 0.0, 0.0, 0.0, 0.0, 0.0, 0.0, 0.0, 0.0], [0.0, 0.9744799197334761, 0.0, 0.0, 0.0, 0.0, 0.0, 0.0, 0.0, 0.0, 0.0, 0.0, 0.0, 0.0, 0.0, 0.0, 0.0, 0.0], [0.0, 0.0, 0.0, 0.969602114481618, 0.0, 0.0, 0.0, 0.0, 0.0, 0.0, 0.0, 0.0, 0.0, 0.0, 0.0, 0.0, 0.0, 0.0], [0.0, 0.0, 0.0, 0.0, 0.9713968021308257, 0.0, 0.0, 0.0, 0.0, 0.0, 0.0, 0.0, 0.0, 0.0, 0.0, 0.0, 0.0, 0.0], [0.0, 0.0, 0.0, 0.0, 0.0, 0.9717366313244243, 0.0, 0.0, 0.0, 0.0, 0.0, 0.0, 0.0, 0.0, 0.0, 0.0, 0.0, 0.0], [0.0, 0.0, 0.0, 0.0, 0.0, 0.0, 0.9713968019851185, 0.0, 0.0, 0.0, 0.0, 0.0, 0.0, 0.0, 0.0, 0.0, 0.0, 0.0], [0.0, 0.0, 0.0, 0.0, 0.0, 0.0, 0.0, 0.9696021136337101, 0.0, 0.0, 0.0, 0.0, 0.0, 0.0, 0.0, 0.0, 0.0, 0.0]], "Born radii": [], "Atomic SASAs": [], "Solvent H bonds": [],