{"total energy": -29.2208244, "HOMO-LUMO gap/eV": 4.77816612, "electronic energy": -29.59680643, "dipole": [0.40407104, -0.22243452, -0.82107622], "partial charges": [-0.09446224, -0.02837076, -0.05829658, -0.08696306, 0.356284, -0.41038867, -0.27237822, 0.08480024, -0.11594362, 0.0388253, 0.03704495, 0.03262964, 0.06097545, 0.05139758, 0.06500978, 0.06820502, 0.04965194, 0.051674, 0.05312641, 0.05889489, 0.05828395], "atomic dipole moments": [[-0.05504972, -0.04119468, 0.00815155], [0.14255367, 0.04915258, 0.04923118], [0.04574054, -0.01006386, -0.11422744], [0.01315559, 0.02073815, 0.1021554], [0.13953762, -0.03186721, -0.06069963], [-0.01002132, -0.06015343, -0.18412722], [0.0361095, 0.07331919, 0.22724002], [-0.17929065, -0.0369592, -0.16506741], [-0.08635364, 0.02568826, 0.09344606], [0.00702763, -0.10242794, 0.10505665], [-0.11885087, 0.00534909, -0.0849136], [-0.01361267, 0.09943427, -0.10507571], [0.01189647, 0.109649, 0.06461185], [-0.00095882, -0.09256734, 0.08730421], [0.00280756, -0.11655328, -0.0607702], [-0.00092206, 0.0904497, -0.09350445], [0.00185129, -0.08132875, 0.09616693], [0.00631404, 0.11683919, 0.04750465], [0.11320264, 0.01007652, 0.0535394], [-0.01601384, -0.11721712, -0.04653271], [-0.01019349, 0.08284024, -0.09586465]], "atomic quadrupole moments": [[-0.14606398, -0.28410561, 0.04377631, -0.24272671, 0.36943065, 0.10228767], [-0.0540425, -0.3154298, -0.06278819, -0.11114685, 0.3710904, 0.11683069], [0.22590442, -0.01058215, -0.22740659, -0.04779036, 0.01847407, 0.00150217], [0.22616098, -0.0023502, -0.24919474, -0.00304662, 0.04988648, 0.02303376], [-0.14324695, -0.00311472, 0.39101338, -0.15264592, -0.220859, -0.24776643], [-0.11149164, 0.01692827, 0.16679038, -0.01645612, -0.08207818, -0.05529875], [0.07191568, 0.0008432, -0.0757939, 0.03541446, 0.02627913, 0.00387822], [0.43871713, 0.01149889, -0.37325553, 0.1458503, 0.07762053, -0.0654616], [0.08757969, -0.05700579, -0.14022664, -0.20079986, 0.05650514, 0.05264695], [-0.00322047, 0.01930021, 0.00246236, 0.0239031, -0.05291675, 0.0007581], [0.02612534, 0.02387886, -0.01783886, 0.04180205, -0.03456667, -0.00828648], [0.01638758, 0.03498382, -0.00416899, 0.02736225, -0.04064202, -0.01221858], [-0.02331597, 0.00347375, 0.04429019, -0.00508996, 0.03539007, -0.02097422], [-0.01677374, -0.00070118, 0.02205139, -0.00124597, -0.04756581, -0.00527765], [-0.01351084, 0.00791639, 0.04434647, -0.01248942, 0.0396668, -0.03083564], [-0.0194976, -0.01425778, 0.0142116, -0.01052749, -0.05562384, 0.005286], [-0.00095802, -0.00477223, 0.00506684, 0.00729763, -0.03912788, -0.00410882], [0.00069232, 0.01012585, 0.03306675, 0.00629275, 0.01679394, -0.03375906], [0.0686924, 0.00851805, -0.05331585, 0.04880626, 0.00832945, -0.01537655], [-0.04231178, 0.02270103, 0.06606497, -0.00480718, 0.03697413, -0.02375319], [-0.04454487, -0.01853684, 0.01847383, 0.00256098, -0.05854996, 0.02607104]], "number of molecular orbitals": 48, "number of electrons": 52, "number of unpaired electrons": 0, "orbital energies/eV": [-20.20732608, -19.45132243, -18.43927234, -17.40965016, -16.91514796, -16.62750586, -16.40157896, -16.01470555, -15.87604756, -15.38103711, -14.96165203, -14.82362783, -14.42580853, -13.96282783, -13.61344966, -13.50465379, -13.26290469, -12.94283056, -12.8967988, -12.76441005, -12.66741509, -12.09345291, -11.91884641, -11.77311032, -11.31302705, -10.94530214, -6.16713601, -5.54843307, -9.473e-05, 2.59249255, 3.07832266, 3.17311896, 3.31005153, 3.81761268, 3.87676866, 4.16374655, 4.4273842, 4.65236043, 5.10910723, 5.49239569, 6.0756974, 6.49570115, 7.11016359, 7.36531501, 7.81397213, 11.56052006, 16.93461596, 17.89972908], "fractional occupation": [2.0, 2.0, 2.0, 2.0, 2.0, 2.0, 2.0, 2.0, 2.0, 2.0, 2.0, 2.0, 2.0, 2.0, 2.0, 2.0, 2.0, 2.0, 2.0, 2.0, 2.0, 2.0, 2.0, 2.0, 2.0, 2.0, 0.0, 0.0, 0.0, 0.0, 0.0, 0.0, 0.0, 0.0, 0.0, 0.0, 0.0, 0.0, 0.0, 0.0, 0.0, 0.0, 0.0, 0.0, 0.0, 0.0, 0.0, 0.0], "program call": "xtb /tmp/scratch/tmpm8kmuamk/37200_0_xyzopt.xyz --pop --wbo --acc 0.2 --gfn 2 --chrg 0 --uhf 0 --etemp 300 --input /tmp/scratch/tmpm8kmuamk/37200_0_xtb.inp", "method": "GFN2-xTB", "xtb version": "6.3.3 (7355c4f)", "Dipole module/D": 2.394, "Total charge": 0, "Transition dipole module/D": NaN, "HOMO": -10.9453, "LUMO": -6.1671, "HOMO occupancy": 2.0, "LUMO occupancy": 0, "mulliken charges": [-0.08312, -0.02376, -0.03837, -0.07955, 0.58114, -0.5317, -0.42227, 0.20574, -0.09679, 0.03098, 0.03331, 0.02492, 0.04922, 0.03898, 0.05325, 0.05564, 0.0383, 0.04043, 0.03568, 0.04412, 0.04384], "cm5 charges": [-0.18725, -0.08907, -0.14335, -0.17833, 0.63371, -0.58385, -0.50831, 0.12319, -0.24602, 0.085, 0.08675, 0.08151, 0.1077, 0.09704, 0.11293, 0.11463, 0.10294, 0.10612, 0.08797, 0.0985, 0.09819], "FUKUI+": [-0.062, -0.066, 0.018, 0.018, -0.1, -0.167, -0.081, 0.017, 0.012, -0.081, -0.088, -0.075, -0.05, -0.04, -0.063, -0.067, -0.03, -0.026, -0.032, -0.019, -0.018], "FUKUI-": [-0.059, -0.047, 0.007, -0.004, -0.009, -0.106, -0.06, 0.011, 0.012, -0.072, -0.08, -0.067, -0.076, -0.054, -0.047, -0.054, -0.063, -0.063, -0.053, -0.061, -0.055], "FUKUIrad": [-0.06, -0.056, 0.013, 0.007, -0.054, -0.137, -0.07, 0.014, 0.012, -0.076, -0.084, -0.071, -0.063, -0.047, -0.055, -0.061, -0.046, -0.044, -0.043, -0.04, -0.037], "s proportion": [1.043, 1.066, 1.025, 1.039, 0.979, 1.721, 1.687, 0.995, 1.008, 0.969, 0.967, 0.975, 0.951, 0.961, 0.947, 0.944, 0.962, 0.96, 0.964, 0.956, 0.956], "p proportion": [3.04, 2.958, 3.014, 3.04, 2.44, 4.811, 4.735, 2.799, 3.089, 0.0, 0.0, 0.0, 0.0, 0.0, 0.0, 0.0, 0.0, 0.0, 0.0, 0.0, 0.0], "d proportion": [0.0, 0.0, 0.0, 0.0, 0.0, 0.0, 0.0, 0.0, 0.0, 0.0, 0.0, 0.0, 0.0, 0.0, 0.0, 0.0, 0.0, 0.0, 0.0, 0.0, 0.0], "Fermi-level/eV": -8.5562, "Coordination numbers": [2.837, 2.888, 3.808, 3.805, 2.718, 0.856, 1.704, 3.7, 3.751, 0.926, 0.926, 0.925, 0.924, 0.924, 0.924, 0.924, 0.924, 0.924, 0.925, 0.925, 0.925], "Dispersion coefficient C6": [30.364, 28.707, 21.617, 22.154, 20.952, 21.89, 18.517, 19.322, 22.781, 2.464, 2.488, 2.549, 2.188, 2.303, 2.141, 2.105, 2.324, 2.299, 2.281, 2.212, 2.219], "Total dispersion C6": 3718.350979, "Total dispersion C8": 81544.402152, "Polarizability alpha": [9.03, 8.784, 6.618, 6.701, 7.493, 6.273, 5.81, 6.286, 6.807, 2.455, 2.467, 2.497, 2.313, 2.373, 2.288, 2.269, 2.384, 2.371, 2.362, 2.326, 2.33], "Total polarizability alpha": 92.236799,