{"total energy": -23.03755131, "HOMO-LUMO gap/eV": 11.3927624, "electronic energy": -23.31742902, "dipole": [0.03838423, 0.06233787, 0.50787895], "partial charges": [0.04489704, -0.31715483, 0.11546505, -0.06795786, -0.05836435, -0.0593178, -0.06806501, 0.05465354, 0.02315018, 0.02479812, 0.00748561, 0.02876562, 0.03869976, 0.03093871, 0.04097024, 0.03494343, 0.03267326, 0.03489744, 0.05852187], "atomic dipole moments": [[-0.19195509, 0.07388067, -0.07166672], [0.07239861, 0.04240183, 0.27063113], [0.05074012, -0.13282245, -0.12894572], [-0.03190497, 0.0583382, -0.08972148], [0.07555137, 0.09021985, 0.01087505], [0.09508078, -0.06757605, -0.01200858], [-0.01038551, -0.05650408, 0.11097699], [0.06080728, -0.05200802, -0.09323748], [0.05982232, 0.09262217, 0.04429791], [-0.01976985, -0.07767842, 0.08805346], [0.06760816, 0.07826963, 0.06672718], [-0.00189735, 0.04834635, 0.11521585], [0.04964413, -0.11961832, 0.00438679], [-0.08812524, -0.02890111, 0.08673301], [-0.00313183, -0.08237345, -0.09433284], [-0.09450215, 0.00876773, -0.08472562], [-0.01994357, 0.07938867, 0.09280488], [0.02874511, 0.12483692, -0.00808966], [0.00880935, -0.05414581, -0.11536309]], "atomic quadrupole moments": [[0.30823083, -0.20846813, -0.16702879, 0.22576477, -0.07645592, -0.14120203], [0.07285048, -0.11947506, -0.08715384, 0.02050518, 0.04194593, 0.01430336], [0.06033887, -0.22136663, -0.07415372, -0.19910743, 0.0175584, 0.01381485], [0.15876044, 0.10594018, -0.09535954, 0.02070598, -0.13940121, -0.0634009], [0.07880711, -0.0258958, 0.06635354, 0.13888068, -0.14166761, -0.14516065], [0.06056648, 0.01864144, 0.07827799, -0.115649, -0.1622858, -0.13884447], [0.21400835, -0.06000216, -0.15275574, 0.01178285, -0.15683083, -0.06125262], [0.00610353, -0.0430263, -0.02963911, -0.03831154, 0.03748441, 0.02353558], [-0.00477873, 0.03347199, 0.03932002, 0.03868214, 0.02107343, -0.0345413], [-0.01097464, 0.01646408, 0.00103131, -0.01057182, -0.05899946, 0.00994333], [-0.00910588, 0.00488027, 0.00060361, -0.00776287, 0.01581808, 0.00850227], [-0.01062169, 0.01475136, -0.02421631, -0.0142236, 0.04069709, 0.034838], [-0.0150514, -0.03466563, 0.04453878, 0.00332848, 0.00800115, -0.02948737], [0.00989317, 0.01698383, -0.02877582, -0.04434725, -0.00536121, 0.01888265], [-0.02898708, -0.01328535, 0.00776919, 0.01040055, 0.03812328, 0.02121788], [0.01615342, -0.00789454, -0.03359622, 0.04436905, 0.00574375, 0.0174428], [-0.03433292, 0.0049267, 0.01183875, -0.01621668, 0.03707437, 0.02249417], [-0.02372844, 0.01322189, 0.05507334, 0.00245282, 0.00314557, -0.0313449], [-0.01395754, -0.00198477, -0.02520091, 0.00692056, 0.03874967, 0.03915846]], "number of molecular orbitals": 40, "number of electrons": 42, "number of unpaired electrons": 0, "orbital energies/eV": [-18.79456702, -17.56721086, -16.98354867, -16.48391196, -16.26634819, -15.47302594, -15.26405991, -14.92872415, -14.49358974, -14.28770793, -13.94106346, -13.64393333, -13.20712447, -12.59168372, -12.36762344, -12.20233159, -12.00817005, -12.00024065, -11.61588624, -11.54016845, -10.63811991, 0.75464249, 1.63766032, 1.80588644, 2.69410128, 3.20186787, 3.40269098, 3.6258765, 4.09622798, 4.39588661, 4.65023599, 5.04525734, 5.27518456, 5.51907665, 5.93085244, 6.5472644, 7.52983198, 7.62273529, 8.59714811, 9.33658886], "fractional occupation": [2.0, 2.0, 2.0, 2.0, 2.0, 2.0, 2.0, 2.0, 2.0, 2.0, 2.0, 2.0, 2.0, 2.0, 2.0, 2.0, 2.0, 2.0, 2.0, 2.0, 2.0, 0.0, 0.0, 0.0, 0.0, 0.0, 0.0, 0.0, 0.0, 0.0, 0.0, 0.0, 0.0, 0.0, 0.0, 0.0, 0.0, 0.0, 0.0, 0.0], "program call": "xtb /tmp/scratch/tmpdi5al3rv/38145_0_xyzopt.xyz --pop --wbo --acc 0.2 --gfn 2 --chrg 0 --uhf 0 --etemp 300 --input /tmp/scratch/tmpdi5al3rv/38145_0_xtb.inp", "method": "GFN2-xTB", "xtb version": "6.3.3 (7355c4f)", "Dipole module/D": 1.304, "Total charge": 0, "Transition dipole module/D": NaN, "HOMO": -10.6381, "LUMO": 0.7546, "HOMO occupancy": 2.0, "LUMO occupancy": 0, "mulliken charges": [0.17483, -0.46543, 0.21817, -0.07426, -0.04483, -0.05024, -0.06135, 0.03248, 0.01057, 0.00971, 0.00857, 0.02248, 0.03865, 0.0244, 0.03167, 0.02817, 0.02148, 0.02706, 0.04786], "cm5 charges": [0.05361, -0.5702, 0.1769, -0.18024, -0.15443, -0.15984, -0.1664, 0.09332, 0.06927, 0.06862, 0.07452, 0.07843, 0.09729, 0.07892, 0.08816, 0.08279, 0.07727, 0.08271, 0.10932], "FUKUI+": [0.009, -0.148, -0.038, 0.018, 0.016, 0.004, -0.002, -0.089, -0.069, -0.065, -0.092, -0.09, -0.053, -0.071, -0.05, -0.075, -0.056, -0.076, -0.074], "FUKUI-": [0.04, -0.159, 0.008, -0.003, 0.01, 0.011, 0.009, -0.069, -0.091, -0.1, -0.087, -0.07, -0.045, -0.09, -0.075, -0.069, -0.088, -0.071, -0.062], "FUKUIrad": [0.025, -0.153, -0.015, 0.007, 0.013, 0.008, 0.003, -0.079, -0.08, -0.082, -0.09, -0.08, -0.049, -0.08, -0.062, -0.072, -0.072, -0.074, -0.068], "s proportion": [0.967, 1.684, 1.02, 1.038, 1.028, 1.029, 1.036, 0.968, 0.989, 0.99, 0.991, 0.978, 0.961, 0.976, 0.968, 0.972, 0.979, 0.973, 0.952], "p proportion": [2.858, 4.781, 2.761, 3.036, 3.017, 3.021, 3.025, 0.0, 0.0, 0.0, 0.0, 0.0, 0.0, 0.0, 0.0, 0.0, 0.0, 0.0, 0.0], "d proportion": [0.0, 0.0, 0.0, 0.0, 0.0, 0.0, 0.0, 0.0, 0.0, 0.0, 0.0, 0.0, 0.0, 0.0, 0.0, 0.0, 0.0, 0.0, 0.0], "Fermi-level/eV": -4.9417, "Coordination numbers": [3.647, 1.701, 3.762, 3.823, 3.827, 3.826, 3.825, 0.925, 0.923, 0.924, 0.923, 0.924, 0.925, 0.925, 0.924, 0.925, 0.924, 0.925, 0.925], "Dispersion coefficient C6": [20.143, 19.296, 18.735, 21.783, 21.602, 21.62, 21.783, 2.263, 2.686, 2.662, 2.932, 2.604, 2.466, 2.573, 2.436, 2.517, 2.549, 2.518, 2.216], "Total dispersion C6": 2584.095631, "Total dispersion C8": 54444.373923, "Polarizability alpha": [6.449, 5.931, 6.17, 6.642, 6.613, 6.616, 6.641, 2.352, 2.563, 2.551, 2.678, 2.524, 2.456, 2.509, 2.441, 2.481, 2.497, 2.481, 2.328], "Total polarizability alpha": 74.923342,