{"total energy": -29.22654752, "HOMO-LUMO gap/eV": 3.83868799, "electronic energy": -29.6015589, "dipole": [0.06690541, -0.76219911, 0.41818118], "partial charges": [-0.08239087, -0.0076707, -0.11002647, 0.34988862, -0.41659913, -0.27007563, 0.08271776, -0.06146541, -0.10959244, 0.06192909, 0.05483241, 0.06513852, 0.06513851, 0.0499583, 0.04958027, 0.04958021, 0.04964982, 0.04964984, 0.04164973, 0.04645785, 0.04164974], "atomic dipole moments": [[-0.00706887, -0.0394375, 0.02100567], [0.04394229, 0.13036616, -0.06820522], [0.06695292, -0.05642051, 0.03467225], [0.15164814, -0.07241679, 0.04844265], [-0.04864197, -0.17016674, 0.08955025], [0.07759609, 0.20216762, -0.10520332], [-0.20675705, -0.12452968, 0.0552723], [0.02278767, 0.11733685, -0.06239308], [-0.11221626, -0.02495456, 0.0068325], [0.11371323, -0.08395459, 0.05243757], [-0.13893017, -0.04327304, 0.01518522], [0.01050732, 0.11770403, 0.05429343], [0.02136564, 0.01928779, -0.12682235], [-0.11462811, -0.0475026, 0.01894017], [0.02152361, 0.01572666, -0.12274076], [0.01086271, 0.11235454, 0.05508487], [-0.03301721, -0.01232727, 0.11979703], [-0.02239403, -0.10861426, -0.05740102], [0.02377245, 0.1078207, 0.05768139], [0.06961567, -0.08832848, 0.05216998], [0.03437407, 0.01172912, -0.11915716]], "atomic quadrupole moments": [[-0.30362406, -0.0328469, -0.12780231, -0.04038162, 0.43027193, 0.43142637], [-0.05399819, -0.06709202, -0.18121489, 0.00888848, 0.31497201, 0.23521308], [0.06306254, -0.13248667, 0.01460031, 0.08353946, -0.0862731, -0.07766285], [-0.2277366, -0.18268756, -0.07217233, 0.05909763, 0.26862276, 0.29990894], [-0.11917938, -0.00830734, -0.01391031, -0.01435269, 0.11330265, 0.13308969], [0.07832677, 0.02686891, -0.01354884, -0.00483302, -0.03699148, -0.06477793], [0.47571756, 0.07189423, -0.1487898, 0.01339705, -0.13185709, -0.32692776], [0.2051099, -0.07768707, -0.01964743, 0.07036839, -0.13771396, -0.18546247], [0.23479212, 0.08328597, -0.10569756, -0.02320256, -0.00988275, -0.12909456], [0.03033942, -0.01115425, 0.01099275, 0.01176315, -0.04183828, -0.04133218], [0.04921785, 0.01869643, -0.00084337, -0.0031824, -0.03491162, -0.04837448], [-0.03233655, 0.00711635, 0.05236119, 0.0095982, 0.05518107, -0.02002464], [-0.02903518, -0.00223686, -0.04930218, -0.02088399, -0.01164033, 0.07833736], [0.06645005, 0.04261556, -0.0172038, -0.01561338, -0.02035953, -0.04924624], [0.00041415, -0.00090628, -0.03711374, -0.01474452, 0.00322421, 0.0366996], [-0.00213883, 0.00790429, 0.01290203, 0.00797001, 0.03635119, -0.0107632], [-0.01962335, -0.00345729, -0.03428101, -0.01711563, -0.00296419, 0.05390436], [-0.02254852, 0.00617364, 0.03144577, 0.00916334, 0.04045194, -0.00889725], [-0.02993101, 0.01352949, 0.04908849, -0.00054131, 0.05784282, -0.01915748], [0.00027932, -0.04328565, 0.02786769, 0.02688908, -0.04811556, -0.028147], [-0.02785426, 0.00963302, -0.05088937, -0.02079634, -0.00755337, 0.07874362]], "number of molecular orbitals": 48, "number of electrons": 52, "number of unpaired electrons": 0, "orbital energies/eV": [-20.05580118, -19.27254537, -18.33201097, -17.4660116, -16.97409092, -16.39270855, -16.33679987, -16.06002033, -15.83208898, -15.52485132, -15.05189359, -14.55312984, -14.36559208, -13.85866062, -13.51902807, -13.40075255, -13.14506105, -13.10522691, -12.89523711, -12.64295444, -12.39358343, -12.26940772, -12.24785251, -11.79672641, -11.30404844, -11.09630052, -7.25761253, -4.32509961, 0.01023859, 2.58513535, 3.03820873, 3.15917942, 3.37480788, 3.59658718, 3.93959361, 4.40069025, 4.89994204, 5.04988358, 5.72712378, 5.80784091, 6.0266906, 6.43177853, 6.78127182, 7.86223482, 7.94993129, 10.55843272, 14.895781, 19.09334191], "fractional occupation": [2.0, 2.0, 2.0, 2.0, 2.0, 2.0, 2.0, 2.0, 2.0, 2.0, 2.0, 2.0, 2.0, 2.0, 2.0, 2.0, 2.0, 2.0, 2.0, 2.0, 2.0, 2.0, 2.0, 2.0, 2.0, 2.0, 0.0, 0.0, 0.0, 0.0, 0.0, 0.0, 0.0, 0.0, 0.0, 0.0, 0.0, 0.0, 0.0, 0.0, 0.0, 0.0, 0.0, 0.0, 0.0, 0.0, 0.0, 0.0], "program call": "xtb /tmp/scratch/tmpr1s913f9/39144_0_xyzopt.xyz --pop --wbo --acc 0.2 --gfn 2 --chrg 0 --uhf 0 --etemp 300 --input /tmp/scratch/tmpr1s913f9/39144_0_xtb.inp", "method": "GFN2-xTB", "xtb version": "6.3.3 (7355c4f)", "Dipole module/D": 2.216, "Total charge": 0, "Transition dipole module/D": NaN, "HOMO": -11.0963, "LUMO": -7.2576, "HOMO occupancy": 2.0, "LUMO occupancy": 0, "mulliken charges": [-0.05611, -0.0153, -0.08229, 0.57139, -0.53735, -0.42077, 0.20051, -0.05242, -0.09012, 0.05107, 0.03916, 0.05367, 0.05367, 0.03368, 0.03853, 0.03853, 0.03672, 0.03672, 0.03208, 0.03654, 0.03208], "cm5 charges": [-0.1555, -0.02999, -0.22655, 0.62965, -0.58804, -0.50672, 0.12004, -0.16246, -0.24267, 0.1107, 0.09348, 0.10837, 0.10837, 0.08684, 0.10452, 0.10452, 0.09418, 0.09418, 0.08439, 0.08829, 0.08439], "FUKUI+": [-0.091, -0.082, 0.038, -0.082, -0.192, -0.075, 0.02, 0.003, 0.011, -0.104, -0.118, -0.061, -0.061, -0.059, -0.032, -0.032, -0.015, -0.015, -0.014, -0.025, -0.014], "FUKUI-": [-0.038, -0.047, 0.018, -0.01, -0.114, -0.054, 0.017, 0.004, 0.017, -0.059, -0.079, -0.071, -0.071, -0.058, -0.062, -0.062, -0.075, -0.075, -0.064, -0.052, -0.064], "FUKUIrad": [-0.065, -0.064, 0.028, -0.046, -0.153, -0.065, 0.019, 0.004, 0.014, -0.081, -0.099, -0.066, -0.066, -0.059, -0.047, -0.047, -0.045, -0.045, -0.039, -0.038, -0.039], "s proportion": [1.055, 1.094, 1.003, 0.975, 1.723, 1.687, 0.998, 1.029, 1.006, 0.949, 0.961, 0.946, 0.946, 0.966, 0.961, 0.961, 0.963, 0.963, 0.968, 0.963, 0.968], "p proportion": [3.001, 2.921, 3.079, 2.453, 4.814, 4.733, 2.802, 3.023, 3.085, 0.0, 0.0, 0.0, 0.0, 0.0, 0.0, 0.0, 0.0, 0.0, 0.0, 0.0, 0.0], "d proportion": [0.0, 0.0, 0.0, 0.0, 0.0, 0.0, 0.0, 0.0, 0.0, 0.0, 0.0, 0.0, 0.0, 0.0, 0.0, 0.0, 0.0, 0.0, 0.0, 0.0, 0.0], "Fermi-level/eV": -9.177, "Coordination numbers": [2.844, 2.937, 3.759, 2.73, 0.856, 1.704, 3.707, 3.8, 3.753, 0.926, 0.926, 0.925, 0.925, 0.925, 0.924, 0.924, 0.924, 0.924, 0.925, 0.925, 0.925], "Dispersion coefficient C6": [30.053, 28.211, 22.653, 21.058, 22.016, 18.478, 19.341, 21.682, 22.654, 2.176, 2.26, 2.14, 2.14, 2.32, 2.325, 2.325, 2.324, 2.324, 2.427, 2.365, 2.427], "Total dispersion C6": 3717.278944, "Total dispersion C8": 81516.271823, "Polarizability alpha": [8.984, 8.711, 6.785, 7.513, 6.291, 5.804, 6.286, 6.63, 6.787, 2.307, 2.351, 2.288, 2.288, 2.382, 2.385, 2.385, 2.384, 2.384, 2.436, 2.405, 2.436], "Total polarizability alpha": 92.221536,