{"total energy": -27.2749842, "HOMO-LUMO gap/eV": 3.43037798, "electronic energy": -27.66538825, "dipole": [0.32030575, 0.66556393, -0.84103392], "partial charges": [-0.32211917, 0.21292231, -0.03762641, -0.05440307, -0.05248523, -0.04410563, -0.04109436, -0.05285833, -0.05594279, 0.01147823, 0.05619567, 0.03110576, 0.04244978, 0.04288664, 0.03753585, 0.02458674, 0.02554557, 0.04645104, 0.03904259, 0.05246472, 0.03797011], "atomic dipole moments": [[0.01729441, 0.12268247, -0.11472113], [0.04097974, -0.05877548, 0.02585506], [0.01607837, 0.0249373, 0.06991862], [0.03774349, -0.09865061, -0.04618254], [-0.04215165, -0.03357374, 0.08846116], [-0.08681883, 0.06675734, -0.10543315], [-0.06198112, -0.10572786, 0.07987903], [-0.01923424, 0.01649794, -0.09622163], [-0.02630515, 0.11346331, 0.04279427], [-0.09080643, 0.09172012, -0.01151362], [-0.04086386, -0.02694309, -0.11704153], [-0.08703415, 0.06815725, -0.05255752], [0.01700744, 0.04267932, 0.11820515], [-0.00324133, -0.06805972, -0.10755179], [0.00862978, 0.11779956, -0.03379219], [0.11677423, 0.0772889, -0.02700478], [0.12691002, -0.00767485, 0.06447703], [-0.07285185, 0.04728676, 0.09595696], [0.05796533, -0.09760285, 0.04728696], [-0.05448444, -0.10587039, 0.03815153], [0.06856018, -0.02300213, -0.10152213]], "atomic quadrupole moments": [[-0.04667596, 0.10875643, -0.00671664, 0.14399253, 0.1693055, 0.0533926], [-0.13976885, 0.35738277, -0.03561381, 0.31395162, 0.40485085, 0.17538266], [0.03212474, -0.03468574, 0.10845247, -0.10770252, -0.071148, -0.14057722], [0.05354372, 0.12691898, 0.1041954, -0.14246842, -0.03952259, -0.15773912], [0.20647058, 0.00753854, -0.17499923, -0.04554954, -0.06616996, -0.03147135], [-0.06742935, -0.20227929, 0.00865122, -0.04476719, 0.41509903, 0.05877813], [-0.11290341, -0.04762614, 0.10763851, -0.23843785, 0.3966397, 0.0052649], [0.0442985, 0.17027632, -0.06132317, 0.10191891, 0.01506646, 0.01702467], [0.06819678, -0.10502367, -0.04185746, 0.20308016, 0.02041927, -0.02633932], [0.00592025, -0.00842827, -0.00350076, -0.05041318, -0.05693697, -0.00241948], [-0.02915896, -0.01819587, -0.00179532, 0.02924939, 0.01796778, 0.03095428], [0.02173174, -0.0161379, 0.00066094, 0.03159386, -0.03212956, -0.02239269], [-0.01733538, 0.01551235, -0.03131221, 0.00928539, 0.01501179, 0.04864759], [-0.0290081, 0.00306682, 0.00657898, -0.00382301, 0.04763028, 0.02242912], [0.0084987, 0.00133949, 0.05088254, 0.00127254, -0.0251651, -0.05938124], [0.0217021, 0.01121224, -0.00665148, 0.02406693, -0.06778184, -0.01505062], [0.01091718, 0.02559492, 0.00279495, 0.02657803, -0.06536224, -0.01371213], [0.00099864, -0.02720584, -0.00980936, -0.02970245, 0.03339485, 0.00881073], [0.01029766, -0.0148612, 0.03837644, 0.03377301, -0.02110006, -0.0486741], [0.00305725, 0.02623521, 0.0269215, 0.00195369, -0.03192272, -0.02997875], [0.0126118, -0.008045, -0.04872682, -0.02850502, 0.00514643, 0.03611502]], "number of molecular orbitals": 48, "number of electrons": 50, "number of unpaired electrons": 0, "orbital energies/eV": [-19.56326343, -17.7880628, -17.19005011, -16.93951293, -16.62383234, -16.22245993, -16.00616248, -15.37204338, -15.22841199, -14.82026121, -14.64673007, -14.4140084, -13.90747709, -13.83273434, -13.50035569, -13.36761619, -13.24801087, -12.80210133, -12.30896707, -12.12742936, -12.04677583, -11.7214584, -11.44990428, -10.89597023, -10.56632497, -7.13594698, -5.40303983, 1.62193034, 1.99709407, 2.15543996, 2.65930357, 2.68815784, 2.90317736, 3.10984118, 3.64084147, 4.35928392, 5.13306007, 5.19404466, 5.89935395, 6.02499743, 6.11102766, 6.77711833, 7.08607449, 7.73941507, 8.40037326, 11.08635144, 16.89534891, 17.32838114], "fractional occupation": [2.0, 2.0, 2.0, 2.0, 2.0, 2.0, 2.0, 2.0, 2.0, 2.0, 2.0, 2.0, 2.0, 2.0, 2.0, 2.0, 2.0, 2.0, 2.0, 2.0, 2.0, 2.0, 2.0, 2.0, 2.0, 0.0, 0.0, 0.0, 0.0, 0.0, 0.0, 0.0, 0.0, 0.0, 0.0, 0.0, 0.0, 0.0, 0.0, 0.0, 0.0, 0.0, 0.0, 0.0, 0.0, 0.0, 0.0, 0.0], "program call": "xtb /tmp/scratch/tmpyvyvpsl_/40351_0_xyzopt.xyz --pop --wbo --acc 0.2 --gfn 2 --chrg 0 --uhf 0 --etemp 300 --input /tmp/scratch/tmpyvyvpsl_/40351_0_xtb.inp", "method": "GFN2-xTB", "xtb version": "6.3.3 (7355c4f)", "Dipole module/D": 2.288, "Total charge": 0, "Transition dipole module/D": NaN, "HOMO": -10.6831, "LUMO": -6.3146, "HOMO occupancy": 2.0, "LUMO occupancy": 0, "mulliken charges": [-0.08215, -0.03343, -0.03958, -0.03618, -0.07506, 0.58375, -0.53008, -0.41378, 0.175, 0.02972, 0.03103, 0.03131, 0.02832, 0.03136, 0.02745, 0.03896, 0.04897, 0.05848, 0.03761, 0.0429, 0.04541], "cm5 charges": [-0.23398, -0.14242, -0.10249, -0.09703, -0.17065, 0.63729, -0.58033, -0.50405, 0.05429, 0.08196, 0.08264, 0.08368, 0.08413, 0.08614, 0.08503, 0.09771, 0.11055, 0.11681, 0.09842, 0.1044, 0.10793], "FUKUI+": [0.013, 0.015, -0.085, -0.053, 0.02, -0.093, -0.174, -0.082, 0.032, -0.024, -0.043, -0.015, -0.036, -0.056, -0.077, -0.072, -0.064, -0.083, -0.052, -0.035, -0.037], "FUKUI-": [0.012, 0.005, -0.056, -0.052, -0.006, -0.017, -0.136, -0.059, 0.021, -0.053, -0.061, -0.054, -0.062, -0.108, -0.068, -0.064, -0.057, -0.077, -0.048, -0.027, -0.032], "FUKUIrad": [0.013, 0.01, -0.071, -0.053, 0.007, -0.055, -0.155, -0.07, 0.027, -0.039, -0.052, -0.034, -0.049, -0.082, -0.073, -0.068, -0.061, -0.08, -0.05, -0.031, -0.035], "s proportion": [1.006, 1.022, 1.066, 1.06, 1.035, 0.978, 1.72, 1.685, 0.973, 0.97, 0.969, 0.969, 0.972, 0.969, 0.973, 0.961, 0.951, 0.942, 0.962, 0.957, 0.955], "p proportion": [3.077, 3.011, 2.974, 2.976, 3.04, 2.438, 4.81, 4.728, 2.852, 0.0, 0.0, 0.0, 0.0, 0.0, 0.0, 0.0, 0.0, 0.0, 0.0, 0.0, 0.0], "d proportion": [0.0, 0.0, 0.0, 0.0, 0.0, 0.0, 0.0, 0.0, 0.0, 0.0, 0.0, 0.0, 0.0, 0.0, 0.0, 0.0, 0.0, 0.0, 0.0, 0.0, 0.0], "Fermi-level/eV": -8.4989, "Coordination numbers": [3.754, 3.805, 2.892, 2.897, 3.808, 2.729, 0.856, 1.704, 3.656, 0.925, 0.925, 0.925, 0.924, 0.924, 0.925, 0.925, 0.925, 0.924, 0.925, 0.924, 0.924], "Dispersion coefficient C6": [22.46, 21.526, 28.991, 28.992, 22.212, 20.875, 21.819, 18.334, 20.319, 2.483, 2.494, 2.499, 2.488, 2.436, 2.49, 2.382, 2.174, 2.067, 2.103, 2.185, 2.154], "Total dispersion C6": 3725.505685, "Total dispersion C8": 81608.194341, "Polarizability alpha": [6.758, 6.605, 8.828, 8.828, 6.709, 7.48, 6.263, 5.781, 6.471, 2.464, 2.47, 2.472, 2.467, 2.441, 2.468, 2.413, 2.306, 2.248, 2.268, 2.311, 2.295], "Total polarizability alpha": 92.345991,