{"total energy": -29.21908681, "HOMO-LUMO gap/eV": 4.73754109, "electronic energy": -29.59369398, "dipole": [-0.04066144, 0.37460837, 0.58100713], "partial charges": [-0.09418865, -0.0274911, -0.06047921, -0.05376091, -0.09096647, 0.35887536, -0.40723348, -0.26640328, 0.03367862, 0.03342599, 0.03475775, 0.03120463, 0.04473547, 0.04456092, 0.05541336, 0.04014695, 0.06614652, 0.06659069, 0.06767547, 0.06097489, 0.06233648], "atomic dipole moments": [[0.00244216, 0.07293857, -0.01013085], [0.0446057, -0.13830654, -0.04195841], [0.01960678, -0.01684048, 0.10297693], [0.03018447, 0.12882141, 0.00136021], [0.01629358, -0.02462998, -0.10169751], [0.07878727, 0.13770361, 0.02815813], [-0.05774701, 0.09088632, 0.16269978], [0.09500768, -0.09332347, -0.20313711], [-0.1934546, -0.1082298, 0.12979014], [-0.07986583, 0.09398845, 0.07802251], [0.09347787, 0.05311219, -0.09991778], [-0.09392932, -0.04652897, 0.10025493], [0.07601508, 0.05383563, -0.08657138], [-0.07765057, -0.07619301, -0.06037825], [0.05931175, -0.08780938, -0.06946196], [-0.07178146, -0.0548595, 0.08334338], [-0.05108103, 0.10591638, 0.05794472], [0.05521946, -0.07436283, 0.09055563], [0.03717576, 0.09961263, 0.06830616], [-0.04572696, 0.03037216, -0.11549192], [0.08941313, -0.09120346, -0.01420628]], "atomic quadrupole moments": [[0.19207535, 0.0109351, -0.34971191, 0.44346723, 0.03237242, 0.15763656], [0.19735156, -0.09367409, -0.35755206, 0.37718096, 0.13137569, 0.1602005], [-0.0480431, -0.1925681, 0.04674649, 0.04872152, -0.02129083, 0.00129662], [0.03542969, 0.0463494, -0.00386129, 0.23197455, -0.02807181, -0.0315684], [0.07696223, 0.20148542, -0.08865461, -0.04858561, 0.02464603, 0.01169238], [0.07154538, -0.16263253, 0.06533967, 0.35081451, -0.1683295, -0.13688505], [0.0258247, -0.10958675, -0.01787679, 0.11213226, -0.06759715, -0.00794791], [0.01449117, 0.05790708, -0.01011537, -0.06588323, 0.00041716, -0.0043758], [0.18987954, 0.2749668, -0.12174072, -0.31730877, -0.17127108, -0.06813882], [-0.01852538, -0.01554756, 0.03383676, -0.05334627, 0.01142455, -0.01531138], [-0.01117771, 0.00793017, 0.01702774, -0.05754158, -0.01229629, -0.00585004], [-0.02393892, 0.00046138, 0.04191032, -0.05035321, -0.0023273, -0.0179714], [0.00913502, 0.01474427, -0.00232738, -0.03882871, -0.02993884, -0.00680764], [0.01362318, 0.03548185, 0.00620592, 0.03332558, 0.02388277, -0.0198291], [-0.00357392, -0.03024471, 0.0035992, -0.01046363, 0.03483386, -2.528e-05], [0.01596629, 0.02606122, -0.03439655, -0.02719278, -0.02949504, 0.01843025], [0.0049195, -0.02307043, 0.02468708, -0.02087672, 0.03726475, -0.02960659], [-0.01467614, -0.01416863, 0.00817217, 0.04000434, -0.04127644, 0.00650398], [-0.0227821, 0.04685597, 0.03320096, 0.00601041, 0.04640544, -0.01041886], [-0.0013464, 0.0003635, -0.03973769, 0.02712072, -0.03665649, 0.04108409], [0.02527762, -0.04200187, 0.01533946, -0.01908841, -0.01242284, -0.04061708]], "number of molecular orbitals": 48, "number of electrons": 52, "number of unpaired electrons": 0, "orbital energies/eV": [-20.23714232, -19.45148264, -18.39585909, -17.37248119, -16.90303697, -16.55939534, -16.4235141, -15.98098071, -15.7167768, -15.34921522, -15.10717859, -14.77212458, -14.2917399, -13.94141143, -13.81520122, -13.65561606, -13.29884385, -12.98310946, -12.84946432, -12.45134947, -12.28798957, -12.18972316, -11.91683959, -11.57859986, -11.26518832, -10.91307581, -6.17553472, -5.50149434, 0.33920938, 2.47413641, 2.88396879, 3.27004876, 3.52793183, 3.64455379, 3.80460064, 4.28760843, 4.50775135, 4.9177242, 5.22630658, 5.4556966, 5.65708841, 6.33520221, 6.89892163, 7.50969285, 8.16107592, 11.58454885, 17.00594924, 17.9238916], "fractional occupation": [2.0, 2.0, 2.0, 2.0, 2.0, 2.0, 2.0, 2.0, 2.0, 2.0, 2.0, 2.0, 2.0, 2.0, 2.0, 2.0, 2.0, 2.0, 2.0, 2.0, 2.0, 2.0, 2.0, 2.0, 2.0, 2.0, 0.0, 0.0, 0.0, 0.0, 0.0, 0.0, 0.0, 0.0, 0.0, 0.0, 0.0, 0.0, 0.0, 0.0, 0.0, 0.0, 0.0, 0.0, 0.0, 0.0, 0.0, 0.0], "program call": "xtb /tmp/scratch/tmp_3zcgq7t/40291_0_xyzopt.xyz --pop --wbo --acc 0.2 --gfn 2 --chrg 0 --uhf 0 --etemp 300 --input /tmp/scratch/tmp_3zcgq7t/40291_0_xtb.inp", "method": "GFN2-xTB", "xtb version": "6.3.3 (7355c4f)", "Dipole module/D": 1.76, "Total charge": 0, "Transition dipole module/D": NaN, "HOMO": -10.9131, "LUMO": -6.1755, "HOMO occupancy": 2.0, "LUMO occupancy": 0, "mulliken charges": [-0.08456, -0.02356, -0.04815, -0.03556, -0.08418, 0.57999, -0.53191, -0.41558, 0.17537, 0.03189, 0.0309, 0.02381, 0.03949, 0.03659, 0.04492, 0.02781, 0.04989, 0.05818, 0.03752, 0.0425, 0.04463], "cm5 charges": [-0.18894, -0.08935, -0.15481, -0.14441, -0.18346, 0.6319, -0.58518, -0.50647, 0.05478, 0.08531, 0.08518, 0.08045, 0.0988, 0.09168, 0.10371, 0.08338, 0.11202, 0.11609, 0.09834, 0.10396, 0.10704], "FUKUI+": [-0.055, -0.064, 0.017, 0.015, 0.019, -0.096, -0.166, -0.077, 0.031, -0.083, -0.068, -0.077, -0.02, -0.062, -0.037, -0.046, -0.041, -0.075, -0.049, -0.032, -0.035], "FUKUI-": [-0.056, -0.044, 0.007, 0.007, -0.006, -0.01, -0.13, -0.061, 0.021, -0.081, -0.068, -0.072, -0.053, -0.094, -0.053, -0.075, -0.04, -0.07, -0.052, -0.033, -0.037], "FUKUIrad": [-0.055, -0.054, 0.012, 0.011, 0.007, -0.053, -0.148, -0.069, 0.026, -0.082, -0.068, -0.074, -0.036, -0.078, -0.045, -0.061, -0.04, -0.072, -0.051, -0.033, -0.036], "s proportion": [1.043, 1.067, 1.027, 1.029, 1.038, 0.981, 1.721, 1.686, 0.973, 0.968, 0.969, 0.976, 0.961, 0.963, 0.955, 0.972, 0.95, 0.942, 0.962, 0.958, 0.955], "p proportion": [3.042, 2.956, 3.021, 3.007, 3.046, 2.439, 4.811, 4.73, 2.852, 0.0, 0.0, 0.0, 0.0, 0.0, 0.0, 0.0, 0.0, 0.0, 0.0, 0.0, 0.0], "d proportion": [0.0, 0.0, 0.0, 0.0, 0.0, 0.0, 0.0, 0.0, 0.0, 0.0, 0.0, 0.0, 0.0, 0.0, 0.0, 0.0, 0.0, 0.0, 0.0, 0.0, 0.0], "Fermi-level/eV": -8.5443, "Coordination numbers": [2.837, 2.887, 3.807, 3.805, 3.804, 2.721, 0.856, 1.704, 3.655, 0.926, 0.926, 0.925, 0.924, 0.924, 0.924, 0.924, 0.924, 0.924, 0.925, 0.924, 0.924], "Dispersion coefficient C6": [30.357, 28.686, 21.658, 21.536, 22.232, 20.91, 21.826, 18.416, 20.301, 2.538, 2.52, 2.569, 2.387, 2.389, 2.254, 2.447, 2.128, 2.123, 2.111, 2.188, 2.172], "Total dispersion C6": 3723.608285, "Total dispersion C8": 81601.048231, "Polarizability alpha": [9.029, 8.781, 6.625, 6.607, 6.713, 7.486, 6.264, 5.794, 6.469, 2.491, 2.482, 2.507, 2.416, 2.417, 2.348, 2.446, 2.281, 2.279, 2.272, 2.313, 2.305], "Total polarizability alpha": 92.323455,