{"total energy": -17.73182711, "HOMO-LUMO gap/eV": 12.18449525, "electronic energy": -17.94997438, "dipole": [0.43654752, 0.5168866, -0.24559221], "partial charges": [-0.11450851, 0.15335822, -0.12112064, -0.12112064, -0.4528302, 0.0514011, 0.03762471, 0.0514011, 0.03217921, 0.04637867, 0.03834304, 0.03834304, 0.04637867, 0.03217921, 0.281993], "atomic dipole moments": [[0.0629015, 0.07234345, 0.04695565], [-0.01828288, -0.02508584, 0.14295779], [0.03106107, -0.08368207, 0.01469383], [-0.08708034, 0.01734073, 0.01731192], [0.11571922, 0.13904955, -0.14359393], [0.03404855, -0.11813242, 0.02973684], [0.01566036, 0.02147119, -0.1218237], [-0.12118109, 0.01460459, 0.03317681], [0.06840473, 0.08141788, 0.06476977], [-0.12164805, 0.01580818, 0.03226279], [0.01436521, 0.02622262, -0.12242419], [0.02053813, 0.02094421, -0.12256097], [0.03528618, -0.11838642, 0.02878498], [0.07146662, 0.07879963, 0.06470195], [0.04340769, 0.04980719, 0.03689156]], "atomic quadrupole moments": [[-0.01267913, 0.13618952, 0.02420154, 0.11457411, 0.13087518, -0.01152242], [-0.11323046, 0.0118404, -0.10683826, -0.04650752, -0.06326176, 0.22006872], [-0.09642536, -0.08878699, 0.19256926, 0.02295534, -0.06176357, -0.0961439], [0.20931009, -0.03832721, -0.11728009, -0.07325219, 0.01359178, -0.09202999], [-0.08000889, 0.04270574, -0.06456377, -0.03517612, -0.04788321, 0.14457266], [-0.02665032, -0.03278914, 0.06835941, 0.01762961, -0.02324067, -0.04170909], [-0.04443792, 0.01346374, -0.03922838, -0.01684226, -0.02330483, 0.0836663], [0.07472644, -0.01567523, -0.03503528, -0.02902346, 0.01435212, -0.03969116], [0.00373665, 0.03913782, 0.00614836, 0.04961751, 0.04424449, -0.00988501], [0.07453569, -0.00892878, -0.03106326, -0.03382778, 0.00101797, -0.04347243], [-0.05016054, -0.00201921, -0.03227696, -0.01868774, -0.02033778, 0.0824375], [-0.03289312, 0.00057442, -0.04933846, -0.01423361, -0.02453125, 0.08223158], [-0.02548395, -0.0256329, 0.07063831, 0.00522824, -0.03011332, -0.04515436], [-0.00405457, 0.0382498, 0.01336391, 0.0367164, 0.05544358, -0.00930934], [-0.02200211, 0.08140786, 0.00036296, 0.06294711, 0.07064249, 0.02163915]], "number of molecular orbitals": 30, "number of electrons": 32, "number of unpaired electrons": 0, "orbital energies/eV": [-18.48820973, -17.1580313, -16.30574811, -16.22118915, -15.50165749, -14.58702546, -14.08010019, -13.92700769, -13.24424162, -12.8881128, -12.4880372, -12.4281328, -12.34129958, -12.20922573, -11.72980426, -10.96888895, 1.2156063, 2.46559075, 2.61295366, 2.87796123, 4.0555164, 5.35136365, 5.43120494, 5.58649898, 6.08973041, 6.38889743, 6.75246814, 7.09398188, 7.27220416, 7.68444709], "fractional occupation": [2.0, 2.0, 2.0, 2.0, 2.0, 2.0, 2.0, 2.0, 2.0, 2.0, 2.0, 2.0, 2.0, 2.0, 2.0, 2.0, 0.0, 0.0, 0.0, 0.0, 0.0, 0.0, 0.0, 0.0, 0.0, 0.0, 0.0, 0.0, 0.0, 0.0], "program call": "xtb /tmp/scratch/tmp9id4bn7d/41_0_xyzopt.xyz --pop --wbo --acc 0.2 --gfn 2 --chrg 0 --uhf 0 --etemp 300 --input /tmp/scratch/tmp9id4bn7d/41_0_xtb.inp", "method": "GFN2-xTB", "xtb version": "6.3.3 (7355c4f)", "Dipole module/D": 1.829, "Total charge": 0, "Transition dipole module/D": NaN, "HOMO": -10.9689, "LUMO": 1.2156, "HOMO occupancy": 2.0, "LUMO occupancy": 0, "mulliken charges": [-0.09902, 0.25728, -0.11962, -0.11962, -0.56983, 0.04266, 0.02396, 0.04266, 0.02926, 0.04212, 0.03155, 0.03155, 0.04212, 0.02926, 0.33566], "cm5 charges": [-0.24515, 0.24311, -0.26648, -0.26648, -0.77977, 0.0982, 0.07757, 0.0982, 0.08353, 0.09704, 0.08504, 0.08504, 0.09704, 0.08353, 0.50958], "FUKUI+": [0.04, -0.067, 0.04, 0.04, -0.185, -0.066, -0.118, -0.066, -0.058, -0.068, -0.114, -0.114, -0.068, -0.058, -0.136], "FUKUI-": [0.028, -0.036, -0.003, -0.003, -0.166, -0.103, -0.07, -0.103, -0.071, -0.085, -0.08, -0.08, -0.085, -0.071, -0.074], "FUKUIrad": [0.034, -0.052, 0.019, 0.019, -0.176, -0.085, -0.094, -0.085, -0.064, -0.076, -0.097, -0.097, -0.076, -0.064, -0.105], "s proportion": [1.012, 1.039, 1.02, 1.02, 1.696, 0.957, 0.976, 0.957, 0.971, 0.958, 0.968, 0.968, 0.958, 0.971, 0.664], "p proportion": [3.087, 2.704, 3.099, 3.099, 4.874, 0.0, 0.0, 0.0, 0.0, 0.0, 0.0, 0.0, 0.0, 0.0, 0.0], "d proportion": [0.0, 0.0, 0.0, 0.0, 0.0, 0.0, 0.0, 0.0, 0.0, 0.0, 0.0, 0.0, 0.0, 0.0, 0.0], "Fermi-level/eV": -4.8766, "Coordination numbers": [3.757, 3.772, 3.755, 3.755, 1.656, 0.925, 0.925, 0.925, 0.925, 0.925, 0.925, 0.925, 0.925, 0.925, 0.805], "Dispersion coefficient C6": [22.744, 18.15, 22.877, 22.877, 21.902, 2.302, 2.481, 2.302, 2.556, 2.366, 2.471, 2.471, 2.366, 2.556, 0.778], "Total dispersion C6": 1451.458986, "Total dispersion C8": 29763.370502, "Polarizability alpha": [6.799, 6.071, 6.82, 6.82, 6.318, 2.373, 2.463, 2.373, 2.5, 2.405, 2.458, 2.458, 2.405, 2.5, 1.385], "Total polarizability alpha": 56.148069, "Wiberg matrix": [[0.0, 0.9952472558608165, 0.0, 0.0, 0.0, 0.9847277884309398, 0.9865743587885822, 0.9847277893857362, 0.0, 0.0, 0.0, 0.0, 0.0, 0.0, 0.0], [0.9952472558608165, 0.0, 0.9896567741066247, 0.9896567776868097, 0.9741325350446529, 0.0, 0.0, 0.0, 0.0, 0.0, 0.0, 0.0, 0.0, 0.0, 0.0], [0.0, 0.9896567741066247, 0.0, 0.0, 0.0, 0.0, 0.0, 0.0, 0.9852157734355556, 0.985551834940791, 0.9859964893948163, 0.0, 0.0, 0.0, 0.0], [0.0, 0.9896567776868097, 0.0, 0.0, 0.0, 0.0, 0.0, 0.0, 0.0, 0.0, 0.0, 0.9859964890683437, 0.9855518340906431, 0.9852157716307444, 0.0], [0.0, 0.9741325350446529, 0.0, 0.0, 0.0, 0.0, 0.0, 0.0, 0.0, 0.0, 0.0, 0.0, 0.0, 0.0, 0.9022709152412092], [0.9847277884309398, 0.0, 0.0, 0.0, 0.0, 0.0, 0.0, 0.0, 0.0, 0.0, 0.0, 0.0, 0.0, 0.0, 0.0], [0.9865743587885822, 0.0, 0.0, 0.0, 0.0, 0.0, 0.0, 0.0, 0.0, 0.0, 0.0, 0.0, 0.0, 0.0, 0.0], [0.9847277893857362, 0.0, 0.0, 0.0, 0.0, 0.0, 0.0, 0.0, 0.0, 0.0, 0.0, 0.0, 0.0, 0.0, 0.0], [0.0, 0.0, 0.9852157734355556, 0.0, 0.0, 0.0, 0.0, 0.0, 0.0, 0.0, 0.0, 0.0, 0.0, 0.0, 0.0], [0.0, 0.0, 0.985551834940791, 0.0, 0.0, 0.0, 0.0, 0.0, 0.0, 0.0, 0.0, 0.0, 0.0, 0.0, 0.0], [0.0, 0.0, 0.9859964893948163, 0.0, 0.0, 0.0, 0.0, 0.0, 0.0, 0.0, 0.0, 0.0, 0.0, 0.0, 0.0], [0.0, 0.0, 0.0, 0.9859964890683437, 0.0, 0.0, 0.0, 0.0, 0.0, 0.0, 0.0, 0.0, 0.0, 0.0, 0.0], [0.0, 0.0, 0.0, 0.9855518340906431, 0.0, 0.0, 0.0, 0.0, 0.0, 0.0, 0.0, 0.0, 0.0, 0.0, 0.0], [0.0, 0.0, 0.0, 0.9852157716307444, 0.0, 0.0, 0.0, 0.0, 0.0, 0.0, 0.0, 0.0, 0.0, 0.0, 0.0], [0.0, 0.0, 0.0, 0.0, 0.9022709152412092, 0.0, 0.0, 0.0, 0.0, 0.0, 0.0, 0.0, 0.0, 0.0, 0.0]], "Born radii": [], "Atomic SASAs": [], "Solvent H bonds": [], "Total SASA": NaN, "Total FOD": 0.0, "FOD": [0.0, 0.0, 0.0, 0.0, 0.0, 0.0, 0.0, 0.0, 0.0, 0.0, 0.0, 0.0, 0.0, 0.0, 0.0], "FOD s proportion": [0.0, 0.0, 0.0, 0.0, 0.0, 0.0, 0.0, 0.0, 0.0, 0.0, 0.0, 0.0, 0.0, 0.0, 0.0], "FOD p proportion": [0.0, 0.0, 0.0, 0.0, 0.0, 0.0, 0.0, 0.0, 0.0, 0.0, 0.0, 0.0, 0.0, 0.0, 0.0], "FOD d proportion": [0.0, 0.0, 0.0, 0.0, 0.0, 0.0, 0.0, 0.0, 0.0, 0.0, 0.0, 0.0, 0.0, 0.0, 0.0], "coordinates": [["-0.92096875937376", "-1.06191134099197", "-0.58335099236890"], ["-0.06975950578319", "-0.08755323191970", "0.23046967306990"], ["-0.49218977386413", "1.35858447349196", "-0.05669186662002"], ["1.41653699537125", "-0.27356931863091", "-0.09899053386616"], ["-0.30957603897204", "-0.40334834296019", "1.59415181102791"], ["-0.62959852872429", "-2.08268438216614", "-0.35205742504292"], ["-0.79223672112103", "-0.88380276173444", "-1.64689871220675"], ["-1.96830175930081", "-0.93795798834952", "-0.32239106116093"], ["0.11244733263542", "2.05568304955369", "0.52216523330530"], ["-1.53591198022543", "1.49961623295501", "0.21408891587420"], ["-0.36887865725082", "1.58751899483787", "-1.11153946245535"], ["1.59652681817246", "-0.09310029426345", "-1.15509408168507"], ["1.72446573963012", "-1.28833556301857", "0.14183635489255"], ["2.02611764497240", "0.41930176404671", "0.47975734154393"], ["0.21132719383383", "0.19155970914964", "2.14454480569233"]],