{"total energy": -23.04797208, "HOMO-LUMO gap/eV": 11.85429116, "electronic energy": -23.33409516, "dipole": [0.16205077, 0.59763647, -0.35597529], "partial charges": [-0.45006967, 0.12056728, -0.06421135, -0.05929434, -0.05911784, -0.05725763, -0.07005801, 0.28334958, 0.00683812, 0.04776745, 0.04310524, 0.03173868, 0.03356576, 0.03042765, 0.03606441, 0.03154401, 0.03063281, 0.02205467, 0.04235317], "atomic dipole moments": [[-0.01551529, 0.18492512, -0.14631233], [0.09191349, -0.07204018, 0.15021924], [0.03255403, 0.08741309, -0.08592316], [0.0876137, 0.03042964, 0.06630621], [0.07103625, -0.07175977, -0.05758759], [-0.02150418, -0.08217903, 0.07427541], [-0.07793531, -0.02965364, -0.07304947], [0.06783896, 0.02467104, -0.02177277], [0.00919068, -0.01921887, -0.11686781], [-0.00251511, 0.00940217, 0.12437087], [-0.02084428, -0.11977199, -0.02851079], [0.00211975, -0.01619711, -0.12177779], [-0.11245393, -0.02803652, 0.03953346], [-0.08033088, 0.07389086, -0.05570406], [-0.00988405, 0.01819079, 0.12124214], [0.02637501, 0.11604997, 0.0286293], [0.00771561, -0.01121541, -0.12208632], [0.1124477, 0.02930322, -0.03903135], [-0.00274112, 0.01403888, 0.12429733]], "atomic quadrupole moments": [[0.03161681, -0.0811235, 0.01268963, 0.06491461, -0.10141578, -0.04430644], [0.13357606, -0.14096949, 0.09843524, 0.14343613, -0.15652921, -0.2320113], [0.23207951, -0.05576117, -0.08329509, -0.00977528, -0.12434336, -0.14878442], [-0.04350964, -0.06557918, 0.19659491, 0.11519239, -0.01678358, -0.15308527], [0.08655255, 0.12479886, 0.10013257, -0.07637847, 0.0441003, -0.18668512], [0.20148838, -0.065445, -0.06576062, 0.0031936, -0.11681313, -0.13572776], [-0.04176545, -0.06261454, 0.20518021, 0.1195028, -0.01648395, -0.16341476], [0.12566506, 0.04047069, -0.05979186, -0.03710063, -0.03028217, -0.0658732], [-0.01026999, -0.00758984, -0.00843699, -0.00153356, -0.00040558, 0.01870697], [-0.0212134, -0.00408658, -0.03628888, -0.00663955, 0.01768838, 0.05750228], [-0.01888585, 0.01961361, 0.04659806, 0.00711937, 0.02769867, -0.02771221], [-0.04200008, -0.0094786, -0.01465728, -0.00854304, 0.00737607, 0.05665736], [0.04372666, 0.01329666, -0.0177174, -0.03485962, -0.01102431, -0.02600925], [0.01069908, -0.02767728, 0.00368895, 0.032938, -0.03117844, -0.01438803], [-0.02991028, 0.0159334, -0.02809319, -0.0033399, 0.00827853, 0.05800346], [-0.01670216, 0.01376022, 0.04894041, 0.00817365, 0.02846539, -0.03223825], [-0.01481576, -0.00790916, -0.04065751, -0.00183232, 0.01621203, 0.05547326], [0.04621773, 0.01622555, -0.02394749, -0.03432571, -0.00869274, -0.02227024], [-0.03632628, -0.00510485, -0.02145295, -0.00939874, 0.00930091, 0.05777923]], "number of molecular orbitals": 40, "number of electrons": 42, "number of unpaired electrons": 0, "orbital energies/eV": [-18.55216092, -17.38242585, -16.80071751, -16.69888565, -15.94263225, -15.65220096, -15.20249393, -14.86193902, -14.32638296, -13.95962081, -13.71885557, -13.57701876, -13.0721731, -12.73546395, -12.67016817, -12.28561547, -11.96512461, -11.67265574, -11.62086311, -11.28828007, -10.8908941, 0.96339706, 2.31294199, 2.44284012, 2.84860739, 2.98780794, 3.02099684, 3.54444585, 4.3126659, 4.83381729, 4.99273509, 5.06818981, 5.38657239, 5.40656493, 6.46886308, 6.71386625, 7.51501316, 7.73745854, 8.15458152, 8.31659802], "fractional occupation": [2.0, 2.0, 2.0, 2.0, 2.0, 2.0, 2.0, 2.0, 2.0, 2.0, 2.0, 2.0, 2.0, 2.0, 2.0, 2.0, 2.0, 2.0, 2.0, 2.0, 2.0, 0.0, 0.0, 0.0, 0.0, 0.0, 0.0, 0.0, 0.0, 0.0, 0.0, 0.0, 0.0, 0.0, 0.0, 0.0, 0.0, 0.0, 0.0, 0.0], "program call": "xtb /tmp/scratch/tmpd8vlvv2y/4204_0_xyzopt.xyz --pop --wbo --acc 0.2 --gfn 2 --chrg 0 --uhf 0 --etemp 300 --input /tmp/scratch/tmpd8vlvv2y/4204_0_xtb.inp", "method": "GFN2-xTB", "xtb version": "6.3.3 (7355c4f)", "Dipole module/D": 1.815, "Total charge": 0, "Transition dipole module/D": NaN, "HOMO": -10.8909, "LUMO": 0.9634, "HOMO occupancy": 2.0, "LUMO occupancy": 0, "mulliken charges": [-0.56902, 0.22291, -0.05809, -0.05151, -0.04907, -0.04686, -0.07687, 0.33611, 0.00458, 0.03637, 0.03851, 0.02282, 0.02842, 0.02657, 0.02631, 0.02783, 0.02268, 0.02322, 0.03506], "cm5 charges": [-0.78237, 0.17716, -0.16401, -0.162, -0.15981, -0.1574, -0.18349, 0.50906, 0.07011, 0.09568, 0.09626, 0.079, 0.08322, 0.08126, 0.08251, 0.08254, 0.07884, 0.07972, 0.09371], "FUKUI+": [-0.145, -0.033, -0.002, -0.004, 0.023, -0.006, -0.0, -0.122, -0.088, -0.061, -0.059, -0.054, -0.072, -0.085, -0.058, -0.066, -0.053, -0.054, -0.061], "FUKUI-": [-0.117, -0.005, 0.013, 0.003, 0.002, 0.009, -0.006, -0.058, -0.104, -0.073, -0.108, -0.055, -0.077, -0.066, -0.052, -0.115, -0.059, -0.068, -0.063], "FUKUIrad": [-0.131, -0.019, 0.006, -0.001, 0.013, 0.002, -0.003, -0.09, -0.096, -0.067, -0.084, -0.054, -0.074, -0.076, -0.055, -0.09, -0.056, -0.061, -0.062], "s proportion": [1.692, 1.012, 1.032, 1.028, 1.028, 1.028, 1.039, 0.664, 0.995, 0.964, 0.961, 0.977, 0.972, 0.973, 0.974, 0.972, 0.977, 0.977, 0.965], "p proportion": [4.877, 2.765, 3.026, 3.023, 3.021, 3.019, 3.038, 0.0, 0.0, 0.0, 0.0, 0.0, 0.0, 0.0, 0.0, 0.0, 0.0, 0.0, 0.0], "d proportion": [0.0, 0.0, 0.0, 0.0, 0.0, 0.0, 0.0, 0.0, 0.0, 0.0, 0.0, 0.0, 0.0, 0.0, 0.0, 0.0, 0.0, 0.0, 0.0], "Fermi-level/eV": -4.9637, "Coordination numbers": [1.656, 3.728, 3.807, 3.806, 3.806, 3.805, 3.805, 0.805, 0.923, 0.924, 0.924, 0.924, 0.924, 0.924, 0.924, 0.924, 0.924, 0.924, 0.924], "Dispersion coefficient C6": [21.845, 18.706, 21.727, 21.637, 21.634, 21.6, 21.837, 0.773, 2.942, 2.348, 2.408, 2.562, 2.536, 2.58, 2.502, 2.565, 2.578, 2.702, 2.418], "Total dispersion C6": 2565.082584, "Total dispersion C8": 54416.916147, "Polarizability alpha": [6.309, 6.175, 6.635, 6.622, 6.621, 6.616, 6.653, 1.381, 2.683, 2.396, 2.427, 2.503, 2.491, 2.512, 2.474, 2.504, 2.511, 2.571, 2.432], "Total polarizability alpha": 74.515193,