{"total energy": -28.03522532, "HOMO-LUMO gap/eV": 6.24567352, "electronic energy": -28.31285822, "dipole": [0.07403042, 0.39237858, -0.16113455], "partial charges": [-0.11728582, 0.08438558, -0.26889556, 0.48204635, -0.45865089, -0.26889556, 0.08438558, -0.11728582, 0.06297332, 0.05616121, 0.06297335, 0.05399523, 0.05399496, 0.05399498, 0.05399521, 0.05616121, 0.06297335, 0.06297332], "atomic dipole moments": [[-0.11320518, -0.07384773, 0.03420835], [-0.1567431, 0.19938008, -0.0742707], [-0.042153, -0.22542106, 0.09255315], [0.0247453, 0.13115572, -0.05386145], [0.03702954, 0.19626576, -0.08059576], [-0.04288334, -0.22529277, 0.09253], [0.21950849, 0.13329211, -0.06233931], [0.07897082, -0.10760303, 0.04030273], [-0.00099029, 0.03056027, -0.12375641], [0.09832678, -0.07312871, 0.02564351], [0.00650121, 0.10778762, 0.06775045], [-0.00796659, -0.02954793, 0.12190857], [-0.01533776, -0.10553485, -0.06652332], [-0.01744981, -0.10516397, -0.06659015], [-0.01007807, -0.02917687, 0.12184165], [-0.11872811, -0.03500342, 0.01876033], [0.02643222, 0.10428685, 0.06838238], [0.01894014, 0.02705939, -0.12312441]], "atomic quadrupole moments": [[0.17995993, 0.17159699, -0.04376431, -0.08254535, -0.05408388, -0.13619561], [0.36388965, -0.24070554, -0.01872742, 0.06715058, -0.14469286, -0.34516222], [0.08190399, -0.03748131, 0.00652801, 0.00777104, -0.04383339, -0.088432], [-0.01586476, -0.04569398, -0.2258219, 0.03214711, 0.2278849, 0.24168666], [-0.09490519, 0.01194905, -0.01761185, 0.00428394, 0.06219157, 0.11251703], [0.09919987, 0.00683606, -0.00957416, -0.01077635, -0.03907388, -0.08962571], [0.48444, 0.06818026, -0.13095742, -0.06213049, -0.11151844, -0.35348258], [0.03595147, -0.1973963, 0.09030438, 0.07188802, -0.09371362, -0.12625585], [-0.04053108, 0.01109036, -0.03620591, 0.00848037, -0.02430676, 0.07673699], [0.04507295, -0.05966102, 0.00270195, 0.02012423, -0.02114216, -0.0477749], [-0.04182321, 0.00823114, 0.04215564, -0.00954242, 0.05731344, -0.00033243], [-0.00410618, -0.01047333, -0.03442508, 0.00506678, -0.00871417, 0.03853126], [-0.00408062, -0.00819129, 0.00991481, 0.00452518, 0.03731675, -0.00583419], [0.00172815, 0.00859758, 0.00383782, 0.00884796, 0.03712219, -0.00556597], [0.00018078, -0.00139386, -0.03774695, -0.01008247, -0.00574133, 0.03756617], [0.08113186, 0.03273268, -0.03086812, -0.0185457, -0.01121906, -0.05026373], [-0.0406906, 0.01774125, 0.03877996, 0.02584373, 0.05140577, 0.00191064], [-0.04467645, -0.00613927, -0.03002537, -0.02367456, -0.01922816, 0.07470183]], "number of molecular orbitals": 42, "number of electrons": 48, "number of unpaired electrons": 0, "orbital energies/eV": [-20.57397219, -20.186737, -19.70902866, -18.76455551, -17.61992547, -16.81840181, -16.7117763, -16.68561838, -16.4732577, -16.12390674, -15.35791067, -15.15379112, -14.57667431, -14.25863515, -14.02688317, -13.23867814, -13.15794302, -13.14377814, -12.88895574, -12.87351338, -12.77772462, -12.11729313, -11.90984175, -11.89121128, -5.64553776, -0.69102119, 1.50733938, 2.77112681, 3.03108696, 3.75132305, 3.84346033, 3.8523875, 3.89779976, 4.60851234, 4.65012377, 6.07296735, 6.48262553, 7.14147081, 7.15224865, 7.17328557, 7.72559521, 18.68336256], "fractional occupation": [2.0, 2.0, 2.0, 2.0, 2.0, 2.0, 2.0, 2.0, 2.0, 2.0, 2.0, 2.0, 2.0, 2.0, 2.0, 2.0, 2.0, 2.0, 2.0, 2.0, 2.0, 2.0, 2.0, 2.0, 0.0, 0.0, 0.0, 0.0, 0.0, 0.0, 0.0, 0.0, 0.0, 0.0, 0.0, 0.0, 0.0, 0.0, 0.0, 0.0, 0.0, 0.0], "program call": "xtb /tmp/scratch/tmpyhvxbd4s/4327_0_xyzopt.xyz --pop --wbo --acc 0.2 --gfn 2 --chrg 0 --uhf 0 --etemp 300 --input /tmp/scratch/tmpyhvxbd4s/4327_0_xtb.inp", "method": "GFN2-xTB", "xtb version": "6.3.3 (7355c4f)", "Dipole module/D": 1.094, "Total charge": 0, "Transition dipole module/D": NaN, "HOMO": -11.8912, "LUMO": -5.6455, "HOMO occupancy": 2.0, "LUMO occupancy": 0, "mulliken charges": [-0.09537, 0.20359, -0.40903, 0.75878, -0.56367, -0.40903, 0.20359, -0.09537, 0.04618, 0.03491, 0.04618, 0.03799, 0.03799, 0.03799, 0.03799, 0.03491, 0.04618, 0.04618], "cm5 charges": [-0.24463, 0.12108, -0.48719, 0.84581, -0.61416, -0.48719, 0.12108, -0.24463, 0.10062, 0.08721, 0.10062, 0.10323, 0.10323, 0.10323, 0.10323, 0.08721, 0.10062, 0.10062], "FUKUI+": [0.017, 0.027, -0.122, -0.193, -0.276, -0.122, 0.027, 0.017, -0.029, -0.045, -0.029, -0.041, -0.041, -0.041, -0.041, -0.045, -0.029, -0.029], "FUKUI-": [0.015, 0.012, -0.074, 0.007, -0.059, -0.074, 0.012, 0.015, -0.084, -0.057, -0.084, -0.102, -0.102, -0.102, -0.102, -0.057, -0.084, -0.084], "FUKUIrad": [0.016, 0.019, -0.098, -0.093, -0.168, -0.098, 0.019, 0.016, -0.056, -0.051, -0.056, -0.071, -0.071, -0.071, -0.071, -0.051, -0.056, -0.056], "s proportion": [1.008, 0.996, 1.677, 0.884, 1.712, 1.677, 0.996, 1.008, 0.954, 0.965, 0.954, 0.962, 0.962, 0.962, 0.962, 0.965, 0.954, 0.954], "p proportion": [3.088, 2.8, 4.732, 2.357, 4.852, 4.732, 2.8, 3.088, 0.0, 0.0, 0.0, 0.0, 0.0, 0.0, 0.0, 0.0, 0.0, 0.0], "d proportion": [0.0, 0.0, 0.0, 0.0, 0.0, 0.0, 0.0, 0.0, 0.0, 0.0, 0.0, 0.0, 0.0, 0.0, 0.0, 0.0, 0.0, 0.0], "Fermi-level/eV": -8.7684, "Coordination numbers": [3.751, 3.707, 1.704, 2.636, 0.856, 1.704, 3.707, 3.751, 0.925, 0.925, 0.925, 0.924, 0.924, 0.924, 0.924, 0.925, 0.925, 0.925], "Dispersion coefficient C6": [22.808, 19.314, 18.459, 19.007, 22.889, 18.459, 19.314, 22.808, 2.164, 2.244, 2.164, 2.271, 2.271, 2.271, 2.271, 2.244, 2.164, 2.164], "Total dispersion C6": 2584.628752, "Total dispersion C8": 54476.355687, "Polarizability alpha": [6.811, 6.282, 5.801, 7.132, 6.414, 5.801, 6.282, 6.811, 2.301, 2.343, 2.301, 2.357, 2.357, 2.357, 2.357, 2.343, 2.301, 2.301], "Total polarizability alpha": 74.646956, "Wiberg matrix": [[0.0, 1.0197165219888966, 0.0, 0.0, 0.0, 0.0, 0.0, 0.0, 0.9846988867498139, 0.9831205899942558, 0.9846988894358631, 0.0, 0.0, 0.0, 0.0, 0.0, 0.0, 0.0], [1.0197165219888966, 0.0, 0.9305377454399606, 0.0, 0.0, 0.0, 0.0, 0.0, 0.0, 0.0, 0.0, 0.970260576149443, 0.9702606627988758, 0.0, 0.0, 0.0, 0.0, 0.0], [0.0, 0.9305377454399606, 0.0, 1.1078702187326173, 0.1484829146124842, 0.0, 0.0, 0.0, 0.0, 0.0, 0.0, 0.0, 0.0, 0.0, 0.0, 0.0, 0.0, 0.0], [0.0, 0.0, 1.1078702187326173, 0.0, 1.6680569578759346, 1.1078702188812002, 0.0, 0.0, 0.0, 0.0, 0.0, 0.0, 0.0, 0.0, 0.0, 0.0, 0.0, 0.0], [0.0, 0.0, 0.1484829146124842, 1.6680569578759346, 0.0, 0.14848291490958798, 0.0, 0.0, 0.0, 0.0, 0.0, 0.0, 0.0, 0.0, 0.0, 0.0, 0.0, 0.0], [0.0, 0.0, 0.0, 1.1078702188812002, 0.14848291490958798, 0.0, 0.9305377452260256, 0.0, 0.0, 0.0, 0.0, 0.0, 0.0, 0.0, 0.0, 0.0, 0.0, 0.0], [0.0, 0.0, 0.0, 0.0, 0.0, 0.9305377452260256, 0.0, 1.0197165230926906, 0.0, 0.0, 0.0, 0.0, 0.0, 0.9702606624154173, 0.9702605768193346, 0.0, 0.0, 0.0], [0.0, 0.0, 0.0, 0.0, 0.0, 0.0, 1.0197165230926906, 0.0, 0.0, 0.0, 0.0, 0.0, 0.0, 0.0, 0.0, 0.983120587810337, 0.9846988909038916, 0.9846988851657024], [0.9846988867498139, 0.0, 0.0, 0.0, 0.0, 0.0, 0.0, 0.0, 0.0, 0.0, 0.0, 0.0, 0.0, 0.0, 0.0, 0.0, 0.0, 0.0], [0.9831205899942558, 0.0, 0.0, 0.0, 0.0, 0.0, 0.0, 0.0, 0.0, 0.0, 0.0, 0.0, 0.0, 0.0, 0.0, 0.0, 0.0, 0.0], [0.9846988894358631, 0.0, 0.0, 0.0, 0.0, 0.0, 0.0, 0.0, 0.0, 0.0, 0.0, 0.0, 0.0, 0.0, 0.0, 0.0, 0.0, 0.0], [0.0, 0.970260576149443, 0.0, 0.0, 0.0, 0.0, 0.0, 0.0, 0.0, 0.0, 0.0, 0.0, 0.0, 0.0, 0.0, 0.0, 0.0, 0.0], [0.0, 0.9702606627988758, 0.0, 0.0, 0.0, 0.0, 0.0, 0.0, 0.0, 0.0, 0.0, 0.0, 0.0, 0.0, 0.0, 0.0, 0.0, 0.0], [0.0, 0.0, 0.0, 0.0, 0.0, 0.0, 0.9702606624154173, 0.0, 0.0, 0.0, 0.0, 0.0, 0.0, 0.0, 0.0, 0.0, 0.0, 0.0], [0.0, 0.0, 0.0, 0.0, 0.0, 0.0, 0.9702605768193346, 0.0, 0.0, 0.0, 0.0, 0.0, 0.0, 0.0, 0.0, 0.0, 0.0, 0.0], [0.0, 0.0, 0.0, 0.0, 0.0, 0.0, 0.0, 0.983120587810337, 0.0, 0.0, 0.0, 0.0, 0.0, 0.0, 0.0, 0.0, 0.0, 0.0], [0.0, 0.0, 0.0, 0.0, 0.0, 0.0, 0.0, 0.9846988909038916, 0.0, 0.0, 0.0, 0.0, 0.0, 0.0, 0.0, 0.0, 0.0, 0.0], [0.0, 0.0, 0.0, 0.0, 0.0, 0.0, 0.0, 0.9846988851657024, 0.0, 0.0, 0.0, 0.0, 0.0, 0.0, 0.0, 0.0, 0.0, 0.0]], "Born radii": [], "Atomic SASAs": [], "Solvent H bonds": [], "Total SASA": NaN, "Total FOD": 0.0,