{"total energy": -24.32936677, "HOMO-LUMO gap/eV": 3.60694696, "electronic energy": -24.79960961, "dipole": [-0.17237772, 0.12771419, -0.02844579], "partial charges": [-0.08661018, -0.02982649, 0.01257723, -0.03916273, -0.03202028, -0.04077975, 0.01665064, -0.1086357, -0.04328632, 0.03472241, 0.03773732, 0.03222821, 0.02767704, 0.0275, 0.02813551, 0.04235191, 0.0411166, 0.04622314, 0.03340144], "atomic dipole moments": [[0.02751456, 0.05830607, -0.00416009], [-0.08589522, -0.06225502, 0.00991151], [0.0443751, 0.00963221, -0.0042283], [0.00084758, 0.01153697, -0.00012579], [-0.00230165, 0.00125276, 0.00026926], [0.0060249, 0.00711302, -0.00252534], [-0.06498396, 0.06222657, -0.00299639], [0.04617091, -0.05160768, -0.00178446], [0.00365323, -0.01642847, 0.00171016], [0.14515432, 0.00863454, -0.01448538], [-0.07568716, 0.12590885, 0.00448636], [0.08525801, -0.11440223, -0.00401272], [0.09927946, -0.10777375, 0.00735998], [-0.04107866, -0.13889424, 0.02292372], [-0.14225296, -0.03426026, 0.01613357], [-0.09731776, -0.02321599, 0.07853289], [0.04954676, 0.11284724, 0.02872735], [-0.04749739, 0.00738157, -0.11845032], [0.03752894, 0.13856814, -0.02418076]], "atomic quadrupole moments": [[-0.27705289, -0.03239275, -0.34738421, 0.09101679, 0.02602012, 0.62443709], [-0.16395378, -0.01646478, -0.37039613, 0.06570513, 0.02268168, 0.53434991], [-0.14089822, 0.03854751, -0.2555855, 0.03465015, 0.09350059, 0.39648373], [-0.23509114, 0.01446707, -0.2360111, 0.05594596, 0.10090737, 0.47110224], [-0.25282706, 0.00520427, -0.24285396, 0.06118387, 0.10604462, 0.49568102], [-0.24405524, -0.00122253, -0.22813112, 0.05959842, 0.10183528, 0.47218636], [-0.22426065, -0.12573122, -0.17843834, 0.06685153, 0.09682023, 0.40269899], [0.05525049, -0.13106641, 0.06197784, 0.0095479, -0.02015656, -0.11722833], [-0.2403966, 0.01166629, -0.22064244, 0.05485903, 0.10527129, 0.46103904], [0.05050802, 0.00473555, 0.02033675, -0.01179378, -0.00299604, -0.07084477], [0.02869668, -0.02070489, 0.03655165, -0.00851862, -0.00094122, -0.06524833], [0.03976453, 0.00827077, 0.03906078, -0.01251149, -0.0048837, -0.07882531], [0.03560043, 0.00052929, 0.03381695, -0.00847364, -0.01460498, -0.06941738], [0.03909291, -0.00293926, 0.0317467, -0.00869504, -0.01441994, -0.0708396], [0.03472552, -0.00234647, 0.03412965, -0.00812542, -0.01459812, -0.06885518], [0.02143115, 0.01416257, -0.0216804, -0.06517883, -0.02772073, 0.00024925], [-0.00180262, 0.04275905, 0.0532815, 0.01691195, 0.02897795, -0.05147888], [-0.03267049, -0.00561212, -0.04001103, 0.03903836, 0.00420699, 0.07268152], [0.03746163, 0.00120827, 0.03186682, -0.00868433, -0.01465219, -0.06932845]], "number of molecular orbitals": 46, "number of electrons": 46, "number of unpaired electrons": 0, "orbital energies/eV": [-17.44944704, -16.9771606, -16.76255553, -16.39215223, -16.10724819, -15.63356228, -15.24328956, -14.75173295, -14.14061292, -13.7611454, -13.4366012, -13.42633752, -13.20115831, -12.76656717, -12.7556178, -12.67048165, -12.36782434, -11.92023362, -11.64174318, -11.35218964, -11.3041263, -10.68246684, -10.31397688, -6.70702992, -5.85017081, -4.55450078, -1.98890274, 2.70669692, 3.22765671, 3.4875197, 3.80396563, 4.59259587, 4.92415344, 5.24345896, 5.43898122, 6.01277701, 6.07922613, 6.71578592, 9.69735242, 11.03490707, 11.66022166, 12.62950732, 12.97773736, 16.07123077, 18.06277899, 18.72760496], "fractional occupation": [2.0, 2.0, 2.0, 2.0, 2.0, 2.0, 2.0, 2.0, 2.0, 2.0, 2.0, 2.0, 2.0, 2.0, 2.0, 2.0, 2.0, 2.0, 2.0, 2.0, 2.0, 2.0, 2.0, 0.0, 0.0, 0.0, 0.0, 0.0, 0.0, 0.0, 0.0, 0.0, 0.0, 0.0, 0.0, 0.0, 0.0, 0.0, 0.0, 0.0, 0.0, 0.0, 0.0, 0.0, 0.0, 0.0], "program call": "xtb /tmp/scratch/tmpg5agoyd9/435556_a65113_xyzopt.xyz --pop --wbo --acc 0.2 --gfn 2 --chrg 0 --uhf 0 --etemp 300 --input /tmp/scratch/tmpg5agoyd9/435556_a65113_xtb.inp", "method": "GFN2-xTB", "xtb version": "6.3.3 (7355c4f)", "Dipole module/D": 0.55, "Total charge": 0, "Transition dipole module/D": NaN, "HOMO": -10.314, "LUMO": -6.707, "HOMO occupancy": 2.0, "LUMO occupancy": 0, "mulliken charges": [-0.07452, -0.02411, 0.00984, -0.04122, -0.02497, -0.04412, 0.0177, -0.08981, -0.05011, 0.03292, 0.03168, 0.02758, 0.02927, 0.02857, 0.02855, 0.03615, 0.03525, 0.04045, 0.03092], "cm5 charges": [-0.17829, -0.08219, -0.0018, -0.09521, -0.08118, -0.09848, -0.00041, -0.23542, -0.10197, 0.08641, 0.08632, 0.08512, 0.08665, 0.08503, 0.0858, 0.08887, 0.08809, 0.09262, 0.09004], "FUKUI+": [-0.071, -0.043, -0.06, -0.031, -0.027, -0.064, -0.04, 0.025, -0.028, -0.097, -0.082, -0.08, -0.067, -0.074, -0.081, -0.04, -0.036, -0.044, -0.058], "FUKUI-": [-0.061, -0.034, -0.049, -0.051, -0.025, -0.06, -0.047, 0.023, -0.018, -0.084, -0.067, -0.067, -0.071, -0.071, -0.075, -0.059, -0.052, -0.079, -0.053], "FUKUIrad": [-0.066, -0.039, -0.055, -0.041, -0.026, -0.062, -0.044, 0.024, -0.023, -0.09, -0.075, -0.073, -0.069, -0.072, -0.078, -0.05, -0.044, -0.062, -0.056], "s proportion": [1.045, 1.063, 1.076, 1.06, 1.055, 1.058, 1.081, 1.005, 1.06, 0.967, 0.968, 0.972, 0.971, 0.971, 0.971, 0.964, 0.965, 0.96, 0.969], "p proportion": [3.029, 2.961, 2.914, 2.982, 2.97, 2.987, 2.901, 3.084, 2.99, 0.0, 0.0, 0.0, 0.0, 0.0, 0.0, 0.0, 0.0, 0.0, 0.0], "d proportion": [0.0, 0.0, 0.0, 0.0, 0.0, 0.0, 0.0, 0.0, 0.0, 0.0, 0.0, 0.0, 0.0, 0.0, 0.0, 0.0, 0.0, 0.0, 0.0], "Fermi-level/eV": -8.5105, "Coordination numbers": [2.837, 2.896, 2.969, 2.929, 2.916, 2.925, 2.964, 3.758, 2.93, 0.926, 0.926, 0.925, 0.926, 0.926, 0.926, 0.925, 0.925, 0.924, 0.926], "Dispersion coefficient C6": [30.161, 28.744, 27.73, 28.974, 28.798, 29.013, 27.636, 22.628, 29.075, 2.52, 2.479, 2.555, 2.62, 2.622, 2.613, 2.418, 2.434, 2.368, 2.538], "Total dispersion C6": 4030.172254, "Total dispersion C8": 96894.933443, "Polarizability alpha": [9.0, 8.79, 8.638, 8.827, 8.8, 8.833, 8.623, 6.782, 8.843, 2.482, 2.462, 2.5, 2.531, 2.532, 2.528, 2.432, 2.44, 2.406, 2.491], "Total polarizability alpha": 101.940579,