{"total energy": -25.42227078, "HOMO-LUMO gap/eV": 1.8847503, "electronic energy": -25.92246334, "dipole": [-0.51281916, -0.01302099, 0.02210844], "partial charges": [-0.01486395, -0.03355095, -0.01323791, 0.00853551, -0.06260374, -0.02583367, -0.06260696, 0.00854012, -0.01324452, -0.03355444, 0.03531129, 0.03213779, 0.0396776, 0.02015085, 0.02318456, 0.02014947, 0.03968169, 0.03212728], "atomic dipole moments": [[0.00913769, 0.00024013, -0.0003931], [0.01049065, 0.01250068, 0.00072819], [-0.01470535, -0.00559701, 0.00013003], [-0.01130084, 0.05921578, 0.00622832], [-0.00971538, 0.00402417, 0.0008309], [0.01232211, 0.00031713, -0.00053081], [-0.00951086, -0.00451901, -2.67e-06], [-0.00879129, -0.05972439, -0.00536195], [-0.01485868, 0.00487026, 0.00114677], [0.01101653, -0.01201459, -0.0016612], [-0.13888852, -0.0035073, 0.00598951], [-0.08708381, -0.10979146, -0.00662551], [0.03143941, -0.13668344, -0.01462026], [0.0547555, -0.14771282, -0.01674671], [0.15642795, 0.00399175, -0.00674193], [0.04853861, 0.15031017, 0.01229108], [0.02554077, 0.13814644, 0.01216536], [-0.0916122, 0.105263, 0.01433023]], "atomic quadrupole moments": [[-0.30292274, -0.0045511, -0.26346554, 0.03960518, -0.08078631, 0.56638828], [-0.24336651, -0.03044752, -0.26385885, 0.03165054, -0.07383663, 0.50722536], [-0.27324097, -0.00125048, -0.31611936, 0.03965126, -0.08830387, 0.58936032], [-0.2686375, 0.05890315, -0.11390147, 0.035651, -0.05121574, 0.38253898], [-0.20678141, -0.00763936, -0.19200987, 0.02716202, -0.0573079, 0.39879128], [-0.2442806, -0.00274847, -0.27168876, 0.03478237, -0.07673869, 0.51596936], [-0.20724066, 0.00171069, -0.19147137, 0.02808489, -0.05768179, 0.39871203], [-0.26320052, -0.07081836, -0.1204243, 0.02288669, -0.04593427, 0.38362482], [-0.27309643, -0.00429546, -0.31630312, 0.03935131, -0.08818426, 0.58939954], [-0.24572267, 0.02474595, -0.26102743, 0.03708282, -0.07607696, 0.5067501], [0.02837957, -0.00021177, 0.062643, -0.00553801, 0.0149999, -0.09102257], [0.04890827, -0.01679962, 0.04019429, -0.00798436, 0.01340033, -0.08910256], [0.0477348, 0.00564068, 0.03423267, -0.00542516, 0.01108146, -0.08196747], [0.01896508, -0.00542289, 0.03090081, -0.00370269, 0.00813176, -0.04986589], [0.03479073, 0.00069426, 0.01796267, -0.00396008, 0.00687275, -0.0527534], [0.01847786, 0.00543862, 0.03147145, -0.00263216, 0.00769119, -0.04994931], [0.04815964, -0.00387502, 0.03372696, -0.00636258, 0.01146609, -0.0818866], [0.04745505, 0.01828207, 0.04196805, -0.00453447, 0.01197559, -0.08942309]], "number of molecular orbitals": 48, "number of electrons": 48, "number of unpaired electrons": 0, "orbital energies/eV": [-17.55513533, -17.35142512, -17.09418617, -16.70383335, -16.41461221, -15.88149702, -15.51577998, -14.90856735, -14.66758214, -14.41999955, -14.12118623, -13.58788145, -13.33403783, -13.26913841, -12.50476548, -12.42747055, -12.32941825, -11.97793036, -11.90083738, -11.89894628, -11.75722274, -11.35779131, -10.55598572, -9.64373625, -7.75898595, -6.97647779, -4.04533212, -3.01140139, -2.4803673, 2.21990977, 2.6779657, 3.54540456, 3.94508504, 4.27472399, 4.9363311, 5.32861687, 5.68021042, 6.97690418, 8.0247926, 8.74302938, 9.28475779, 10.36618599, 13.65859672, 13.88028353, 15.2240997, 16.99794225, 18.58100237, 19.96768485], "fractional occupation": [2.0, 2.0, 2.0, 2.0, 2.0, 2.0, 2.0, 2.0, 2.0, 2.0, 2.0, 2.0, 2.0, 2.0, 2.0, 2.0, 2.0, 2.0, 2.0, 2.0, 2.0, 2.0, 2.0, 2.0, 0.0, 0.0, 0.0, 0.0, 0.0, 0.0, 0.0, 0.0, 0.0, 0.0, 0.0, 0.0, 0.0, 0.0, 0.0, 0.0, 0.0, 0.0, 0.0, 0.0, 0.0, 0.0, 0.0, 0.0], "program call": "xtb /tmp/scratch/tmpeesglxra/435907_1c36e8_xyzopt.xyz --pop --wbo --acc 0.2 --gfn 2 --chrg 0 --uhf 0 --etemp 300 --input /tmp/scratch/tmpeesglxra/435907_1c36e8_xtb.inp", "method": "GFN2-xTB", "xtb version": "6.3.3 (7355c4f)", "Dipole module/D": 1.305, "Total charge": 0, "Transition dipole module/D": NaN, "HOMO": -9.6437, "LUMO": -7.759, "HOMO occupancy": 2.0, "LUMO occupancy": 0, "mulliken charges": [-0.00381, -0.03932, 0.00045, 0.0012, -0.07893, -0.0119, -0.07893, 0.0012, 0.00045, -0.03933, 0.03194, 0.03155, 0.03558, 0.02802, 0.02668, 0.02802, 0.03558, 0.03155], "cm5 charges": [-0.06049, -0.09598, -0.0527, -0.0066, -0.13281, -0.0675, -0.13282, -0.0066, -0.05271, -0.09598, 0.08876, 0.08838, 0.09318, 0.0848, 0.08271, 0.0848, 0.09318, 0.08837], "FUKUI+": [-0.068, -0.019, -0.051, -0.047, -0.023, -0.059, -0.023, -0.047, -0.051, -0.019, -0.083, -0.072, -0.076, -0.068, -0.079, -0.068, -0.076, -0.072], "FUKUI-": [-0.023, -0.05, -0.023, -0.039, -0.075, -0.02, -0.075, -0.039, -0.023, -0.05, -0.068, -0.074, -0.063, -0.083, -0.078, -0.083, -0.063, -0.074], "FUKUIrad": [-0.046, -0.035, -0.037, -0.043, -0.049, -0.04, -0.049, -0.043, -0.037, -0.035, -0.076, -0.073, -0.069, -0.075, -0.078, -0.075, -0.069, -0.073], "s proportion": [1.065, 1.055, 1.069, 1.083, 1.051, 1.064, 1.051, 1.083, 1.069, 1.055, 0.968, 0.968, 0.964, 0.972, 0.973, 0.972, 0.964, 0.968], "p proportion": [2.939, 2.985, 2.93, 2.916, 3.028, 2.948, 3.028, 2.916, 2.93, 2.985, 0.0, 0.0, 0.0, 0.0, 0.0, 0.0, 0.0, 0.0], "d proportion": [0.0, 0.0, 0.0, 0.0, 0.0, 0.0, 0.0, 0.0, 0.0, 0.0, 0.0, 0.0, 0.0, 0.0, 0.0, 0.0, 0.0, 0.0], "Fermi-level/eV": -8.7014, "Coordination numbers": [2.893, 2.893, 2.896, 3.07, 3.014, 3.039, 3.014, 3.07, 2.896, 2.893, 0.925, 0.925, 0.925, 0.926, 0.926, 0.926, 0.925, 0.925], "Dispersion coefficient C6": [28.382, 28.834, 28.343, 27.757, 29.536, 28.609, 29.536, 27.757, 28.343, 28.834, 2.512, 2.556, 2.453, 2.731, 2.685, 2.731, 2.453, 2.556], "Total dispersion C6": 4397.618109, "Total dispersion C8": 110363.520803, "Polarizability alpha": [8.735, 8.804, 8.729, 8.639, 8.915, 8.773, 8.915, 8.639, 8.729, 8.804, 2.479, 2.5, 2.449, 2.584, 2.563, 2.584, 2.449, 2.5], "Total polarizability alpha": 107.788605, "Wiberg matrix": [[0.0, 1.4105095291772003, 0.0, 0.0, 0.0, 0.0, 0.0, 0.0, 0.0, 1.4104629012381005, 0.9678967790215215, 0.0, 0.0, 0.0, 0.0, 0.0, 0.0, 0.0], [1.4105095291772003, 0.0, 1.4332386384699038, 0.0, 0.0, 0.0, 0.0, 0.0, 0.0, 0.0, 0.0, 0.9670858457514768, 0.0, 0.0, 0.0, 0.0, 0.0, 0.0], [0.0, 1.4332386384699038, 0.0, 1.3575170353182135, 0.0, 0.0, 0.0, 0.0, 0.0, 0.0, 0.0, 0.0, 0.9606335401206698, 0.0, 0.0, 0.0, 0.0, 0.0], [0.0, 0.0, 1.3575170353182135, 0.0, 1.3582266150166484, 0.0, 0.0, 1.04537043749849, 0.0, 0.0, 0.0, 0.0, 0.0, 0.0, 0.0, 0.0, 0.0, 0.0], [0.0, 0.0, 0.0, 1.3582266150166484, 0.0, 1.4114606906581426, 0.0, 0.0, 0.0, 0.0, 0.0, 0.0, 0.0, 0.0, 0.0, 0.0, 0.0, 0.0], [0.0, 0.0, 0.0, 0.0, 1.4114606906581426, 0.0, 1.4114070267939614, 0.0, 0.0, 0.0, 0.0, 0.0, 0.0, 0.0, 0.0, 0.0, 0.0, 0.0], [0.0, 0.0, 0.0, 0.0, 0.0, 1.4114070267939614, 0.0, 1.358319438423243, 0.0, 0.0, 0.0, 0.0, 0.0, 0.0, 0.0, 0.0, 0.0, 0.0], [0.0, 0.0, 0.0, 1.04537043749849, 0.0, 0.0, 1.358319438423243, 0.0, 1.357473551257967, 0.0, 0.0, 0.0, 0.0, 0.0, 0.0, 0.0, 0.0, 0.0], [0.0, 0.0, 0.0, 0.0, 0.0, 0.0, 0.0, 1.357473551257967, 0.0, 1.433273860082704, 0.0, 0.0, 0.0, 0.9606343620905942, 0.0, 0.0, 0.0, 0.0], [1.4104629012381005, 0.0, 0.0, 0.0, 0.0, 0.0, 0.0, 0.0, 1.433273860082704, 0.0, 0.0, 0.0, 0.0, 0.0, 0.9670909254847054, 0.0, 0.0, 0.0], [0.9678967790215215, 0.0, 0.0, 0.0, 0.0, 0.0, 0.0, 0.0, 0.0, 0.0, 0.0, 0.0, 0.0, 0.0, 0.0, 0.0, 0.0, 0.0], [0.0, 0.9670858457514768, 0.0, 0.0, 0.0, 0.0, 0.0, 0.0, 0.0, 0.0, 0.0, 0.0, 0.0, 0.0, 0.0, 0.0, 0.0, 0.0], [0.0, 0.0, 0.9606335401206698, 0.0, 0.0, 0.0, 0.0, 0.0, 0.0, 0.0, 0.0, 0.0, 0.0, 0.0, 0.0, 0.0, 0.0, 0.0], [0.0, 0.0, 0.0, 0.0, 0.0, 0.0, 0.0, 0.0, 0.9606343620905942, 0.0, 0.0, 0.0, 0.0, 0.0, 0.0, 0.0, 0.0, 0.0], [0.0, 0.0, 0.0, 0.0, 0.0, 0.0, 0.0, 0.0, 0.0, 0.9670909254847054, 0.0, 0.0, 0.0, 0.0, 0.0, 0.0, 0.0, 0.0], [0.0, 0.0, 0.0, 0.0, 0.0, 0.0, 0.0, 0.0, 0.0, 0.0, 0.0, 0.0, 0.0, 0.0, 0.0, 0.0, 0.0, 0.0], [0.0, 0.0, 0.0, 0.0, 0.0, 0.0, 0.0, 0.0, 0.0, 0.0, 0.0, 0.0, 0.0, 0.0, 0.0, 0.0, 0.0, 0.0], [0.0, 0.0, 0.0, 0.0, 0.0, 0.0, 0.0, 0.0, 0.0, 0.0, 0.0, 0.0, 0.0, 0.0, 0.0, 0.0, 0.0, 0.0]], "Born radii": [], "Atomic SASAs": [], "Solvent H bonds": [], "Total SASA": NaN,