{"total energy": -26.49174286, "HOMO-LUMO gap/eV": 3.45374329, "electronic energy": -26.98687324, "dipole": [-0.26943274, -0.10588038, -0.01619048], "partial charges": [-0.03374515, -0.04227262, 0.00903401, -0.0373304, -0.03481064, -0.03332676, -0.04097432, 0.00981461, -0.05777233, -0.05173384, 0.02596255, 0.02752723, 0.02808576, 0.02665098, 0.02713901, 0.02539658, 0.04030696, 0.03554618, 0.04120543, 0.03529677], "atomic dipole moments": [[-0.08290793, -0.10967114, 0.00387103], [0.09156226, -0.0134782, -0.00836169], [-0.03447704, 0.01936315, 0.00067263], [-0.00509344, -0.0053738, 0.00011018], [-0.00091068, -0.00300131, -0.00030395], [-0.00399983, 0.00047512, -8.054e-05], [0.00333263, 0.00454726, -0.00039917], [-0.08571217, -0.01630131, -0.01542404], [-0.00218257, 0.07127597, 0.06369945], [0.08126111, 0.01396992, -0.04797063], [-0.11090113, 0.09848595, 0.01044475], [0.02865516, 0.1449572, 0.00095639], [0.02730693, 0.14114381, 0.03087101], [0.13722972, 0.04477222, 0.02805685], [0.11018713, -0.09752015, -0.00178402], [-0.02496607, -0.14092749, -0.03089311], [-0.02055627, 0.02339195, -0.1213982], [-0.01528939, -0.12375247, 0.01846602], [0.00313168, -0.04149082, 0.11932516], [-0.1156371, -0.020675, -0.04461342]], "atomic quadrupole moments": [[-0.41734387, 0.02187687, -0.09398558, 0.07461542, -0.00863428, 0.51132945], [-0.2677544, -0.11038944, -0.22461267, 0.05575055, 0.01070811, 0.49236708], [-0.16770123, -0.06088621, -0.1862519, -0.09682033, -0.12219679, 0.35395313], [-0.23068183, 0.01623882, -0.22818289, -0.10570817, -0.13383186, 0.45886472], [-0.24134876, 0.0191598, -0.22641354, -0.10450878, -0.13129864, 0.4677623], [-0.237878, 0.02384964, -0.23173286, -0.10682139, -0.1324414, 0.46961086], [-0.22774459, 0.03259269, -0.22307445, -0.1004126, -0.13074563, 0.45081903], [-0.09082134, 0.10188107, -0.27909423, -0.06019231, -0.11509562, 0.36991557], [0.18073902, -0.04957245, -0.06486181, -0.05797551, 0.12642356, -0.11587721], [-0.01588968, -0.04972537, 0.14107596, -0.12821157, 0.08276281, -0.12518628], [0.04387511, 0.00843525, 0.02794127, -0.00623625, 0.00509995, -0.07181639], [0.03692546, 0.00372496, 0.0329542, -0.0048152, -0.00113878, -0.06987966], [0.0339497, -0.00195887, 0.03163821, 0.0136945, 0.01883071, -0.0655879], [0.03212083, -0.00466263, 0.03509808, 0.0143408, 0.01918992, -0.06721892], [0.03378971, 0.00019213, 0.03324275, 0.01575264, 0.01940848, -0.06703246], [0.0334958, -0.00309743, 0.03217526, 0.01580733, 0.01918582, -0.06567107], [-0.01192057, -0.00836136, -0.04092033, 0.00626316, -0.02433169, 0.05284091], [-0.01804236, 0.00737336, 0.05414968, -0.01175446, -0.02099021, -0.03610732], [-0.04066011, -0.00346556, -0.01530737, 0.00644942, -0.01958175, 0.05596747], [0.04209076, 0.0037581, -0.02244736, 0.03283848, 0.02253009, -0.01964341]], "number of molecular orbitals": 50, "number of electrons": 50, "number of unpaired electrons": 0, "orbital energies/eV": [-17.49684031, -17.20106352, -16.79780634, -16.57487029, -16.39021203, -15.74051427, -15.51023208, -15.37766113, -14.4904774, -14.21376541, -13.90439685, -13.84389021, -13.29570114, -13.16376017, -12.94256941, -12.73473042, -12.63972533, -12.44171197, -12.36335938, -11.85728583, -11.49740342, -11.20762589, -11.10092648, -10.69379707, -10.05757017, -6.60382689, -5.83229164, -4.54419446, -1.98936656, 2.61401672, 2.84247467, 2.97269023, 3.44993537, 4.01506218, 4.1924358, 4.35573737, 4.8478038, 5.26625763, 5.55670979, 6.34930786, 6.56785091, 7.29501597, 9.73452619, 11.06792104, 11.83054332, 12.21921294, 13.18732721, 16.0378129, 18.22773738, 18.68246437], "fractional occupation": [2.0, 2.0, 2.0, 2.0, 2.0, 2.0, 2.0, 2.0, 2.0, 2.0, 2.0, 2.0, 2.0, 2.0, 2.0, 2.0, 2.0, 2.0, 2.0, 2.0, 2.0, 2.0, 2.0, 2.0, 2.0, 0.0, 0.0, 0.0, 0.0, 0.0, 0.0, 0.0, 0.0, 0.0, 0.0, 0.0, 0.0, 0.0, 0.0, 0.0, 0.0, 0.0, 0.0, 0.0, 0.0, 0.0, 0.0, 0.0, 0.0, 0.0], "program call": "xtb /tmp/scratch/tmp_4eons9t/436081_4d1446_xyzopt.xyz --pop --wbo --acc 0.2 --gfn 2 --chrg 0 --uhf 0 --etemp 300 --input /tmp/scratch/tmp_4eons9t/436081_4d1446_xtb.inp", "method": "GFN2-xTB", "xtb version": "6.3.3 (7355c4f)", "Dipole module/D": 0.737, "Total charge": 0, "Transition dipole module/D": NaN, "HOMO": -10.0576, "LUMO": -6.6038, "HOMO occupancy": 2.0, "LUMO occupancy": 0, "mulliken charges": [-0.03291, -0.04645, -0.00042, -0.0364, -0.03249, -0.02957, -0.04219, 0.00201, -0.04576, -0.04011, 0.02983, 0.03084, 0.02873, 0.02794, 0.0279, 0.02725, 0.036, 0.03002, 0.0364, 0.02936], "cm5 charges": [-0.09386, -0.10114, -0.00874, -0.08997, -0.08874, -0.08585, -0.0962, -0.01022, -0.14815, -0.14462, 0.08593, 0.0881, 0.08602, 0.08439, 0.08435, 0.08446, 0.09217, 0.08587, 0.09191, 0.08428], "FUKUI+": [-0.085, -0.04, -0.059, -0.03, -0.027, -0.064, -0.021, -0.041, 0.017, 0.02, -0.087, -0.076, -0.067, -0.073, -0.081, -0.069, -0.045, -0.052, -0.056, -0.062], "FUKUI-": [-0.058, -0.041, -0.046, -0.022, -0.037, -0.052, -0.015, -0.043, 0.014, 0.013, -0.077, -0.071, -0.059, -0.068, -0.071, -0.059, -0.082, -0.06, -0.095, -0.071], "FUKUIrad": [-0.072, -0.041, -0.052, -0.026, -0.032, -0.058, -0.018, -0.042, 0.015, 0.017, -0.082, -0.074, -0.063, -0.071, -0.076, -0.064, -0.063, -0.056, -0.076, -0.066], "s proportion": [1.067, 1.057, 1.075, 1.058, 1.054, 1.055, 1.056, 1.085, 1.026, 1.023, 0.97, 0.969, 0.971, 0.972, 0.972, 0.973, 0.964, 0.97, 0.964, 0.971], "p proportion": [2.966, 2.989, 2.926, 2.978, 2.979, 2.975, 2.986, 2.913, 3.02, 3.017, 0.0, 0.0, 0.0, 0.0, 0.0, 0.0, 0.0, 0.0, 0.0, 0.0], "d proportion": [0.0, 0.0, 0.0, 0.0, 0.0, 0.0, 0.0, 0.0, 0.0, 0.0, 0.0, 0.0, 0.0, 0.0, 0.0, 0.0, 0.0, 0.0, 0.0, 0.0], "Fermi-level/eV": -8.3307, "Coordination numbers": [2.9, 2.904, 2.985, 2.923, 2.918, 2.919, 2.921, 2.978, 3.811, 3.81, 0.926, 0.926, 0.926, 0.926, 0.926, 0.925, 0.924, 0.924, 0.924, 0.924], "Dispersion coefficient C6": [28.84, 29.049, 27.809, 28.928, 28.867, 28.83, 29.018, 27.793, 21.604, 21.494, 2.644, 2.622, 2.614, 2.634, 2.627, 2.653, 2.445, 2.509, 2.433, 2.512], "Total dispersion C6": 4632.901383, "Total dispersion C8": 112632.663634, "Polarizability alpha": [8.805, 8.838, 8.65, 8.82, 8.811, 8.805, 8.834, 8.648, 6.616, 6.599, 2.543, 2.532, 2.528, 2.538, 2.535, 2.547, 2.445, 2.477, 2.439, 2.479], "Total polarizability alpha": 108.488923,