{"total energy": -24.32987033, "HOMO-LUMO gap/eV": 3.53850599, "electronic energy": -24.80003366, "dipole": [0.2904799, 0.04497699, 0.00708717], "partial charges": [-0.10299738, -0.03168582, -0.04860509, 0.01408856, -0.03534039, -0.03044751, -0.03227565, -0.03025999, -0.03544537, 0.04572217, 0.03989576, 0.04575886, 0.03212124, 0.03107353, 0.02789578, 0.02700079, 0.02698797, 0.02705854, 0.02945398], "atomic dipole moments": [[-0.05995773, 0.01241024, -0.01681795], [0.13412597, 0.01863733, 0.00247568], [-0.09823303, -0.017641, 9.475e-05], [0.04009286, -0.00136807, 0.00655362], [0.00615655, 0.00933279, -0.00745802], [-0.00332982, 0.00261349, -0.00240112], [0.00226894, 0.00050992, -0.00033478], [-0.00300854, -0.00282675, 0.00208797], [0.00491345, -0.0081542, 0.01012838], [0.06968335, -0.01799506, -0.10428318], [0.01463541, -0.09996258, 0.07563998], [0.04799872, 0.10185863, 0.05841674], [-0.02646587, 0.11362386, -0.08808145], [0.03238471, -0.10732507, 0.08841445], [0.04740348, -0.09520658, 0.10009539], [-0.09353679, -0.0847099, 0.07487093], [-0.14493297, 0.01099614, -0.02598211], [-0.04875378, 0.09478954, -0.10032276], [0.08959082, 0.08447383, -0.07831504]], "atomic quadrupole moments": [[0.17148776, -0.0282896, -0.08806666, 0.05704896, -0.01489301, -0.0834211], [-0.15128533, -0.15578272, -0.06348265, 0.03031067, 0.42405475, 0.21476798], [-0.17737579, -0.10904699, -0.02527452, -0.01040859, 0.37555285, 0.20265032], [-0.14629943, -0.04820592, 0.07647145, -0.0120048, 0.34250362, 0.06982798], [-0.23665991, -0.03722806, 0.1174035, -0.03618279, 0.37270351, 0.11925641], [-0.26085195, -0.04198688, 0.12921057, -0.03690786, 0.38155012, 0.13164139], [-0.25899124, -0.03711135, 0.1302297, -0.04148737, 0.37640513, 0.12876154], [-0.25864893, -0.03476879, 0.1326163, -0.0446867, 0.38141642, 0.12603263], [-0.23829382, -0.03113257, 0.12929828, -0.0381915, 0.37802259, 0.10899554], [-0.00987357, -0.0153026, -0.04628913, -0.05258866, 0.01217084, 0.0561627], [-0.02704707, -0.00250943, 0.03355725, 0.00591899, -0.06709789, -0.00651018], [-0.02943004, 0.02975872, 0.0500684, 0.0246703, 0.04927133, -0.02063836], [0.03491604, 0.00706183, -0.00477243, 0.00804452, -0.048207, -0.03014361], [0.03852519, 0.00891985, -0.004558, 0.00687738, -0.05446067, -0.03396719], [0.03747538, 0.0066406, -0.01834058, 0.00494734, -0.05377494, -0.0191348], [0.03724533, 0.00328998, -0.01885716, 0.00788636, -0.0541663, -0.01838817], [0.03264466, 0.00605084, -0.01633179, 0.00455353, -0.05521267, -0.01631287], [0.0397568, 0.00704335, -0.02023369, 0.00429798, -0.05363509, -0.01952311], [0.04053253, 0.00451616, -0.02054069, 0.00737707, -0.05235631, -0.01999185]], "number of molecular orbitals": 46, "number of electrons": 46, "number of unpaired electrons": 0, "orbital energies/eV": [-17.3928721, -16.98228674, -16.650347, -16.54347884, -16.06569064, -15.52199402, -15.33795077, -14.73117089, -14.32328171, -13.62086144, -13.45419934, -13.28072265, -13.17634519, -12.90627288, -12.87555346, -12.66642808, -12.39291773, -11.86209096, -11.54158518, -11.37415891, -11.24655551, -10.85726487, -10.1582315, -6.61972552, -5.88996977, -4.49505183, -1.95505386, 2.63596387, 3.14107235, 3.4792958, 4.01944836, 4.79902443, 5.01995666, 5.29394267, 5.45172162, 5.86541037, 5.93546689, 6.83270344, 9.4148411, 11.16461888, 11.63753532, 12.46582212, 12.82443618, 16.13099775, 18.15892665, 18.95299352], "fractional occupation": [2.0, 2.0, 2.0, 2.0, 2.0, 2.0, 2.0, 2.0, 2.0, 2.0, 2.0, 2.0, 2.0, 2.0, 2.0, 2.0, 2.0, 2.0, 2.0, 2.0, 2.0, 2.0, 2.0, 0.0, 0.0, 0.0, 0.0, 0.0, 0.0, 0.0, 0.0, 0.0, 0.0, 0.0, 0.0, 0.0, 0.0, 0.0, 0.0, 0.0, 0.0, 0.0, 0.0, 0.0, 0.0, 0.0], "program call": "xtb /tmp/scratch/tmpguhrfi_7/436414_8f7071_xyzopt.xyz --pop --wbo --acc 0.2 --gfn 2 --chrg 0 --uhf 0 --etemp 300 --input /tmp/scratch/tmpguhrfi_7/436414_8f7071_xtb.inp", "method": "GFN2-xTB", "xtb version": "6.3.3 (7355c4f)", "Dipole module/D": 0.747, "Total charge": 0, "Transition dipole module/D": NaN, "HOMO": -10.1582, "LUMO": -6.6197, "HOMO occupancy": 2.0, "LUMO occupancy": 0, "mulliken charges": [-0.08062, -0.02366, -0.05161, 0.01224, -0.03795, -0.0273, -0.03202, -0.02706, -0.03859, 0.03849, 0.0331, 0.03865, 0.02693, 0.02699, 0.02874, 0.0281, 0.02828, 0.0279, 0.02938], "cm5 charges": [-0.22832, -0.08832, -0.1074, 0.00057, -0.09193, -0.08361, -0.08843, -0.0834, -0.09254, 0.09017, 0.08583, 0.09029, 0.08444, 0.08536, 0.08614, 0.08453, 0.08469, 0.08435, 0.08756], "FUKUI+": [0.032, -0.09, -0.035, -0.061, -0.03, -0.028, -0.066, -0.025, -0.031, -0.061, -0.043, -0.061, -0.07, -0.074, -0.067, -0.074, -0.083, -0.072, -0.06], "FUKUI-": [0.024, -0.067, -0.045, -0.047, -0.032, -0.027, -0.061, -0.026, -0.03, -0.091, -0.053, -0.092, -0.065, -0.068, -0.06, -0.067, -0.074, -0.065, -0.052], "FUKUIrad": [0.028, -0.079, -0.04, -0.054, -0.031, -0.027, -0.063, -0.026, -0.03, -0.076, -0.048, -0.076, -0.068, -0.071, -0.063, -0.07, -0.079, -0.069, -0.056], "s proportion": [1.003, 1.065, 1.06, 1.076, 1.06, 1.055, 1.056, 1.055, 1.058, 0.962, 0.967, 0.961, 0.973, 0.973, 0.971, 0.972, 0.972, 0.972, 0.971], "p proportion": [3.078, 2.959, 2.991, 2.912, 2.977, 2.972, 2.976, 2.972, 2.981, 0.0, 0.0, 0.0, 0.0, 0.0, 0.0, 0.0, 0.0, 0.0, 0.0], "d proportion": [0.0, 0.0, 0.0, 0.0, 0.0, 0.0, 0.0, 0.0, 0.0, 0.0, 0.0, 0.0, 0.0, 0.0, 0.0, 0.0, 0.0, 0.0, 0.0], "Fermi-level/eV": -8.389, "Coordination numbers": [3.756, 2.888, 2.9, 2.97, 2.929, 2.917, 2.92, 2.918, 2.924, 0.924, 0.925, 0.924, 0.926, 0.925, 0.925, 0.926, 0.926, 0.926, 0.926], "Dispersion coefficient C6": [22.522, 28.788, 29.206, 27.695, 28.88, 28.76, 28.805, 28.755, 28.882, 2.374, 2.45, 2.374, 2.556, 2.571, 2.616, 2.629, 2.629, 2.628, 2.594], "Total dispersion C6": 4034.966881, "Total dispersion C8": 96926.749456, "Polarizability alpha": [6.767, 8.797, 8.861, 8.632, 8.813, 8.794, 8.801, 8.794, 8.813, 2.41, 2.448, 2.409, 2.5, 2.508, 2.529, 2.536, 2.536, 2.535, 2.519], "Total polarizability alpha": 102.001017,