{"total energy": -22.10817316, "HOMO-LUMO gap/eV": 5.07414507, "electronic energy": -22.47224394, "dipole": [-0.03101314, -0.02632304, -0.07551827], "partial charges": [-0.09966354, -0.05223437, -0.00385941, -0.05827251, -0.09778007, -0.05554964, -0.09721967, 0.03818366, 0.03819309, 0.03655202, 0.02182624, 0.03483355, 0.03013009, 0.03375092, 0.03312728, 0.03257386, 0.03381388, 0.03281132, 0.03097631, 0.03196449, 0.03584249], "atomic dipole moments": [[0.03634867, -0.04098518, 0.02286849], [-0.07668333, 0.1216707, -0.00799293], [0.04545985, -0.14002919, -0.07407433], [0.05344507, 0.06120944, -0.06167826], [-0.08924664, -0.0153618, 0.03264212], [-0.07018232, -0.02509538, 0.07018663], [0.08480484, 0.04291133, -0.00965188], [-0.0395865, -0.01766413, -0.11812771], [-0.10204983, 0.00745215, 0.072924], [0.05667613, 0.11152559, 0.00709715], [0.05519623, 0.02045214, 0.12914019], [-0.03415929, -0.1157147, -0.02624224], [-0.00136907, 0.01465718, 0.12266714], [0.03886371, 0.11506848, 0.02797928], [0.00745316, -0.01287601, -0.12258648], [0.07648789, -0.08223959, 0.05207629], [0.08005699, -0.07645272, -0.05346404], [-0.01174537, 0.09857931, -0.07402648], [-0.03950936, -0.03394885, -0.11219677], [0.00912175, -0.10153369, 0.07049701], [-0.08501508, 0.07465132, 0.05273789]], "atomic quadrupole moments": [[0.00195892, -0.1197971, 0.05086384, 0.0518415, -0.04934026, -0.05282276], [0.26454597, 0.20001457, -0.09573185, -0.16396144, -0.2838443, -0.16881412], [0.22545318, 0.25103862, -0.20503443, -0.08507357, -0.23895383, -0.02041875], [0.16632445, -0.0705656, -0.06696323, -0.03538974, -0.07393053, -0.09936122], [0.19623817, 0.04443727, -0.11664127, -0.1076187, -0.01986977, -0.07959691], [0.08479261, 0.1371191, -0.09197256, 0.05459704, 0.04692527, 0.00717995], [0.15850771, 0.1509509, -0.04398921, -0.01905921, -0.01004979, -0.1145185], [-0.04234524, -0.00404764, -0.0249873, 0.03278819, 0.03242681, 0.06733254], [0.03922305, -0.00440496, -0.04676523, -0.0627323, -0.00639682, 0.00754217], [-0.00771365, 0.0558796, 0.0534269, 0.01531099, 0.001465, -0.04571325], [-0.03568015, -0.0416667, 0.01917159, 0.03325504, 0.02660424, 0.01650856], [-0.01740331, 0.02168534, 0.04431093, 0.01192207, 0.02478388, -0.02690762], [-0.01839378, -0.0120756, -0.0357833, 0.00186782, 0.01826614, 0.05417708], [-0.02612971, 0.03095506, 0.06403699, -0.00203644, 0.03510379, -0.03790728], [-0.03180018, 0.00600676, -0.05022736, 0.00396545, 0.0177795, 0.08202754], [0.00542195, -0.04646154, 0.01441886, 0.02568718, -0.0489021, -0.01984081], [0.01190404, -0.03954272, 0.0032963, -0.01249982, 0.02592352, -0.01520034], [-0.02944775, -0.00535204, 0.03877989, 0.0160468, -0.03343745, -0.00933214], [-0.02698561, 0.01810351, -0.04337049, 0.02612686, 0.02738988, 0.0703561], [-0.02726303, -0.01302192, 0.03637921, 0.01351324, -0.06329152, -0.00911618], [0.01333502, -0.04380737, 0.01837652, -0.03572413, 0.03647479, -0.03171154]], "number of molecular orbitals": 42, "number of electrons": 42, "number of unpaired electrons": 0, "orbital energies/eV": [-16.9708971, -16.48944609, -16.38646744, -15.89551718, -15.40406057, -15.22568044, -14.27266034, -13.89830974, -13.69545165, -13.31089851, -13.03925904, -12.99500096, -12.82268952, -12.55643199, -12.35254082, -12.32513851, -11.93029522, -11.69899962, -11.40945606, -11.14200021, -10.12598339, -5.05183832, 2.42413222, 2.71968843, 3.57098165, 3.74019557, 3.78722118, 3.99670609, 4.78100602, 4.99072658, 5.23228668, 5.33894754, 5.49768844, 5.73059955, 6.18520474, 6.3762502, 7.07090161, 7.59403151, 7.89367117, 8.25006886, 11.03521281, 17.98722257], "fractional occupation": [2.0, 2.0, 2.0, 2.0, 2.0, 2.0, 2.0, 2.0, 2.0, 2.0, 2.0, 2.0, 2.0, 2.0, 2.0, 2.0, 2.0, 2.0, 2.0, 2.0, 2.0, 0.0, 0.0, 0.0, 0.0, 0.0, 0.0, 0.0, 0.0, 0.0, 0.0, 0.0, 0.0, 0.0, 0.0, 0.0, 0.0, 0.0, 0.0, 0.0, 0.0, 0.0], "program call": "xtb /tmp/scratch/tmpqo_sxbew/436620_9743f0_xyzopt.xyz --pop --wbo --acc 0.2 --gfn 2 --chrg 0 --uhf 0 --etemp 300 --input /tmp/scratch/tmpqo_sxbew/436620_9743f0_xtb.inp", "method": "GFN2-xTB", "xtb version": "6.3.3 (7355c4f)", "Dipole module/D": 0.218, "Total charge": 0, "Transition dipole module/D": NaN, "HOMO": -10.126, "LUMO": -5.0518, "HOMO occupancy": 2.0, "LUMO occupancy": 0, "mulliken charges": [-0.0794, -0.0579, -0.01283, -0.0415, -0.08174, -0.04342, -0.08093, 0.03057, 0.03425, 0.03307, 0.02384, 0.02679, 0.02647, 0.02826, 0.02779, 0.02843, 0.0259, 0.02802, 0.02799, 0.0279, 0.02843], "cm5 charges": [-0.22749, -0.12032, -0.03596, -0.14936, -0.23353, -0.15147, -0.23272, 0.08436, 0.08597, 0.08475, 0.08113, 0.08286, 0.08244, 0.08081, 0.08043, 0.08, 0.08246, 0.08431, 0.07953, 0.08047, 0.08136], "FUKUI+": [0.044, -0.14, -0.156, 0.022, 0.014, 0.021, 0.015, -0.06, -0.087, -0.084, -0.119, -0.069, -0.051, -0.025, -0.032, -0.057, -0.066, -0.056, -0.058, -0.032, -0.024], "FUKUI-": [0.027, -0.081, -0.08, 0.005, 0.005, 0.008, 0.006, -0.06, -0.112, -0.109, -0.084, -0.07, -0.058, -0.036, -0.041, -0.063, -0.061, -0.062, -0.063, -0.042, -0.031], "FUKUIrad": [0.036, -0.111, -0.118, 0.014, 0.009, 0.014, 0.01, -0.06, -0.099, -0.097, -0.102, -0.069, -0.054, -0.03, -0.036, -0.06, -0.063, -0.059, -0.06, -0.037, -0.027], "s proportion": [1.0, 1.059, 1.09, 1.027, 1.006, 1.024, 1.006, 0.969, 0.966, 0.967, 0.976, 0.973, 0.974, 0.972, 0.972, 0.972, 0.974, 0.972, 0.972, 0.972, 0.972], "p proportion": [3.079, 2.999, 2.923, 3.015, 3.076, 3.019, 3.075, 0.0, 0.0, 0.0, 0.0, 0.0, 0.0, 0.0, 0.0, 0.0, 0.0, 0.0, 0.0, 0.0, 0.0], "d proportion": [0.0, 0.0, 0.0, 0.0, 0.0, 0.0, 0.0, 0.0, 0.0, 0.0, 0.0, 0.0, 0.0, 0.0, 0.0, 0.0, 0.0, 0.0, 0.0, 0.0, 0.0], "Fermi-level/eV": -7.5889, "Coordination numbers": [3.754, 2.894, 2.943, 3.808, 3.753, 3.805, 3.753, 0.925, 0.924, 0.924, 0.925, 0.924, 0.924, 0.925, 0.925, 0.925, 0.924, 0.924, 0.925, 0.925, 0.925], "Dispersion coefficient C6": [22.461, 29.296, 28.12, 21.616, 22.426, 21.568, 22.415, 2.473, 2.473, 2.495, 2.706, 2.519, 2.585, 2.534, 2.542, 2.55, 2.533, 2.547, 2.573, 2.559, 2.505], "Total dispersion C6": 3186.793059, "Total dispersion C8": 68237.034149, "Polarizability alpha": [6.758, 8.874, 8.697, 6.618, 6.753, 6.611, 6.751, 2.459, 2.459, 2.47, 2.572, 2.482, 2.514, 2.489, 2.493, 2.497, 2.489, 2.496, 2.508, 2.501, 2.475], "Total polarizability alpha": 85.969855,