{"total energy": -26.49607913, "HOMO-LUMO gap/eV": 3.55573592, "electronic energy": -26.99462433, "dipole": [0.49678134, -0.2724055, 0.11124933], "partial charges": [-0.10671122, 0.00818142, -0.05828966, 0.003531, -0.03827358, -0.03478324, -0.03632193, -0.03941232, 4.147e-05, -0.06990383, 0.04231043, 0.04540257, 0.04540256, 0.02543933, 0.02639548, 0.02530195, 0.02540644, 0.02377922, 0.05625199, 0.05625192], "atomic dipole moments": [[-0.05729444, -0.00249169, -0.0035977], [0.07482578, -0.11520718, 0.03695406], [-0.0666341, 0.02881776, -0.01281992], [0.03443539, 0.00544474, 0.00108741], [-0.00225337, 0.00040846, -0.00027942], [0.00383642, -0.00399597, 0.00137438], [0.00936, 0.00039241, 0.00059172], [-0.00872797, -0.00271908, 8.897e-05], [0.09205996, -0.0207179, 0.01251188], [-0.01884064, 0.06309756, -0.01858681], [0.04781479, 0.11444625, -0.0275937], [0.03728641, -0.03167436, 0.11766001], [0.05197587, -0.08526524, -0.07915662], [0.04904524, 0.14611559, -0.03612509], [0.00161314, 0.14415917, -0.03913247], [-0.12497044, 0.07021841, -0.02844649], [-0.12923761, -0.06837354, 0.00897202], [-0.00744375, -0.14333502, 0.0384729], [0.0331381, -0.1027346, -0.08206998], [0.01758305, -0.04598469, 0.12634977]], "atomic quadrupole moments": [[0.17335433, -0.00809631, -0.08111654, 0.02224046, -0.00441153, -0.09223778], [-0.06122558, 0.15660978, -0.26765283, -0.07603745, 0.18972861, 0.32887841], [-0.14696427, 0.08198919, -0.242621, -0.06668342, 0.19399987, 0.38958526], [-0.14585036, 0.02325202, -0.1756361, -0.04448686, 0.14905063, 0.32148646], [-0.24909502, -0.02516571, -0.20213806, -0.04957684, 0.19121123, 0.45123308], [-0.24044149, -0.02140411, -0.20996371, -0.04994349, 0.19358048, 0.4504052], [-0.23313609, -0.01323393, -0.21022012, -0.05107635, 0.19226631, 0.44335621], [-0.25659189, -0.01494473, -0.19437822, -0.05288842, 0.18974829, 0.45097011], [-0.1053632, -0.08329293, -0.20564988, -0.01141568, 0.1454833, 0.31101308], [0.1083223, 0.00280322, 0.09181093, 0.02414326, -0.08616218, -0.20013323], [-0.01626605, 0.03487667, 0.06516634, -0.00647524, -0.03059257, -0.04890028], [-0.03145641, -0.001655, -0.04045674, 0.02391899, -0.0359777, 0.07191315], [-0.02344595, -0.02433833, 0.01843434, -0.02724902, 0.06305506, 0.0050116], [0.0119745, 0.00425662, 0.03082953, 0.00338275, -0.02138618, -0.04280403], [0.02974197, 0.00356021, 0.02899035, 0.00618934, -0.02564745, -0.05873232], [0.03510466, 0.00428327, 0.031072, 0.00700894, -0.0284087, -0.06617666], [0.03451902, -1.657e-05, 0.03126282, 0.00811906, -0.02871965, -0.06578184], [0.03001953, -0.00019218, 0.02949769, 0.00731097, -0.02635459, -0.05951723], [-0.01996076, -0.01387234, 0.01515923, -0.01747161, 0.05444258, 0.00480153], [-0.02468555, 0.00164007, -0.03513936, 0.01212915, -0.03042932, 0.05982491]], "number of molecular orbitals": 50, "number of electrons": 50, "number of unpaired electrons": 0, "orbital energies/eV": [-17.58105107, -17.18209385, -16.63330738, -16.59816381, -16.16156796, -16.02428157, -15.21078304, -15.13282039, -14.71207746, -14.06270386, -13.89673865, -13.53034583, -13.41168435, -13.05342549, -13.05075314, -12.69947978, -12.60041348, -12.49116861, -12.10394994, -11.86297144, -11.38332969, -11.37346012, -11.15457209, -10.60686326, -9.95194464, -6.39620872, -5.742365, -4.4704606, -1.85423094, 2.31136184, 2.68824516, 3.25362438, 3.96767083, 4.24177117, 4.56208738, 4.98833305, 5.2657945, 5.53620471, 5.826445, 6.10260029, 6.38541353, 6.62824522, 9.42852325, 10.49380267, 12.04756612, 12.51526997, 13.23668573, 16.39013767, 17.91582845, 19.80334615], "fractional occupation": [2.0, 2.0, 2.0, 2.0, 2.0, 2.0, 2.0, 2.0, 2.0, 2.0, 2.0, 2.0, 2.0, 2.0, 2.0, 2.0, 2.0, 2.0, 2.0, 2.0, 2.0, 2.0, 2.0, 2.0, 2.0, 0.0, 0.0, 0.0, 0.0, 0.0, 0.0, 0.0, 0.0, 0.0, 0.0, 0.0, 0.0, 0.0, 0.0, 0.0, 0.0, 0.0, 0.0, 0.0, 0.0, 0.0, 0.0, 0.0, 0.0, 0.0], "program call": "xtb /tmp/scratch/tmpvkh3j25k/437628_fd0a51_xyzopt.xyz --pop --wbo --acc 0.2 --gfn 2 --chrg 0 --uhf 0 --etemp 300 --input /tmp/scratch/tmpvkh3j25k/437628_fd0a51_xtb.inp", "method": "GFN2-xTB", "xtb version": "6.3.3 (7355c4f)", "Dipole module/D": 1.468, "Total charge": 0, "Transition dipole module/D": NaN, "HOMO": -9.9519, "LUMO": -6.3962, "HOMO occupancy": 2.0, "LUMO occupancy": 0, "mulliken charges": [-0.08614, 0.00761, -0.06912, 0.00221, -0.03952, -0.03198, -0.03468, -0.03936, -0.00601, -0.05424, 0.0377, 0.0389, 0.0389, 0.03201, 0.02847, 0.02651, 0.02654, 0.02623, 0.04798, 0.04798], "cm5 charges": [-0.23125, -0.0135, -0.1212, -0.00517, -0.09273, -0.08812, -0.09088, -0.09288, -0.01695, -0.15108, 0.0905, 0.09109, 0.09109, 0.08906, 0.08529, 0.08297, 0.08301, 0.083, 0.10387, 0.10387], "FUKUI+": [0.032, -0.1, -0.037, -0.057, -0.035, -0.025, -0.062, -0.025, -0.033, 0.024, -0.046, -0.058, -0.058, -0.077, -0.07, -0.073, -0.081, -0.069, -0.076, -0.076], "FUKUI-": [0.026, -0.076, -0.05, -0.045, -0.037, -0.026, -0.061, -0.023, -0.038, 0.017, -0.053, -0.082, -0.082, -0.073, -0.065, -0.068, -0.075, -0.064, -0.062, -0.062], "FUKUIrad": [0.029, -0.088, -0.044, -0.051, -0.036, -0.025, -0.061, -0.024, -0.036, 0.02, -0.049, -0.07, -0.07, -0.075, -0.068, -0.07, -0.078, -0.066, -0.069, -0.069], "s proportion": [1.002, 1.095, 1.057, 1.078, 1.054, 1.054, 1.054, 1.053, 1.084, 1.026, 0.962, 0.961, 0.961, 0.968, 0.972, 0.973, 0.973, 0.974, 0.952, 0.952], "p proportion": [3.084, 2.898, 3.012, 2.92, 2.986, 2.978, 2.981, 2.986, 2.922, 3.029, 0.0, 0.0, 0.0, 0.0, 0.0, 0.0, 0.0, 0.0, 0.0, 0.0], "d proportion": [0.0, 0.0, 0.0, 0.0, 0.0, 0.0, 0.0, 0.0, 0.0, 0.0, 0.0, 0.0, 0.0, 0.0, 0.0, 0.0, 0.0, 0.0, 0.0, 0.0], "Fermi-level/eV": -8.1741, "Coordination numbers": [3.754, 3.031, 2.973, 3.065, 2.914, 2.921, 2.922, 2.914, 3.053, 3.866, 0.925, 0.924, 0.924, 0.926, 0.926, 0.926, 0.926, 0.926, 0.924, 0.924], "Dispersion coefficient C6": [22.597, 27.805, 29.444, 27.879, 28.951, 28.866, 28.904, 28.979, 27.977, 21.792, 2.418, 2.378, 2.378, 2.652, 2.638, 2.654, 2.653, 2.676, 2.243, 2.243], "Total dispersion C6": 4613.933694, "Total dispersion C8": 112442.725134, "Polarizability alpha": [6.778, 8.649, 8.901, 8.658, 8.823, 8.811, 8.816, 8.827, 8.675, 6.638, 2.432, 2.412, 2.412, 2.547, 2.54, 2.548, 2.547, 2.558, 2.342, 2.342], "Total polarizability alpha": 108.256051,