{"total energy": -26.06523434, "HOMO-LUMO gap/eV": 3.74809854, "electronic energy": -26.39175481, "dipole": [-0.041089, -0.6613961, -0.24396931], "partial charges": [-0.11693593, -0.01434984, -0.03063057, -0.1110267, 0.35008695, -0.42538587, -0.26411711, 0.03633027, 0.08076026, 0.05774304, 0.05399887, 0.04365435, 0.04471474, 0.05740099, 0.05622241, 0.06297834, 0.05937351, 0.05918229], "atomic dipole moments": [[0.01047386, -0.08484575, -0.02184969], [-0.05037544, 0.09466285, 0.02084821], [0.13182751, -0.04412148, 0.0026198], [-0.01625265, 0.08482548, 0.02347885], [0.17352285, -0.03782877, 0.00192648], [0.00031022, -0.18812547, -0.06463438], [0.02083544, 0.23118423, 0.08171726], [-0.21616012, -0.11165069, -0.05737462], [0.10118077, 0.0810453, 0.02779432], [-0.07809429, -0.00582968, 0.10144697], [-0.06894785, 0.04656275, -0.09616672], [-0.09769129, -0.09115476, -0.03910668], [-0.10507176, -0.05968178, -0.02900431], [0.08121892, -0.0031849, -0.09916559], [0.06014001, -0.06101684, 0.09529273], [0.09020326, -0.08444677, -0.02246184], [0.00663242, 0.10523263, -0.07240916], [-0.00938136, 0.03618659, 0.12226283]], "atomic quadrupole moments": [[-0.06273943, -0.1065162, 0.13840372, -0.02625699, 0.0582728, -0.07566429], [-0.42689545, 0.00598062, -0.08152022, -0.1234545, -0.19484693, 0.50841567], [-0.30784261, 0.11931237, -0.01076753, -0.04816693, -0.08943256, 0.31861014], [-0.06281942, -0.05842325, 0.17380845, -0.00901335, 0.08543451, -0.11098904], [-0.14049282, -0.15557718, -0.20901672, -0.10247693, -0.24295562, 0.34950954], [-0.10248358, -0.00960337, -0.04889571, -0.02610339, -0.08067885, 0.15137928], [0.06546643, 0.03787165, 0.01034952, 0.0267862, 0.038054, -0.07581595], [0.35419211, 0.30623903, -0.11243172, 0.16177313, 0.08676513, -0.24176038], [0.04263362, 0.03897111, 0.00516667, 0.01690903, 0.01618162, -0.04780029], [-0.0014164, 0.0110601, -0.03827376, -0.06638774, -0.0056691, 0.03969016], [-0.01614553, -0.02015607, -0.01728526, 0.0609842, -0.03322224, 0.0334308], [0.04558708, -0.00880414, 0.02372151, 0.01413521, 0.02842096, -0.06930859], [0.05706129, 0.04288587, -0.00491009, 0.02564203, 0.02120097, -0.0521512], [0.00019106, 0.00903069, -0.03445062, -0.06233359, -0.0006009, 0.03425956], [-0.02402768, -0.01944126, -0.01154314, 0.04824325, -0.03869612, 0.03557082], [0.04609231, -0.04905042, 0.00724197, -0.00856467, 0.01969624, -0.05333427], [-0.01871572, 0.02145715, 0.01972208, 0.00951302, -0.05155138, -0.00100637], [-0.01699305, 0.0182766, -0.04116554, -0.00409133, 0.02394381, 0.05815859]], "number of molecular orbitals": 42, "number of electrons": 46, "number of unpaired electrons": 0, "orbital energies/eV": [-20.00056073, -19.18664828, -18.22704678, -17.40174025, -16.58313862, -16.39513687, -16.09624808, -15.75223092, -15.735555, -15.04455947, -14.42025521, -13.89917208, -13.77111389, -13.41025908, -13.33778532, -13.05202427, -12.98384658, -12.76555255, -12.32409893, -12.21259656, -12.00170317, -10.91591139, -10.87122124, -7.12312269, -4.20645715, 0.71593442, 2.33675027, 3.01161532, 3.71176479, 4.53199628, 4.5816232, 5.05848786, 5.16789834, 5.34682071, 5.92473505, 6.11224684, 6.33641822, 6.69362668, 7.57979626, 10.87952744, 14.86653448, 19.25452867], "fractional occupation": [2.0, 2.0, 2.0, 2.0, 2.0, 2.0, 2.0, 2.0, 2.0, 2.0, 2.0, 2.0, 2.0, 2.0, 2.0, 2.0, 2.0, 2.0, 2.0, 2.0, 2.0, 2.0, 2.0, 0.0, 0.0, 0.0, 0.0, 0.0, 0.0, 0.0, 0.0, 0.0, 0.0, 0.0, 0.0, 0.0, 0.0, 0.0, 0.0, 0.0, 0.0, 0.0], "program call": "xtb /tmp/scratch/tmpqe5r6ho_/439760_3a05a4_xyzopt.xyz --pop --wbo --acc 0.2 --gfn 2 --chrg 0 --uhf 0 --etemp 300 --input /tmp/scratch/tmpqe5r6ho_/439760_3a05a4_xtb.inp", "method": "GFN2-xTB", "xtb version": "6.3.3 (7355c4f)", "Dipole module/D": 1.795, "Total charge": 0, "Transition dipole module/D": NaN, "HOMO": -10.8712, "LUMO": -7.1231, "HOMO occupancy": 2.0, "LUMO occupancy": 0, "mulliken charges": [-0.08885, 0.00529, -0.04854, -0.07886, 0.569, -0.54089, -0.41721, 0.177, 0.06626, 0.04456, 0.04075, 0.03028, 0.03149, 0.04589, 0.04515, 0.03433, 0.04228, 0.04207], "cm5 charges": [-0.23574, -0.05531, -0.0607, -0.22289, 0.62651, -0.59726, -0.50913, 0.05681, 0.1292, 0.09668, 0.0928, 0.08741, 0.08477, 0.10186, 0.1009, 0.09527, 0.10457, 0.10425], "FUKUI+": [0.036, -0.107, -0.069, 0.034, -0.081, -0.172, -0.085, 0.034, -0.035, -0.079, -0.077, -0.104, -0.052, -0.057, -0.057, -0.055, -0.037, -0.038], "FUKUI-": [0.013, -0.04, -0.066, 0.024, -0.009, -0.134, -0.072, 0.025, -0.065, -0.102, -0.096, -0.09, -0.065, -0.086, -0.086, -0.056, -0.047, -0.048], "FUKUIrad": [0.024, -0.073, -0.067, 0.029, -0.045, -0.153, -0.078, 0.03, -0.05, -0.09, -0.087, -0.097, -0.059, -0.072, -0.071, -0.055, -0.042, -0.043], "s proportion": [1.004, 1.077, 1.087, 1.004, 0.977, 1.723, 1.687, 0.971, 0.934, 0.955, 0.959, 0.97, 0.969, 0.954, 0.955, 0.966, 0.958, 0.958], "p proportion": [3.085, 2.918, 2.962, 3.075, 2.454, 4.818, 4.73, 2.852, 0.0, 0.0, 0.0, 0.0, 0.0, 0.0, 0.0, 0.0, 0.0, 0.0], "d proportion": [0.0, 0.0, 0.0, 0.0, 0.0, 0.0, 0.0, 0.0, 0.0, 0.0, 0.0, 0.0, 0.0, 0.0, 0.0, 0.0, 0.0, 0.0], "Fermi-level/eV": -8.9972, "Coordination numbers": [3.754, 2.895, 2.94, 3.76, 2.73, 0.856, 1.705, 3.657, 0.925, 0.924, 0.925, 0.925, 0.925, 0.925, 0.925, 0.925, 0.924, 0.924], "Dispersion coefficient C6": [22.797, 28.369, 28.764, 22.672, 21.055, 22.195, 18.378, 20.248, 1.971, 2.226, 2.271, 2.401, 2.387, 2.23, 2.244, 2.164, 2.206, 2.209], "Total dispersion C6": 2819.574708, "Total dispersion C8": 62171.700856, "Polarizability alpha": [6.808, 8.733, 8.796, 6.788, 7.512, 6.316, 5.788, 6.459, 2.196, 2.333, 2.356, 2.423, 2.416, 2.335, 2.342, 2.301, 2.323, 2.324], "Total polarizability alpha": 80.549761, "Wiberg matrix": [[0.0, 1.0550299872938802, 0.0, 0.0, 0.0, 0.0, 0.0, 0.0, 0.9733966984499509, 0.9575321546063492, 0.9633131705772984, 0.0, 0.0, 0.0, 0.0, 0.0, 0.0, 0.0], [1.0550299872938802, 0.0, 1.801140801961113, 0.0, 0.0, 0.0, 0.0, 0.0, 0.0, 0.0, 0.0, 0.9634847286459957, 0.0, 0.0, 0.0, 0.0, 0.0, 0.0], [0.0, 1.801140801961113, 0.0, 1.023615211891867, 1.0185839423857885, 0.0, 0.0, 0.0, 0.0, 0.0, 0.0, 0.0, 0.0, 0.0, 0.0, 0.0, 0.0, 0.0], [0.0, 0.0, 1.023615211891867, 0.0, 0.0, 0.0, 0.0, 0.0, 0.0, 0.0, 0.0, 0.0, 0.984243647697997, 0.9707413204214699, 0.9716662861126385, 0.0, 0.0, 0.0], [0.0, 0.0, 1.0185839423857885, 0.0, 0.0, 1.708513234304111, 1.1076170347622307, 0.0, 0.0, 0.0, 0.0, 0.0, 0.0, 0.0, 0.0, 0.0, 0.0, 0.0], [0.0, 0.0, 0.0, 0.0, 1.708513234304111, 0.0, 0.16428370911410864, 0.0, 0.0, 0.0, 0.0, 0.0, 0.0, 0.0, 0.0, 0.0, 0.0, 0.0], [0.0, 0.0, 0.0, 0.0, 1.1076170347622307, 0.16428370911410864, 0.0, 0.9652241021723538, 0.0, 0.0, 0.0, 0.0, 0.0, 0.0, 0.0, 0.0, 0.0, 0.0], [0.0, 0.0, 0.0, 0.0, 0.0, 0.0, 0.9652241021723538, 0.0, 0.0, 0.0, 0.0, 0.0, 0.0, 0.0, 0.0, 0.9821632473099893, 0.9765210693705538, 0.9765088914745352], [0.9733966984499509, 0.0, 0.0, 0.0, 0.0, 0.0, 0.0, 0.0, 0.0, 0.0, 0.0, 0.0, 0.0, 0.0, 0.0, 0.0, 0.0, 0.0], [0.9575321546063492, 0.0, 0.0, 0.0, 0.0, 0.0, 0.0, 0.0, 0.0, 0.0, 0.0, 0.0, 0.0, 0.0, 0.0, 0.0, 0.0, 0.0], [0.9633131705772984, 0.0, 0.0, 0.0, 0.0, 0.0, 0.0, 0.0, 0.0, 0.0, 0.0, 0.0, 0.0, 0.0, 0.0, 0.0, 0.0, 0.0], [0.0, 0.9634847286459957, 0.0, 0.0, 0.0, 0.0, 0.0, 0.0, 0.0, 0.0, 0.0, 0.0, 0.0, 0.0, 0.0, 0.0, 0.0, 0.0], [0.0, 0.0, 0.0, 0.984243647697997, 0.0, 0.0, 0.0, 0.0, 0.0, 0.0, 0.0, 0.0, 0.0, 0.0, 0.0, 0.0, 0.0, 0.0], [0.0, 0.0, 0.0, 0.9707413204214699, 0.0, 0.0, 0.0, 0.0, 0.0, 0.0, 0.0, 0.0, 0.0, 0.0, 0.0, 0.0, 0.0, 0.0], [0.0, 0.0, 0.0, 0.9716662861126385, 0.0, 0.0, 0.0, 0.0, 0.0, 0.0, 0.0, 0.0, 0.0, 0.0, 0.0, 0.0, 0.0, 0.0], [0.0, 0.0, 0.0, 0.0, 0.0, 0.0, 0.0, 0.9821632473099893, 0.0, 0.0, 0.0, 0.0, 0.0, 0.0, 0.0, 0.0, 0.0, 0.0], [0.0, 0.0, 0.0, 0.0, 0.0, 0.0, 0.0, 0.9765210693705538, 0.0, 0.0, 0.0, 0.0, 0.0, 0.0, 0.0, 0.0, 0.0, 0.0], [0.0, 0.0, 0.0, 0.0, 0.0, 0.0, 0.0, 0.9765088914745352, 0.0, 0.0, 0.0, 0.0, 0.0, 0.0, 0.0, 0.0, 0.0, 0.0]], "Born radii": [], "Atomic SASAs": [], "Solvent H bonds": [], "Total SASA": NaN, "Total FOD": 0.0,