{"total energy": -27.11554508, "HOMO-LUMO gap/eV": 5.11141703, "electronic energy": -27.43358039, "dipole": [-0.31555705, 0.86884252, -0.14419544], "partial charges": [-0.10586152, -0.05241796, -0.09090306, 0.35546428, -0.41147915, -0.27362979, 0.08508641, -0.11575788, 0.03657873, 0.04038718, 0.03657873, 0.04728703, 0.04728701, 0.06593913, 0.06593912, 0.05015753, 0.05015751, 0.05264763, 0.05826954, 0.05826954], "atomic dipole moments": [[-0.08512167, -0.06421461, 0.00859699], [-0.03010313, 0.12743459, -0.02084207], [-0.00898761, -0.10346794, 0.01628726], [-0.14558261, 0.05395929, -0.01134884], [-0.00419861, 0.19132048, -0.03051169], [-0.01704607, -0.23855193, 0.03762085], [0.16467623, 0.1805894, -0.02559659], [0.09356747, -0.08802545, 0.01577905], [0.00307839, 0.05593378, -0.11004891], [0.10471719, -0.06588381, 0.01246925], [-0.00067118, 0.087326, 0.0873072], [0.00329769, -0.09033269, -0.08686258], [-0.00045488, -0.0589147, 0.11065636], [-0.00894862, 0.09277466, 0.09031789], [-0.00504973, 0.060131, -0.11490556], [6.16e-06, -0.05711341, 0.11225346], [0.00382791, -0.08911275, -0.08892155], [-0.10831292, -0.06297322, 0.00795901], [0.00508447, 0.08933418, 0.09024144], [0.00895017, 0.05696702, -0.11324583]], "atomic quadrupole moments": [[0.11593597, 0.17120319, 0.01092459, -0.02256984, -0.01907843, -0.12686056], [0.25100111, -0.00242302, -0.00060602, 0.01003827, -0.04084197, -0.25039509], [0.2210574, 0.01920391, 0.03118153, 0.00607794, -0.04589672, -0.25223894], [-0.12500522, -0.13261832, -0.31940604, 0.00991196, 0.12203298, 0.44441126], [-0.11120565, -0.01399791, -0.07737309, -0.00360024, 0.04313953, 0.18857874], [0.0670779, 0.03853311, 0.01623805, -0.00322641, -0.01548534, -0.08331594], [0.41333552, 0.17952249, -0.02957384, -0.01325351, -0.05426029, -0.38376169], [0.12050494, -0.20045775, 0.0287487, 0.03712325, -0.03307049, -0.14925364], [-0.03935546, 0.00846036, -0.02311472, 0.01158887, -0.04838728, 0.06247019], [0.0444463, -0.05412854, 0.00883467, 0.0105043, -0.01122449, -0.05328097], [-0.03827855, 0.00175335, 0.01370622, -0.0163921, 0.06434139, 0.02457232], [-0.01485328, -0.00196932, -0.00326986, -0.00360442, 0.04655641, 0.01812313], [-0.01507731, 0.00048601, -0.02867679, 0.00204939, -0.03126919, 0.0437541], [-0.0156652, -0.01276833, 0.00153487, 0.00847658, 0.05685903, 0.01413033], [-0.01512176, -0.01310324, -0.03095946, -0.00613207, -0.04274267, 0.04608122], [-0.00104861, 0.00869257, -0.02979597, -0.00691039, -0.02361737, 0.03084457], [-0.00142539, 0.00908253, -0.00991075, 0.00319192, 0.03733867, 0.01133614], [0.06037918, 0.05497911, -0.00611764, -0.00654918, -0.00676479, -0.05426154], [-0.04380052, -0.00250531, 0.01642164, 0.01553677, 0.05970821, 0.02737888], [-0.04255391, -0.00567921, -0.01782269, -0.01758677, -0.04531181, 0.0603766]], "number of molecular orbitals": 44, "number of electrons": 48, "number of unpaired electrons": 0, "orbital energies/eV": [-20.13970317, -19.37620339, -18.37358332, -17.32428425, -16.741121, -16.48543081, -16.22679494, -15.94717102, -15.36084562, -15.2707839, -14.89568234, -14.43454885, -13.86324462, -13.65478797, -13.39028386, -13.12743057, -12.94990744, -12.75374276, -12.74526883, -12.50302699, -12.09083262, -11.93470409, -11.70872863, -11.21064957, -6.09923254, 0.00372874, 2.62464488, 3.10390067, 3.20389131, 3.65061935, 3.91293595, 3.91436018, 4.10107556, 4.2935294, 4.64953065, 5.06691634, 5.98445361, 6.0254437, 6.58434392, 6.99891555, 7.18106439, 7.8967469, 8.10874027, 17.92918637], "fractional occupation": [2.0, 2.0, 2.0, 2.0, 2.0, 2.0, 2.0, 2.0, 2.0, 2.0, 2.0, 2.0, 2.0, 2.0, 2.0, 2.0, 2.0, 2.0, 2.0, 2.0, 2.0, 2.0, 2.0, 2.0, 0.0, 0.0, 0.0, 0.0, 0.0, 0.0, 0.0, 0.0, 0.0, 0.0, 0.0, 0.0, 0.0, 0.0, 0.0, 0.0, 0.0, 0.0, 0.0, 0.0], "program call": "xtb /tmp/scratch/tmpkzq6uf6t/4420_0_xyzopt.xyz --pop --wbo --acc 0.2 --gfn 2 --chrg 0 --uhf 0 --etemp 300 --input /tmp/scratch/tmpkzq6uf6t/4420_0_xtb.inp", "method": "GFN2-xTB", "xtb version": "6.3.3 (7355c4f)", "Dipole module/D": 2.378, "Total charge": 0, "Transition dipole module/D": NaN, "HOMO": -11.2106, "LUMO": -6.0992, "HOMO occupancy": 2.0, "LUMO occupancy": 0, "mulliken charges": [-0.08852, -0.03371, -0.08386, 0.581, -0.53243, -0.42351, 0.20596, -0.09684, 0.02841, 0.0343, 0.02841, 0.03714, 0.03714, 0.05303, 0.05303, 0.03894, 0.03894, 0.03524, 0.04366, 0.04366], "cm5 charges": [-0.24102, -0.14505, -0.18354, 0.63341, -0.58458, -0.50942, 0.12343, -0.24604, 0.08059, 0.086, 0.08059, 0.09464, 0.09464, 0.11226, 0.11226, 0.10416, 0.10416, 0.08752, 0.09799, 0.09799], "FUKUI+": [0.018, 0.013, 0.029, -0.189, -0.281, -0.121, 0.026, 0.016, -0.024, -0.04, -0.024, -0.024, -0.024, -0.098, -0.098, -0.04, -0.04, -0.044, -0.028, -0.028], "FUKUI-": [0.017, 0.005, 0.001, -0.008, -0.112, -0.067, 0.013, 0.013, -0.079, -0.068, -0.079, -0.086, -0.086, -0.064, -0.064, -0.073, -0.073, -0.058, -0.066, -0.066], "FUKUIrad": [0.017, 0.009, 0.015, -0.098, -0.196, -0.094, 0.019, 0.015, -0.051, -0.054, -0.051, -0.055, -0.055, -0.081, -0.081, -0.057, -0.057, -0.051, -0.047, -0.047], "s proportion": [1.006, 1.024, 1.038, 0.979, 1.721, 1.688, 0.995, 1.008, 0.972, 0.966, 0.972, 0.963, 0.963, 0.947, 0.947, 0.961, 0.961, 0.965, 0.956, 0.956], "p proportion": [3.083, 3.01, 3.045, 2.44, 4.812, 4.736, 2.799, 3.089, 0.0, 0.0, 0.0, 0.0, 0.0, 0.0, 0.0, 0.0, 0.0, 0.0, 0.0, 0.0], "d proportion": [0.0, 0.0, 0.0, 0.0, 0.0, 0.0, 0.0, 0.0, 0.0, 0.0, 0.0, 0.0, 0.0, 0.0, 0.0, 0.0, 0.0, 0.0, 0.0, 0.0], "Fermi-level/eV": -8.6549, "Coordination numbers": [3.753, 3.802, 3.804, 2.718, 0.856, 1.704, 3.701, 3.751, 0.925, 0.925, 0.925, 0.924, 0.924, 0.924, 0.924, 0.924, 0.924, 0.925, 0.925, 0.925], "Dispersion coefficient C6": [22.583, 21.514, 22.23, 20.966, 21.912, 18.539, 19.316, 22.778, 2.495, 2.444, 2.495, 2.354, 2.354, 2.131, 2.131, 2.318, 2.318, 2.287, 2.219, 2.219], "Total dispersion C6": 3019.120179, "Total dispersion C8": 64018.114653, "Polarizability alpha": [6.777, 6.604, 6.712, 7.495, 6.276, 5.813, 6.285, 6.806, 2.47, 2.445, 2.47, 2.399, 2.399, 2.283, 2.283, 2.381, 2.381, 2.365, 2.33, 2.33], "Total polarizability alpha": 81.303454,