{"total energy": -26.43327365, "HOMO-LUMO gap/eV": 3.89290759, "electronic energy": -26.98588649, "dipole": [-0.32124302, -0.03696688, 0.00309519], "partial charges": [-0.10275033, -0.02316811, 0.0335965, -0.03053964, -0.03723933, 0.01327363, -0.05717229, -0.0968118, -0.03723911, -0.0305404, 0.0730562, 0.03098136, 0.02810862, 0.0352203, 0.03522065, 0.03555609, 0.03567797, 0.03567865, 0.02810936, 0.03098167], "atomic dipole moments": [[0.31684863, 0.06517172, 0.02076988], [-0.36704179, -0.07506382, -0.02367877], [-0.00672326, -0.00178994, -0.00078198], [0.00532766, -0.00276805, 0.00450635], [-0.00428337, -0.00659328, 0.00715591], [-0.08571254, -0.01796429, -0.00588311], [0.01894978, 0.07869178, 0.06322214], [0.04906964, -0.06435623, -0.05848409], [-0.00579397, 0.00528606, -0.00717876], [0.00442002, 0.00442053, -0.00416658], [0.20488606, 0.0418452, 0.01314823], [0.06323425, 0.09799857, -0.09427582], [-0.08047445, 0.06646529, -0.1037798], [-0.0396815, 0.01219731, -0.11786907], [-0.02333284, -0.11680549, 0.03780192], [-0.12204361, -0.02341219, -0.00658827], [0.02032125, 0.11804155, -0.03584236], [0.03658971, -0.01036015, 0.11910094], [-0.05977227, -0.09685841, 0.09332652], [0.08412885, -0.0668156, 0.10463205]], "atomic quadrupole moments": [[-1.04920815, -0.33248481, 0.49753619, -0.10853642, -0.00167256, 0.55167196], [-0.93280738, -0.28980838, 0.43167423, -0.08514611, -0.06300228, 0.50113315], [-0.16557311, -0.09197668, 0.13647416, -0.08619895, 0.33858549, 0.02909895], [-0.22198414, -0.12788332, 0.16331656, -0.08572512, 0.36390634, 0.05866757], [-0.21407143, -0.11570014, 0.16184147, -0.09344436, 0.35536703, 0.05222996], [-0.06017454, -0.06327812, 0.09244945, -0.08294809, 0.37395461, -0.03227491], [0.14032423, -0.04863394, -0.05589099, -0.07452322, 0.11251988, -0.08443324], [-0.02247863, -0.12058614, 0.02407085, -0.11107065, 0.13916396, -0.00159222], [-0.2156492, -0.1095352, 0.16280163, -0.10093092, 0.35453313, 0.05284757], [-0.22781443, -0.10550442, 0.17316599, -0.1136914, 0.35962257, 0.05464844], [-0.02756323, -0.00841464, 0.01300703, -0.00251474, -0.00056736, 0.0145562], [0.0312036, 0.01398106, -0.02363699, 0.01587196, -0.04806615, -0.00756661], [0.0330047, 0.0175389, -0.02370568, 0.01323905, -0.0501956, -0.00929902], [-0.0131915, -0.00710125, -0.03731793, 0.01860245, -0.01474684, 0.05050944], [-0.01807885, 0.00697946, 0.04457795, -0.00869684, -0.03225368, -0.0264991], [0.0755586, 0.02787982, -0.03252671, 0.00937635, 0.01584502, -0.04303188], [-0.04207057, 0.01971667, 0.06442122, -0.01932865, -0.03661519, -0.02235066], [-0.03101497, -0.01754941, -0.03614281, 0.03802811, -0.01302438, 0.06715778], [0.03335123, 0.01624391, -0.02477525, 0.01492101, -0.04984903, -0.00857598], [0.03020229, 0.01781206, -0.02195657, 0.01108429, -0.04880101, -0.00824572]], "number of molecular orbitals": 50, "number of electrons": 50, "number of unpaired electrons": 0, "orbital energies/eV": [-17.55395268, -17.09092068, -16.70188726, -16.6604439, -16.33809036, -15.78918992, -15.5911457, -15.23656312, -14.6102618, -13.95184871, -13.92655525, -13.4452284, -13.31400218, -13.18973902, -13.04407012, -12.94429013, -12.74460495, -12.35826235, -11.99486205, -11.68711916, -11.52461473, -11.49722875, -11.01025851, -10.96421929, -10.35242724, -6.45951965, -5.99538199, -4.1074302, -3.73275303, -1.57564216, 1.90428954, 2.73825081, 3.53331629, 3.7966393, 3.95469561, 4.61549713, 4.89298975, 5.08421065, 5.2019674, 5.71656873, 6.9404998, 7.36719762, 8.01520887, 11.30728754, 11.48316243, 12.62216941, 12.72845944, 17.27451958, 18.05427587, 39.40839317], "fractional occupation": [2.0, 2.0, 2.0, 2.0, 2.0, 2.0, 2.0, 2.0, 2.0, 2.0, 2.0, 2.0, 2.0, 2.0, 2.0, 2.0, 2.0, 2.0, 2.0, 2.0, 2.0, 2.0, 2.0, 2.0, 2.0, 0.0, 0.0, 0.0, 0.0, 0.0, 0.0, 0.0, 0.0, 0.0, 0.0, 0.0, 0.0, 0.0, 0.0, 0.0, 0.0, 0.0, 0.0, 0.0, 0.0, 0.0, 0.0, 0.0, 0.0, 0.0], "program call": "xtb /tmp/scratch/tmpp1v_mrq4/445913_b31cd3_xyzopt.xyz --pop --wbo --acc 0.2 --gfn 2 --chrg 0 --uhf 0 --etemp 300 --input /tmp/scratch/tmpp1v_mrq4/445913_b31cd3_xtb.inp", "method": "GFN2-xTB", "xtb version": "6.3.3 (7355c4f)", "Dipole module/D": 0.822, "Total charge": 0, "Transition dipole module/D": NaN, "HOMO": -10.3524, "LUMO": -6.4595, "HOMO occupancy": 2.0, "LUMO occupancy": 0, "mulliken charges": [-0.09147, -0.0235, 0.02336, -0.02865, -0.03936, 0.0085, -0.04251, -0.08031, -0.03936, -0.02865, 0.06082, 0.03439, 0.03067, 0.02985, 0.02985, 0.03105, 0.03014, 0.03014, 0.03067, 0.03439], "cm5 charges": [-0.14459, -0.02821, 0.01588, -0.08148, -0.09354, -0.00789, -0.14938, -0.23165, -0.09354, -0.08148, 0.11651, 0.09187, 0.0881, 0.08565, 0.08565, 0.08262, 0.08276, 0.08276, 0.08811, 0.09187], "FUKUI+": [-0.104, -0.056, -0.082, -0.035, -0.026, -0.093, 0.017, 0.012, -0.026, -0.035, -0.1, -0.074, -0.077, -0.044, -0.044, -0.043, -0.018, -0.018, -0.077, -0.074], "FUKUI-": [-0.101, -0.063, -0.064, -0.03, -0.028, -0.067, 0.004, 0.003, -0.028, -0.03, -0.092, -0.064, -0.066, -0.057, -0.057, -0.058, -0.034, -0.034, -0.066, -0.064], "FUKUIrad": [-0.102, -0.06, -0.073, -0.033, -0.027, -0.08, 0.01, 0.008, -0.027, -0.033, -0.096, -0.069, -0.071, -0.051, -0.051, -0.051, -0.026, -0.026, -0.071, -0.069], "s proportion": [1.09, 1.104, 1.063, 1.058, 1.057, 1.085, 1.025, 1.006, 1.057, 1.058, 0.939, 0.966, 0.969, 0.97, 0.97, 0.969, 0.97, 0.97, 0.969, 0.966], "p proportion": [3.002, 2.919, 2.914, 2.97, 2.982, 2.906, 3.017, 3.074, 2.982, 2.97, 0.0, 0.0, 0.0, 0.0, 0.0, 0.0, 0.0, 0.0, 0.0, 0.0], "d proportion": [0.0, 0.0, 0.0, 0.0, 0.0, 0.0, 0.0, 0.0, 0.0, 0.0, 0.0, 0.0, 0.0, 0.0, 0.0, 0.0, 0.0, 0.0, 0.0, 0.0], "Fermi-level/eV": -8.406, "Coordination numbers": [1.909, 1.981, 2.973, 2.926, 2.924, 2.97, 3.806, 3.754, 2.924, 2.926, 0.928, 0.926, 0.926, 0.924, 0.924, 0.925, 0.925, 0.925, 0.926, 0.926], "Dispersion coefficient C6": [33.95, 31.672, 27.245, 28.762, 28.926, 27.714, 21.597, 22.406, 28.926, 28.762, 2.052, 2.572, 2.613, 2.514, 2.514, 2.509, 2.507, 2.507, 2.613, 2.572], "Total dispersion C6": 4697.511883, "Total dispersion C8": 114642.690635, "Polarizability alpha": [9.41, 9.088, 8.562, 8.795, 8.82, 8.635, 6.616, 6.75, 8.82, 8.795, 2.24, 2.508, 2.528, 2.479, 2.479, 2.477, 2.476, 2.476, 2.528, 2.508], "Total polarizability alpha": 108.990812,