{"total energy": -23.93944579, "HOMO-LUMO gap/eV": 5.10622403, "electronic energy": -24.20897224, "dipole": [-0.95253209, 0.56719964, 0.01423938], "partial charges": [-0.10609167, -0.05687481, -0.06829745, 0.07597781, -0.24388906, 0.3373107, -0.37809506, 0.03968558, 0.04117502, 0.03968537, 0.0364609, 0.03646043, 0.05376387, 0.05376345, 0.05469134, 0.05469307, 0.0295805], "atomic dipole moments": [[0.09477564, -0.05773022, -0.00163072], [0.01213339, 0.11883453, 0.02209205], [0.04301175, -0.13321368, -0.01964705], [0.14290812, 0.20832491, 0.04972976], [0.03483065, -0.23113422, -0.03769014], [-0.19219088, -0.01102511, -0.01917502], [-0.04424751, 0.18820019, 0.02924425], [-0.00020893, 0.08864287, -0.08669522], [-0.09581142, -0.07593893, -0.02207826], [-0.01801199, 0.0538527, 0.11022299], [0.01283206, -0.05440793, -0.10952553], [-0.00475162, -0.08876763, 0.08496091], [0.00592338, 0.09038281, -0.0864984], [-0.01199734, 0.05536448, 0.11169903], [0.00527195, -0.08995332, 0.08902766], [0.02344242, -0.05445072, -0.11194442], [0.08736251, 0.09821637, 0.02516191]], "atomic quadrupole moments": [[0.15498154, -0.15988764, -0.02269835, -0.00221369, 0.00502716, -0.13228319], [0.22707979, 0.02135697, 0.00491691, 0.04639395, 0.04596281, -0.2319967], [0.25930484, -0.03064988, 0.00406758, 0.04294167, 0.04662125, -0.26337241], [0.33421979, 0.24457179, 0.04081565, 0.10985511, 0.10047939, -0.37503545], [0.04498739, 0.03947477, 0.01333119, 0.01669969, 0.01703182, -0.05831858], [-0.11236833, -0.14847114, -0.41447837, -0.08759341, -0.18691555, 0.52684671], [-0.11767035, -0.00710422, -0.08626172, -0.03140972, -0.05415841, 0.20393207], [-0.03457015, -0.00122549, 0.01468377, -0.01461826, -0.06593144, 0.01988639], [0.03074031, 0.05510128, 0.01985219, 0.01752327, 0.0182777, -0.0505925], [-0.03710252, -0.01424227, -0.02652044, -0.00258977, 0.04681649, 0.06362296], [-0.01637603, -0.00314389, -0.02761099, -0.00839833, 0.03182006, 0.04398703], [-0.01758562, 0.00308802, 0.00136702, -0.00045121, -0.04773673, 0.01621859], [-0.02503713, 0.00299441, 0.00577927, -0.00253194, -0.04517584, 0.01925785], [-0.02423239, -0.00324569, -0.0216823, -0.00818633, 0.0301915, 0.0459147], [-0.00715159, 0.01237707, -0.00449681, 0.00175494, -0.03601569, 0.0116484], [-0.00634528, 0.0075578, -0.02640435, -0.00367533, 0.02410693, 0.03274963], [0.04286362, -0.03692726, 0.03001086, 0.00425922, 0.0154458, -0.07287448]], "number of molecular orbitals": 38, "number of electrons": 42, "number of unpaired electrons": 0, "orbital energies/eV": [-20.54171872, -19.75841971, -18.6166449, -17.36248239, -16.82691947, -16.63731415, -16.26836728, -16.01709773, -15.50347737, -15.32791965, -14.64469706, -14.04182225, -13.93960081, -13.64204187, -13.11817434, -12.95652913, -12.50787894, -12.29963782, -12.23592378, -11.91842347, -11.65835301, -6.55212898, -0.24586325, 2.1421708, 2.91469971, 3.07014496, 3.65130268, 3.71369747, 4.2920016, 4.66500454, 4.72081153, 5.04581507, 6.0296025, 6.64925865, 6.90993544, 7.59059555, 8.02859828, 17.64558224], "fractional occupation": [2.0, 2.0, 2.0, 2.0, 2.0, 2.0, 2.0, 2.0, 2.0, 2.0, 2.0, 2.0, 2.0, 2.0, 2.0, 2.0, 2.0, 2.0, 2.0, 2.0, 2.0, 0.0, 0.0, 0.0, 0.0, 0.0, 0.0, 0.0, 0.0, 0.0, 0.0, 0.0, 0.0, 0.0, 0.0, 0.0, 0.0, 0.0], "program call": "xtb /tmp/scratch/tmpykddbkzb/4504_0_xyzopt.xyz --pop --wbo --acc 0.2 --gfn 2 --chrg 0 --uhf 0 --etemp 300 --input /tmp/scratch/tmpykddbkzb/4504_0_xtb.inp", "method": "GFN2-xTB", "xtb version": "6.3.3 (7355c4f)", "Dipole module/D": 2.818, "Total charge": 0, "Transition dipole module/D": NaN, "HOMO": -11.6584, "LUMO": -6.5521, "HOMO occupancy": 2.0, "LUMO occupancy": 0, "mulliken charges": [-0.08438, -0.04305, -0.06011, 0.19616, -0.40691, 0.57828, -0.51874, 0.03116, 0.03387, 0.03116, 0.02622, 0.02622, 0.03895, 0.03895, 0.04089, 0.04089, 0.03045], "cm5 charges": [-0.23718, -0.15647, -0.16852, 0.11489, -0.49874, 0.59563, -0.57433, 0.08339, 0.08552, 0.08339, 0.08158, 0.08158, 0.09707, 0.09707, 0.10647, 0.10648, 0.10216], "FUKUI+": [0.01, 0.005, 0.006, 0.032, -0.148, -0.166, -0.321, -0.013, -0.023, -0.013, -0.013, -0.013, -0.025, -0.025, -0.046, -0.046, -0.202], "FUKUI-": [0.021, 0.007, 0.009, 0.02, -0.062, -0.0, -0.162, -0.087, -0.07, -0.087, -0.103, -0.103, -0.08, -0.08, -0.048, -0.048, -0.126], "FUKUIrad": [0.015, 0.006, 0.007, 0.026, -0.105, -0.083, -0.241, -0.05, -0.046, -0.05, -0.058, -0.058, -0.052, -0.052, -0.047, -0.047, -0.164], "s proportion": [1.005, 1.026, 1.033, 1.0, 1.684, 0.957, 1.716, 0.969, 0.966, 0.969, 0.974, 0.974, 0.961, 0.961, 0.959, 0.959, 0.97], "p proportion": [3.079, 3.017, 3.027, 2.804, 4.723, 2.464, 4.802, 0.0, 0.0, 0.0, 0.0, 0.0, 0.0, 0.0, 0.0, 0.0, 0.0], "d proportion": [0.0, 0.0, 0.0, 0.0, 0.0, 0.0, 0.0, 0.0, 0.0, 0.0, 0.0, 0.0, 0.0, 0.0, 0.0, 0.0, 0.0], "Fermi-level/eV": -9.1052, "Coordination numbers": [3.752, 3.802, 3.802, 3.708, 1.703, 2.668, 0.856, 0.925, 0.925, 0.925, 0.924, 0.924, 0.924, 0.924, 0.924, 0.924, 0.923], "Dispersion coefficient C6": [22.587, 21.596, 21.807, 19.446, 18.042, 21.27, 21.249, 2.453, 2.433, 2.453, 2.497, 2.497, 2.274, 2.274, 2.262, 2.262, 2.593], "Total dispersion C6": 2238.049867, "Total dispersion C8": 47212.526867, "Polarizability alpha": [6.777, 6.616, 6.648, 6.303, 5.735, 7.546, 6.18, 2.449, 2.439, 2.449, 2.471, 2.471, 2.358, 2.358, 2.352, 2.352, 2.518], "Total polarizability alpha": 70.024164, "Wiberg matrix": [[0.0, 1.0196205783159504, 0.0, 0.0, 0.0, 0.0, 0.0, 0.987554998116716, 0.9867732994079816, 0.9875549502899885, 0.0, 0.0, 0.0, 0.0, 0.0, 0.0, 0.0], [1.0196205783159504, 0.0, 1.0057446320158134, 0.0, 0.0, 0.0, 0.0, 0.0, 0.0, 0.0, 0.9780303358841786, 0.9780302464852403, 0.0, 0.0, 0.0, 0.0, 0.0], [0.0, 1.0057446320158134, 0.0, 1.0061936060854222, 0.0, 0.0, 0.0, 0.0, 0.0, 0.0, 0.0, 0.0, 0.9750148522674764, 0.975014788862167, 0.0, 0.0, 0.0], [0.0, 0.0, 1.0061936060854222, 0.0, 0.9268152226039972, 0.0, 0.0, 0.0, 0.0, 0.0, 0.0, 0.0, 0.0, 0.0, 0.9680097831089798, 0.9680080855621938, 0.0], [0.0, 0.0, 0.0, 0.9268152226039972, 0.0, 1.1849857616410384, 0.1967357834213448, 0.0, 0.0, 0.0, 0.0, 0.0, 0.0, 0.0, 0.0, 0.0, 0.0], [0.0, 0.0, 0.0, 0.0, 1.1849857616410384, 0.0, 1.7952704685289365, 0.0, 0.0, 0.0, 0.0, 0.0, 0.0, 0.0, 0.0, 0.0, 0.9144120508640249], [0.0, 0.0, 0.0, 0.0, 0.1967357834213448, 1.7952704685289365, 0.0, 0.0, 0.0, 0.0, 0.0, 0.0, 0.0, 0.0, 0.0, 0.0, 0.0], [0.987554998116716, 0.0, 0.0, 0.0, 0.0, 0.0, 0.0, 0.0, 0.0, 0.0, 0.0, 0.0, 0.0, 0.0, 0.0, 0.0, 0.0], [0.9867732994079816, 0.0, 0.0, 0.0, 0.0, 0.0, 0.0, 0.0, 0.0, 0.0, 0.0, 0.0, 0.0, 0.0, 0.0, 0.0, 0.0], [0.9875549502899885, 0.0, 0.0, 0.0, 0.0, 0.0, 0.0, 0.0, 0.0, 0.0, 0.0, 0.0, 0.0, 0.0, 0.0, 0.0, 0.0], [0.0, 0.9780303358841786, 0.0, 0.0, 0.0, 0.0, 0.0, 0.0, 0.0, 0.0, 0.0, 0.0, 0.0, 0.0, 0.0, 0.0, 0.0], [0.0, 0.9780302464852403, 0.0, 0.0, 0.0, 0.0, 0.0, 0.0, 0.0, 0.0, 0.0, 0.0, 0.0, 0.0, 0.0, 0.0, 0.0], [0.0, 0.0, 0.9750148522674764, 0.0, 0.0, 0.0, 0.0, 0.0, 0.0, 0.0, 0.0, 0.0, 0.0, 0.0, 0.0, 0.0, 0.0], [0.0, 0.0, 0.975014788862167, 0.0, 0.0, 0.0, 0.0, 0.0, 0.0, 0.0, 0.0, 0.0, 0.0, 0.0, 0.0, 0.0, 0.0], [0.0, 0.0, 0.0, 0.9680097831089798, 0.0, 0.0, 0.0, 0.0, 0.0, 0.0, 0.0, 0.0, 0.0, 0.0, 0.0, 0.0, 0.0], [0.0, 0.0, 0.0, 0.9680080855621938, 0.0, 0.0, 0.0, 0.0, 0.0, 0.0, 0.0, 0.0, 0.0, 0.0, 0.0, 0.0, 0.0], [0.0, 0.0, 0.0, 0.0, 0.0, 0.9144120508640249, 0.0, 0.0, 0.0, 0.0, 0.0, 0.0, 0.0, 0.0, 0.0, 0.0, 0.0]], "Born radii": [], "Atomic SASAs": [], "Solvent H bonds": [], "Total SASA": NaN, "Total FOD": 0.0, "FOD": [0.0, 0.0, 0.0, 0.0, 0.0, 0.0, 0.0, 0.0, 0.0, 0.0, 0.0, 0.0, 0.0, 0.0, 0.0, 0.0, 0.0], "FOD s proportion": [0.0, 0.0, 0.0, 0.0, 0.0, 0.0, 0.0, 0.0, 0.0, 0.0, 0.0, 0.0, 0.0, 0.0, 0.0, 0.0, 0.0], "FOD p proportion": [0.0, 0.0, 0.0, 0.0, 0.0, 0.0, 0.0, 0.0, 0.0, 0.0, 0.0, 0.0, 0.0, 0.0, 0.0, 0.0, 0.0], "FOD d proportion": [0.0, 0.0, 0.0, 0.0, 0.0, 0.0, 0.0, 0.0, 0.0, 0.0, 0.0, 0.0, 0.0, 0.0, 0.0, 0.0, 0.0],