{"total energy": -23.01898888, "HOMO-LUMO gap/eV": 3.75646547, "electronic energy": -23.33034483, "dipole": [-1.26723752, -0.07181389, 0.23883946], "partial charges": [-0.11342542, 0.03433459, -0.11291163, -0.11028879, -0.09283619, 0.21926118, -0.32752868, 0.04346229, 0.03739369, 0.0372866, 0.03974157, 0.04258764, 0.03795748, 0.0356005, 0.04159469, 0.04259526, 0.06436514, 0.06423054, 0.01657954], "atomic dipole moments": [[0.04053437, -0.02025304, -0.09311745], [0.01880499, -0.01518883, -0.00028646], [0.07923855, 0.03937173, 0.05817859], [-0.02840554, -0.08611284, 0.04723306], [0.00024476, 0.0897249, 0.05531729], [0.03040163, -0.01890775, -0.0718206], [-0.15317837, -0.00393566, 0.07216315], [-0.10129767, 0.07153987, -0.00592053], [0.08277033, 0.06163233, 0.07051102], [-0.03230644, -0.10499953, 0.05855102], [0.03823307, -0.02505986, -0.11601063], [-0.09590432, 0.07913079, -0.00808874], [-0.04210187, -0.10553086, 0.05043887], [0.09346578, 0.05288486, 0.06561817], [-0.09259377, 0.08211262, -0.00724182], [0.04304377, -0.02036514, -0.11589506], [-0.04114913, -0.10579217, 0.0610469], [0.03262325, -0.03322965, -0.12021627], [-0.01263626, 0.04065824, 0.12377771]], "atomic quadrupole moments": [[-0.06841628, -0.01888918, -0.10549147, -0.10296849, 0.05395885, 0.17390775], [0.00319878, -0.02644032, 0.00813877, -0.00575349, 0.00367473, -0.01133756], [0.07815834, 0.09979798, -0.06428506, 0.14064707, 0.07705908, -0.01387328], [-0.08062112, 0.09621486, 0.13597048, -0.04158094, -0.12281099, -0.05534935], [0.17509168, -0.04113324, -0.0257343, 0.1186879, 0.05577752, -0.14935739], [-0.25614998, -0.16532307, 0.57752897, 0.08743701, -0.36528496, -0.32137899], [-0.13881648, -0.07240684, 0.22961465, 0.02315221, -0.13662447, -0.09079817], [0.0357882, -0.06538647, -0.00794715, 0.01238252, -0.00658986, -0.02784106], [0.03324797, 0.04631305, -0.02634266, 0.03816498, 0.0294573, -0.0069053], [-0.04608501, 0.0233462, 0.06224211, -0.01769518, -0.04018602, -0.01615711], [-0.01427369, -0.00227071, -0.04670935, -0.04210914, 0.0241098, 0.06098304], [0.02612334, -0.06148836, 0.02001103, 0.00904949, 0.00659492, -0.04613437], [-0.03318425, 0.03444298, 0.04485749, -0.00672704, -0.05180833, -0.01167324], [0.02010478, 0.03674531, -0.02317705, 0.05615134, 0.01745043, 0.00307227], [0.04150467, -0.05859795, 0.00921845, -0.00277992, -0.00889909, -0.05072312], [-0.03788764, -0.00586842, -0.02410977, -0.04075067, 0.02761127, 0.06199741], [-0.02314682, 0.02142475, 0.03340515, -0.02606711, -0.04266678, -0.01025832], [-0.01039355, -0.01337432, -0.04132467, -0.01509187, 0.01693982, 0.05171822], [0.06820746, 0.02380138, -0.06388065, -0.01092593, 0.02804892, -0.00432681]], "number of molecular orbitals": 40, "number of electrons": 42, "number of unpaired electrons": 0, "orbital energies/eV": [-19.47632493, -17.73465305, -17.11366462, -16.40337203, -16.31283932, -16.11205454, -15.38111296, -14.91416514, -14.67035875, -14.30723043, -13.95434014, -13.78416793, -13.48441445, -13.02452745, -12.8053069, -12.5692964, -12.52637169, -12.14797113, -12.01532233, -11.99413277, -10.8508445, -7.09437903, 1.77854964, 1.92315276, 2.09296475, 2.41683932, 2.77793397, 3.91601661, 5.06113017, 5.23503133, 5.38572981, 5.51022548, 6.18560696, 6.21192494, 6.50591837, 6.88024442, 7.19768935, 7.3102109, 7.49068251, 16.75876327], "fractional occupation": [2.0, 2.0, 2.0, 2.0, 2.0, 2.0, 2.0, 2.0, 2.0, 2.0, 2.0, 2.0, 2.0, 2.0, 2.0, 2.0, 2.0, 2.0, 2.0, 2.0, 2.0, 0.0, 0.0, 0.0, 0.0, 0.0, 0.0, 0.0, 0.0, 0.0, 0.0, 0.0, 0.0, 0.0, 0.0, 0.0, 0.0, 0.0, 0.0, 0.0], "program call": "xtb /tmp/scratch/tmp36yzapsh/45102_0_xyzopt.xyz --pop --wbo --acc 0.2 --gfn 2 --chrg 0 --uhf 0 --etemp 300 --input /tmp/scratch/tmp36yzapsh/45102_0_xtb.inp", "method": "GFN2-xTB", "xtb version": "6.3.3 (7355c4f)", "Dipole module/D": 3.283, "Total charge": 0, "Transition dipole module/D": NaN, "HOMO": -10.8508, "LUMO": -7.0944, "HOMO occupancy": 2.0, "LUMO occupancy": 0, "mulliken charges": [-0.10522, 0.04162, -0.0987, -0.10166, -0.10436, 0.39595, -0.46881, 0.03897, 0.03209, 0.03302, 0.03577, 0.03599, 0.03279, 0.03754, 0.03489, 0.04061, 0.05355, 0.05664, 0.00933], "cm5 charges": [-0.2546, 0.00454, -0.24821, -0.25019, -0.20544, 0.37781, -0.52667, 0.09224, 0.08584, 0.08619, 0.08896, 0.0892, 0.08593, 0.09236, 0.08807, 0.09422, 0.11095, 0.11648, 0.07232], "FUKUI+": [0.026, -0.013, 0.022, 0.021, 0.028, -0.164, -0.324, -0.046, -0.004, -0.024, -0.024, -0.043, -0.027, 0.007, -0.047, -0.021, -0.106, -0.073, -0.188], "FUKUI-": [0.024, -0.025, -0.002, 0.023, -0.007, -0.014, -0.21, -0.065, -0.07, -0.047, -0.052, -0.065, -0.054, -0.056, -0.055, -0.044, -0.073, -0.066, -0.142], "FUKUIrad": [0.025, -0.019, 0.01, 0.022, 0.01, -0.089, -0.267, -0.056, -0.037, -0.036, -0.038, -0.054, -0.04, -0.024, -0.051, -0.032, -0.09, -0.069, -0.165], "s proportion": [1.015, 1.082, 1.015, 1.015, 1.049, 1.047, 1.726, 0.961, 0.968, 0.967, 0.964, 0.964, 0.967, 0.962, 0.965, 0.959, 0.946, 0.943, 0.991], "p proportion": [3.09, 2.876, 3.084, 3.087, 3.055, 2.557, 4.743, 0.0, 0.0, 0.0, 0.0, 0.0, 0.0, 0.0, 0.0, 0.0, 0.0, 0.0, 0.0], "d proportion": [0.0, 0.0, 0.0, 0.0, 0.0, 0.0, 0.0, 0.0, 0.0, 0.0, 0.0, 0.0, 0.0, 0.0, 0.0, 0.0, 0.0, 0.0, 0.0], "Fermi-level/eV": -8.9726, "Coordination numbers": [3.759, 3.899, 3.762, 3.76, 3.81, 2.756, 0.856, 0.925, 0.925, 0.925, 0.925, 0.925, 0.925, 0.925, 0.925, 0.925, 0.924, 0.924, 0.922], "Dispersion coefficient C6": [22.719, 19.943, 22.705, 22.657, 22.262, 23.373, 20.286, 2.403, 2.484, 2.485, 2.452, 2.415, 2.476, 2.508, 2.428, 2.415, 2.149, 2.15, 2.786], "Total dispersion C6": 2641.436587, "Total dispersion C8": 56167.924839, "Polarizability alpha": [6.795, 6.348, 6.792, 6.786, 6.716, 7.917, 6.039, 2.424, 2.465, 2.465, 2.449, 2.43, 2.461, 2.477, 2.437, 2.43, 2.292, 2.293, 2.61], "Total polarizability alpha": 76.626171,