{"total energy": -27.11516063, "HOMO-LUMO gap/eV": 5.1167356, "electronic energy": -27.43314822, "dipole": [0.34796154, -0.86263811, -4.5e-05], "partial charges": [-0.10973373, -0.0616669, 0.08176293, -0.27694995, 0.35640994, -0.40731306, -0.08585048, -0.10430446, 0.04677018, 0.04173868, 0.0417387, 0.05026442, 0.05026446, 0.04905591, 0.0490558, 0.06492662, 0.06492662, 0.05285603, 0.0431923, 0.052856], "atomic dipole moments": [[-0.10443949, -0.0491685, -0.00482577], [-0.00705905, 0.13531951, 0.00185134], [-0.17266061, -0.17741361, -0.00948727], [0.02514593, 0.23926322, 0.0047339], [0.14552434, -0.06248992, 0.00466568], [-0.00061391, -0.19394572, -0.00307003], [0.00909169, 0.10353578, 0.00197927], [0.10512459, -0.07310427, 0.00293125], [0.09041527, -0.08483411, 0.00217667], [0.01759444, 0.07351829, -0.09898011], [0.00978234, 0.07035672, 0.1023025], [-0.0083671, -0.07099084, -0.10243127], [-0.01619277, -0.07415765, 0.09919835], [-0.00376403, 0.07251902, 0.10237866], [0.0040919, 0.07569782, -0.10003828], [0.00103658, -0.07905164, 0.10308592], [0.00911663, -0.07578081, -0.10512411], [0.00137273, 0.07759222, -0.10042395], [-0.09889747, -0.07341437, -0.00499109], [-0.00650646, 0.07440297, 0.10261225]], "atomic quadrupole moments": [[0.18342442, 0.14835388, -0.05100582, 0.01461485, 0.00704727, -0.1324186], [0.2416619, -0.06149696, 0.02199486, 0.01867599, 0.00211151, -0.26365676], [0.42660709, 0.17127693, -0.02814825, 0.03477103, 0.01248715, -0.39845884], [0.06911704, 0.03714009, 0.01536799, 0.00655615, 0.00301446, -0.08448502], [-0.12804271, -0.13850395, -0.33277883, -0.02507711, -0.01785958, 0.46082154], [-0.11179545, -0.01223276, -0.0846507, -0.01217597, -0.00489865, 0.19644615], [0.21792871, 0.00769689, 0.03295486, 0.018345, 0.00476987, -0.25088357], [0.16282936, -0.1758683, -0.0171731, 0.00921973, -0.00480225, -0.14565626], [0.02464335, -0.05782115, 0.03116642, 0.00221714, -0.00087684, -0.05580977], [-0.03508093, 0.01313607, -0.00731712, 0.00045824, -0.06044751, 0.04239805], [-0.03456537, 0.00857964, -0.01108951, -0.00624696, 0.05961444, 0.04565488], [-0.02260162, -0.00089891, -0.01213441, 0.00288303, 0.04010453, 0.03473603], [-0.02181727, 0.00242531, -0.00957249, -0.00715668, -0.04142776, 0.03138976], [-0.00454528, 0.00733948, -0.02091156, 0.00409502, 0.03140278, 0.02545683], [-0.00375629, 0.00996503, -0.01891578, -0.0060167, -0.03211387, 0.02267207], [-0.01153685, -0.00988579, -0.01552298, -0.0111572, -0.05379834, 0.02705983], [-0.01299494, -0.01426456, -0.01882881, 0.00753393, 0.05139383, 0.03182375], [-0.03304384, -0.00571613, -0.0081909, -0.0120655, -0.05862519, 0.04123474], [0.03993926, 0.05861041, 0.01703223, 0.0046906, 0.00344063, -0.05697149], [-0.03443696, -0.01045966, -0.01180281, 0.00578721, 0.05630497, 0.04623977]], "number of molecular orbitals": 44, "number of electrons": 48, "number of unpaired electrons": 0, "orbital energies/eV": [-20.13079344, -19.36544977, -18.35356682, -17.32917945, -16.93433569, -16.42545952, -16.01646271, -15.93415243, -15.5574786, -15.28695227, -14.92036388, -14.48712916, -13.81225158, -13.76352328, -13.3069123, -13.15797037, -13.06065045, -12.78099859, -12.50002129, -12.31349471, -12.28917607, -12.13660988, -11.78658661, -11.20319163, -6.08645603, -0.08903079, 2.65960259, 3.25652147, 3.3593137, 3.44707376, 3.6299303, 3.95540927, 4.23505946, 4.26696339, 4.72889201, 5.06533919, 5.61677243, 5.71669489, 6.71775396, 7.04710319, 7.47340957, 7.85856276, 7.85939379, 17.99472192], "fractional occupation": [2.0, 2.0, 2.0, 2.0, 2.0, 2.0, 2.0, 2.0, 2.0, 2.0, 2.0, 2.0, 2.0, 2.0, 2.0, 2.0, 2.0, 2.0, 2.0, 2.0, 2.0, 2.0, 2.0, 2.0, 0.0, 0.0, 0.0, 0.0, 0.0, 0.0, 0.0, 0.0, 0.0, 0.0, 0.0, 0.0, 0.0, 0.0, 0.0, 0.0, 0.0, 0.0, 0.0, 0.0], "program call": "xtb /tmp/scratch/tmpb60lbcui/4698_0_xyzopt.xyz --pop --wbo --acc 0.2 --gfn 2 --chrg 0 --uhf 0 --etemp 300 --input /tmp/scratch/tmpb60lbcui/4698_0_xtb.inp", "method": "GFN2-xTB", "xtb version": "6.3.3 (7355c4f)", "Dipole module/D": 2.364, "Total charge": 0, "Transition dipole module/D": NaN, "HOMO": -11.2032, "LUMO": -6.0865, "HOMO occupancy": 2.0, "LUMO occupancy": 0, "mulliken charges": [-0.09015, -0.05214, 0.19959, -0.42373, 0.58025, -0.53133, -0.07597, -0.07871, 0.0368, 0.03211, 0.03211, 0.03705, 0.03705, 0.0381, 0.0381, 0.05258, 0.05258, 0.04279, 0.03013, 0.04279], "cm5 charges": [-0.24271, -0.16222, 0.11889, -0.50967, 0.63266, -0.58336, -0.17739, -0.22907, 0.08855, 0.08442, 0.08442, 0.0945, 0.0945, 0.10396, 0.10396, 0.11115, 0.11115, 0.09715, 0.08198, 0.09715], "FUKUI+": [0.013, 0.004, 0.027, -0.12, -0.19, -0.282, 0.027, 0.031, -0.031, -0.016, -0.016, -0.022, -0.022, -0.039, -0.039, -0.099, -0.099, -0.032, -0.063, -0.032], "FUKUI-": [0.017, 0.003, 0.018, -0.061, -0.018, -0.132, -0.008, 0.016, -0.058, -0.072, -0.072, -0.085, -0.085, -0.062, -0.062, -0.066, -0.066, -0.058, -0.091, -0.058], "FUKUIrad": [0.015, 0.004, 0.023, -0.091, -0.104, -0.207, 0.009, 0.024, -0.045, -0.044, -0.044, -0.054, -0.054, -0.05, -0.05, -0.083, -0.083, -0.045, -0.077, -0.045], "s proportion": [1.006, 1.029, 0.998, 1.688, 0.98, 1.721, 1.034, 1.002, 0.963, 0.968, 0.968, 0.963, 0.963, 0.962, 0.962, 0.947, 0.947, 0.957, 0.97, 0.957], "p proportion": [3.084, 3.023, 2.802, 4.736, 2.44, 4.811, 3.042, 3.076, 0.0, 0.0, 0.0, 0.0, 0.0, 0.0, 0.0, 0.0, 0.0, 0.0, 0.0, 0.0], "d proportion": [0.0, 0.0, 0.0, 0.0, 0.0, 0.0, 0.0, 0.0, 0.0, 0.0, 0.0, 0.0, 0.0, 0.0, 0.0, 0.0, 0.0, 0.0, 0.0, 0.0], "Fermi-level/eV": -8.6448, "Coordination numbers": [3.753, 3.8, 3.704, 1.704, 2.719, 0.856, 3.802, 3.753, 0.925, 0.925, 0.925, 0.924, 0.924, 0.924, 0.924, 0.924, 0.924, 0.925, 0.925, 0.925], "Dispersion coefficient C6": [22.657, 21.686, 19.362, 18.595, 20.95, 21.828, 22.137, 22.551, 2.361, 2.426, 2.426, 2.317, 2.317, 2.332, 2.332, 2.142, 2.142, 2.285, 2.407, 2.285], "Total dispersion C6": 3018.863613, "Total dispersion C8": 64008.981002, "Polarizability alpha": [6.788, 6.63, 6.291, 5.822, 7.493, 6.264, 6.699, 6.772, 2.403, 2.436, 2.436, 2.38, 2.38, 2.388, 2.388, 2.289, 2.289, 2.364, 2.426, 2.364], "Total polarizability alpha": 81.299246,