{"total energy": -19.86232205, "HOMO-LUMO gap/eV": 4.03572423, "electronic energy": -20.12820376, "dipole": [0.01155148, 0.26295297, 1.26519083], "partial charges": [-0.10461483, -0.0504703, -0.08824348, 0.2402253, -0.14096775, -0.35426955, 0.03801413, 0.03371872, 0.03371873, 0.04466342, 0.04466339, 0.05615741, 0.05615736, 0.06224056, 0.06224048, 0.0667664], "atomic dipole moments": [[-0.08114844, -0.00886556, -0.05822572], [-0.01583958, 0.02660761, 0.12474247], [0.00217625, -0.01875094, -0.08964106], [-0.00225142, -0.00581263, -0.0283523], [0.07597231, -0.0088929, -0.02806651], [-0.00425943, 0.03498287, 0.167202], [0.1030341, -0.01820373, -0.0675685], [-0.00060674, -0.08300141, 0.0911851], [0.00723021, 0.11224212, 0.0505347], [0.00336697, 0.08266578, -0.09430942], [-0.00450267, -0.11339243, -0.0534894], [0.00235797, 0.11695025, 0.05453134], [-0.00576171, -0.08533741, 0.09664843], [-0.00325332, 0.11996271, 0.05434854], [-0.01158968, -0.08773224, 0.09759166], [-0.10176218, -0.0131758, -0.08290062]], "atomic quadrupole moments": [[0.12081835, 0.02431113, -0.12255907, 0.16429912, 0.01994628, 0.00174072], [0.24321613, -0.02000951, -0.24315377, -5.32e-05, 0.05308294, -6.236e-05], [0.19898073, -0.01821748, -0.23231479, -0.00187881, 0.05805325, 0.03333406], [-0.28205991, 0.03344794, 0.57957317, -0.01337001, -0.19061755, -0.29751326], [0.12210124, -0.03956266, -0.12008518, -0.14173896, 0.03198885, -0.00201607], [-0.12950394, 0.01502428, 0.24902968, -0.00414836, -0.08016844, -0.11952574], [0.04104522, -0.0150015, -0.05123496, -0.05351339, 0.01574472, 0.01018974], [-0.03755574, 0.01654845, 0.01776296, 0.0006842, -0.06511326, 0.01979277], [-0.03956754, -0.00751425, 0.06746934, 0.01049933, 0.04425048, -0.02790179], [-0.01450279, 0.003448, 0.01311546, -0.0034624, -0.04751326, 0.00138733], [-0.01485751, -0.00030284, 0.04639499, 0.00063137, 0.02809104, -0.03153748], [-0.01294013, 0.00511147, 0.04995425, -0.01681487, 0.0415755, -0.03701412], [-0.01399636, -0.00890426, 0.0072365, -0.01829478, -0.05910061, 0.00675986], [-0.03244967, 0.00385409, 0.06670238, 0.00898677, 0.05406012, -0.0342527], [-0.03230142, 0.00457505, 0.01069914, 0.00321879, -0.07424473, 0.02160228], [0.03184366, 0.00822879, -0.04850195, 0.05542066, 0.01178427, 0.01665829]], "number of molecular orbitals": 34, "number of electrons": 36, "number of unpaired electrons": 0, "orbital energies/eV": [-19.28595926, -17.47550671, -17.1082022, -16.49653386, -15.56822263, -15.31835872, -14.90689083, -14.69920987, -14.04690242, -13.87716097, -13.1609174, -13.06480797, -13.01886524, -12.78494971, -12.44175268, -12.04457138, -11.72293256, -10.73341783, -6.6976936, 1.48891876, 3.1940673, 3.6534977, 3.77955335, 4.15832793, 4.47854334, 4.77766148, 5.0021437, 5.57571329, 5.66473115, 5.94144945, 7.03410197, 7.4362587, 8.08414703, 17.3527253], "fractional occupation": [2.0, 2.0, 2.0, 2.0, 2.0, 2.0, 2.0, 2.0, 2.0, 2.0, 2.0, 2.0, 2.0, 2.0, 2.0, 2.0, 2.0, 2.0, 0.0, 0.0, 0.0, 0.0, 0.0, 0.0, 0.0, 0.0, 0.0, 0.0, 0.0, 0.0, 0.0, 0.0, 0.0, 0.0], "program call": "xtb /tmp/scratch/tmp76mc6bvo/4875_0_xyzopt.xyz --pop --wbo --acc 0.2 --gfn 2 --chrg 0 --uhf 0 --etemp 300 --input /tmp/scratch/tmp76mc6bvo/4875_0_xtb.inp", "method": "GFN2-xTB", "xtb version": "6.3.3 (7355c4f)", "Dipole module/D": 3.285, "Total charge": 0, "Transition dipole module/D": NaN, "HOMO": -10.7334, "LUMO": -6.6977, "HOMO occupancy": 2.0, "LUMO occupancy": 0, "mulliken charges": [-0.08924, -0.02855, -0.09172, 0.40604, -0.13394, -0.48504, 0.03472, 0.02741, 0.02741, 0.03779, 0.03779, 0.04459, 0.04459, 0.05235, 0.05235, 0.06347], "cm5 charges": [-0.2417, -0.13999, -0.19477, 0.42355, -0.27785, -0.53807, 0.0864, 0.07954, 0.07954, 0.09532, 0.09532, 0.10143, 0.10143, 0.10556, 0.10556, 0.11874], "FUKUI+": [0.018, 0.014, 0.032, -0.194, 0.051, -0.298, -0.04, -0.024, -0.024, -0.023, -0.023, -0.098, -0.098, -0.107, -0.107, -0.078], "FUKUI-": [0.015, 0.005, -0.013, -0.036, -0.004, -0.196, -0.097, -0.079, -0.079, -0.074, -0.074, -0.074, -0.074, -0.074, -0.074, -0.072], "FUKUIrad": [0.016, 0.01, 0.01, -0.115, 0.024, -0.247, -0.069, -0.052, -0.052, -0.048, -0.048, -0.086, -0.086, -0.091, -0.091, -0.075], "s proportion": [1.006, 1.022, 1.042, 1.066, 1.021, 1.728, 0.965, 0.973, 0.973, 0.962, 0.962, 0.955, 0.955, 0.948, 0.948, 0.937], "p proportion": [3.083, 3.006, 3.05, 2.528, 3.113, 4.757, 0.0, 0.0, 0.0, 0.0, 0.0, 0.0, 0.0, 0.0, 0.0, 0.0], "d proportion": [0.0, 0.0, 0.0, 0.0, 0.0, 0.0, 0.0, 0.0, 0.0, 0.0, 0.0, 0.0, 0.0, 0.0, 0.0, 0.0], "Fermi-level/eV": -8.7156, "Coordination numbers": [3.752, 3.801, 3.805, 2.81, 3.753, 0.857, 0.925, 0.925, 0.925, 0.924, 0.924, 0.924, 0.924, 0.925, 0.925, 0.925], "Dispersion coefficient C6": [22.559, 21.479, 22.18, 22.988, 23.275, 20.788, 2.475, 2.534, 2.534, 2.388, 2.388, 2.245, 2.245, 2.173, 2.173, 2.121], "Total dispersion C6": 1885.377607, "Total dispersion C8": 40239.47438, "Polarizability alpha": [6.773, 6.598, 6.705, 7.855, 6.879, 6.113, 2.46, 2.489, 2.489, 2.416, 2.416, 2.343, 2.343, 2.305, 2.305, 2.278], "Total polarizability alpha": 64.769935, "Wiberg matrix": [[0.0, 1.0197440065210248, 0.0, 0.0, 0.0, 0.0, 0.9870460993633527, 0.9877483903682442, 0.9877483914209009, 0.0, 0.0, 0.0, 0.0, 0.0, 0.0, 0.0], [1.0197440065210248, 0.0, 1.0080539164776885, 0.0, 0.0, 0.0, 0.0, 0.0, 0.0, 0.9772633084690021, 0.9772633111039148, 0.0, 0.0, 0.0, 0.0, 0.0], [0.0, 1.0080539164776885, 0.0, 0.9884002247164797, 0.0, 0.0, 0.0, 0.0, 0.0, 0.0, 0.0, 0.9524478255581067, 0.9524479105874912, 0.0, 0.0, 0.0], [0.0, 0.0, 0.9884002247164797, 0.0, 0.9985418022246666, 1.8733880194765953, 0.0, 0.0, 0.0, 0.0, 0.0, 0.0, 0.0, 0.0, 0.0, 0.0], [0.0, 0.0, 0.0, 0.9985418022246666, 0.0, 0.0, 0.0, 0.0, 0.0, 0.0, 0.0, 0.0, 0.0, 0.9645715713220371, 0.9645717241419854, 0.9836610421641219], [0.0, 0.0, 0.0, 1.8733880194765953, 0.0, 0.0, 0.0, 0.0, 0.0, 0.0, 0.0, 0.0, 0.0, 0.0, 0.0, 0.0], [0.9870460993633527, 0.0, 0.0, 0.0, 0.0, 0.0, 0.0, 0.0, 0.0, 0.0, 0.0, 0.0, 0.0, 0.0, 0.0, 0.0], [0.9877483903682442, 0.0, 0.0, 0.0, 0.0, 0.0, 0.0, 0.0, 0.0, 0.0, 0.0, 0.0, 0.0, 0.0, 0.0, 0.0], [0.9877483914209009, 0.0, 0.0, 0.0, 0.0, 0.0, 0.0, 0.0, 0.0, 0.0, 0.0, 0.0, 0.0, 0.0, 0.0, 0.0], [0.0, 0.9772633084690021, 0.0, 0.0, 0.0, 0.0, 0.0, 0.0, 0.0, 0.0, 0.0, 0.0, 0.0, 0.0, 0.0, 0.0], [0.0, 0.9772633111039148, 0.0, 0.0, 0.0, 0.0, 0.0, 0.0, 0.0, 0.0, 0.0, 0.0, 0.0, 0.0, 0.0, 0.0], [0.0, 0.0, 0.9524478255581067, 0.0, 0.0, 0.0, 0.0, 0.0, 0.0, 0.0, 0.0, 0.0, 0.0, 0.0, 0.0, 0.0], [0.0, 0.0, 0.9524479105874912, 0.0, 0.0, 0.0, 0.0, 0.0, 0.0, 0.0, 0.0, 0.0, 0.0, 0.0, 0.0, 0.0], [0.0, 0.0, 0.0, 0.0, 0.9645715713220371, 0.0, 0.0, 0.0, 0.0, 0.0, 0.0, 0.0, 0.0, 0.0, 0.0, 0.0], [0.0, 0.0, 0.0, 0.0, 0.9645717241419854, 0.0, 0.0, 0.0, 0.0, 0.0, 0.0, 0.0, 0.0, 0.0, 0.0, 0.0], [0.0, 0.0, 0.0, 0.0, 0.9836610421641219, 0.0, 0.0, 0.0, 0.0, 0.0, 0.0, 0.0, 0.0, 0.0, 0.0, 0.0]], "Born radii": [], "Atomic SASAs": [], "Solvent H bonds": [], "Total SASA": NaN, "Total FOD": 0.0, "FOD": [0.0, 0.0, 0.0, 0.0, 0.0, 0.0, 0.0, 0.0, 0.0, 0.0, 0.0, 0.0, 0.0, 0.0, 0.0, 0.0], "FOD s proportion": [0.0, 0.0, 0.0, 0.0, 0.0, 0.0, 0.0, 0.0, 0.0, 0.0, 0.0, 0.0, 0.0, 0.0, 0.0, 0.0], "FOD p proportion": [0.0, 0.0, 0.0, 0.0, 0.0, 0.0, 0.0, 0.0, 0.0, 0.0, 0.0, 0.0, 0.0, 0.0, 0.0, 0.0], "FOD d proportion": [0.0, 0.0, 0.0, 0.0, 0.0, 0.0, 0.0, 0.0, 0.0, 0.0, 0.0, 0.0, 0.0, 0.0, 0.0, 0.0],