{"total energy": -23.95663407, "HOMO-LUMO gap/eV": 5.17361252, "electronic energy": -24.22990079, "dipole": [-0.41227693, 0.11865315, 0.90083828], "partial charges": [-0.14627943, 0.36325388, -0.41544049, -0.27361455, 0.11960194, -0.11745948, -0.11553718, 0.07328031, 0.07451094, 0.07460844, 0.04842278, 0.05069389, 0.05718895, 0.05243816, 0.04831459, 0.04997962, 0.05603765], "atomic dipole moments": [[-0.08462907, -0.01222935, -0.04751532], [-0.13848223, 0.00738393, 0.0583173], [-0.00289733, 0.03876009, 0.19145284], [-0.01981729, -0.04727329, -0.23224689], [0.15903534, -0.01554448, 0.1612566], [0.07923993, -0.05975995, -0.07002548], [0.02174087, 0.11433008, 0.00278042], [0.10515113, -0.012073, -0.07829472], [-0.00481475, 0.1203644, 0.05636165], [0.00236299, -0.08959819, 0.0980926], [0.01675355, 0.04694649, -0.11760333], [-0.11211783, -0.0101087, -0.05577203], [-0.00568544, -0.04626907, 0.11786322], [0.03363824, 0.12249896, 0.00694316], [-0.11166557, -0.01443489, -0.05606832], [-0.00357083, -0.05011565, 0.11648988], [0.09040224, -0.06022013, -0.0703454]], "atomic quadrupole moments": [[0.12428683, 0.04153262, -0.13585468, 0.16247248, 0.03649129, 0.01156785], [-0.13753564, -0.04694476, 0.43600678, -0.11406845, -0.16267707, -0.29847114], [-0.10926615, -0.01268276, 0.18135722, -0.00881982, -0.05360601, -0.07209107], [0.0651082, 0.00791433, -0.06637451, 0.03351111, 0.0198965, 0.00126631], [0.31497934, 0.02333156, -0.10407042, 0.18940732, 0.13002724, -0.21090892], [0.06854416, -0.13482746, -0.03340118, -0.14659262, 0.11538178, -0.03514298], [-0.09735915, 0.09273166, 0.24415937, 0.00918713, 0.01685551, -0.14680022], [0.04827103, -0.00736655, -0.05170163, -0.05463838, 0.00947647, 0.00343059], [-0.03282573, -0.00529296, 0.06471616, -0.0054818, 0.05225303, -0.03189043], [-0.03330695, -0.00137615, 0.01372528, -0.00184497, -0.07154743, 0.01958167], [-0.00107949, -0.00027905, -0.00577034, 0.01019274, -0.00802808, 0.00684983], [0.0641259, 0.00689855, -0.04706832, 0.05236943, 0.01352568, -0.01705759], [-0.04690547, -0.00764514, -0.01662078, -0.00699342, -0.04561704, 0.06352625], [-0.03103285, 0.03611059, 0.07226847, -0.01004673, 0.00491918, -0.04123562], [0.06188688, 0.01210195, -0.03480281, 0.05664559, 0.00554743, -0.02708406], [-0.05285064, 0.0014776, -0.01835649, -0.0025342, -0.03772433, 0.07120713], [0.01974252, -0.03395227, -0.00735932, -0.05289542, 0.02379154, -0.01238321]], "number of molecular orbitals": 38, "number of electrons": 42, "number of unpaired electrons": 0, "orbital energies/eV": [-20.090969, -19.36482105, -18.36954961, -17.1402175, -16.78086786, -16.45085901, -16.07559044, -15.59815509, -15.23823121, -14.80257765, -14.13038119, -13.70719775, -13.46636248, -13.17668534, -13.07131191, -12.97564891, -12.82310586, -12.68236829, -12.14799612, -11.89133943, -11.25755952, -6.08394699, -0.07991445, 2.355343, 3.25012546, 3.57456346, 4.05290464, 4.1801543, 4.41487547, 5.08192053, 5.19849572, 5.75147088, 6.03286966, 6.51397156, 6.74868245, 7.12272369, 8.44630035, 17.95773717], "fractional occupation": [2.0, 2.0, 2.0, 2.0, 2.0, 2.0, 2.0, 2.0, 2.0, 2.0, 2.0, 2.0, 2.0, 2.0, 2.0, 2.0, 2.0, 2.0, 2.0, 2.0, 2.0, 0.0, 0.0, 0.0, 0.0, 0.0, 0.0, 0.0, 0.0, 0.0, 0.0, 0.0, 0.0, 0.0, 0.0, 0.0, 0.0, 0.0], "program call": "xtb /tmp/scratch/tmppwu67ei5/5067_0_xyzopt.xyz --pop --wbo --acc 0.2 --gfn 2 --chrg 0 --uhf 0 --etemp 300 --input /tmp/scratch/tmppwu67ei5/5067_0_xtb.inp", "method": "GFN2-xTB", "xtb version": "6.3.3 (7355c4f)", "Dipole module/D": 2.536, "Total charge": 0, "Transition dipole module/D": NaN, "HOMO": -11.2576, "LUMO": -6.0839, "HOMO occupancy": 2.0, "LUMO occupancy": 0, "mulliken charges": [-0.12408, 0.58768, -0.53263, -0.42558, 0.23082, -0.10081, -0.10488, 0.05794, 0.06075, 0.06043, 0.0424, 0.03402, 0.04245, 0.04419, 0.03432, 0.03855, 0.05443], "cm5 charges": [-0.26463, 0.63858, -0.58513, -0.50778, 0.18488, -0.24825, -0.25226, 0.11362, 0.11629, 0.11594, 0.11363, 0.08699, 0.09755, 0.09881, 0.0873, 0.09342, 0.11104], "FUKUI+": [0.05, -0.193, -0.281, -0.121, 0.015, 0.017, 0.019, -0.084, -0.11, -0.11, -0.024, -0.044, -0.03, -0.022, -0.05, -0.031, -0.002], "FUKUI-": [-0.005, -0.022, -0.187, -0.079, -0.004, 0.015, 0.012, -0.061, -0.077, -0.068, -0.088, -0.075, -0.097, -0.076, -0.066, -0.071, -0.053], "FUKUIrad": [0.023, -0.107, -0.234, -0.1, 0.005, 0.016, 0.015, -0.072, -0.093, -0.089, -0.056, -0.059, -0.063, -0.049, -0.058, -0.051, -0.027], "s proportion": [1.017, 0.974, 1.72, 1.688, 1.021, 1.012, 1.014, 0.942, 0.939, 0.94, 0.958, 0.966, 0.958, 0.956, 0.966, 0.961, 0.946], "p proportion": [3.107, 2.438, 4.812, 4.737, 2.748, 3.089, 3.091, 0.0, 0.0, 0.0, 0.0, 0.0, 0.0, 0.0, 0.0, 0.0, 0.0], "d proportion": [0.0, 0.0, 0.0, 0.0, 0.0, 0.0, 0.0, 0.0, 0.0, 0.0, 0.0, 0.0, 0.0, 0.0, 0.0, 0.0, 0.0], "Fermi-level/eV": -8.6708, "Coordination numbers": [3.753, 2.709, 0.856, 1.704, 3.744, 3.753, 3.752, 0.925, 0.925, 0.925, 0.923, 0.925, 0.925, 0.925, 0.925, 0.925, 0.925], "Dispersion coefficient C6": [23.383, 20.837, 21.992, 18.538, 18.695, 22.808, 22.771, 2.05, 2.037, 2.036, 2.34, 2.311, 2.232, 2.29, 2.341, 2.32, 2.246], "Total dispersion C6": 2212.395675, "Total dispersion C8": 47012.563357, "Polarizability alpha": [6.895, 7.472, 6.287, 5.813, 6.168, 6.81, 6.805, 2.239, 2.232, 2.231, 2.392, 2.377, 2.336, 2.366, 2.393, 2.382, 2.344], "Total polarizability alpha": 69.543187, "Wiberg matrix": [[0.0, 0.9833387430326257, 0.0, 0.0, 0.0, 0.0, 0.0, 0.9837364195226288, 0.9656311825848529, 0.9654659758682771, 0.0, 0.0, 0.0, 0.0, 0.0, 0.0, 0.0], [0.9833387430326257, 0.0, 1.7506823000605465, 1.141157617383669, 0.0, 0.0, 0.0, 0.0, 0.0, 0.0, 0.0, 0.0, 0.0, 0.0, 0.0, 0.0, 0.0], [0.0, 1.7506823000605465, 0.0, 0.17384381757247525, 0.0, 0.0, 0.0, 0.0, 0.0, 0.0, 0.0, 0.0, 0.0, 0.0, 0.0, 0.0, 0.0], [0.0, 1.141157617383669, 0.17384381757247525, 0.0, 0.9186472383937491, 0.0, 0.0, 0.0, 0.0, 0.0, 0.0, 0.0, 0.0, 0.0, 0.0, 0.0, 0.0], [0.0, 0.0, 0.0, 0.9186472383937491, 0.0, 1.0074499127812557, 1.0026005724225802, 0.0, 0.0, 0.0, 0.9610887228625498, 0.0, 0.0, 0.0, 0.0, 0.0, 0.0], [0.0, 0.0, 0.0, 0.0, 1.0074499127812557, 0.0, 0.0, 0.0, 0.0, 0.0, 0.0, 0.9838194857074409, 0.9844253012184889, 0.9851291952069943, 0.0, 0.0, 0.0], [0.0, 0.0, 0.0, 0.0, 1.0026005724225802, 0.0, 0.0, 0.0, 0.0, 0.0, 0.0, 0.0, 0.0, 0.0, 0.9838679441204969, 0.9855323493471176, 0.9842158438156557], [0.9837364195226288, 0.0, 0.0, 0.0, 0.0, 0.0, 0.0, 0.0, 0.0, 0.0, 0.0, 0.0, 0.0, 0.0, 0.0, 0.0, 0.0], [0.9656311825848529, 0.0, 0.0, 0.0, 0.0, 0.0, 0.0, 0.0, 0.0, 0.0, 0.0, 0.0, 0.0, 0.0, 0.0, 0.0, 0.0], [0.9654659758682771, 0.0, 0.0, 0.0, 0.0, 0.0, 0.0, 0.0, 0.0, 0.0, 0.0, 0.0, 0.0, 0.0, 0.0, 0.0, 0.0], [0.0, 0.0, 0.0, 0.0, 0.9610887228625498, 0.0, 0.0, 0.0, 0.0, 0.0, 0.0, 0.0, 0.0, 0.0, 0.0, 0.0, 0.0], [0.0, 0.0, 0.0, 0.0, 0.0, 0.9838194857074409, 0.0, 0.0, 0.0, 0.0, 0.0, 0.0, 0.0, 0.0, 0.0, 0.0, 0.0], [0.0, 0.0, 0.0, 0.0, 0.0, 0.9844253012184889, 0.0, 0.0, 0.0, 0.0, 0.0, 0.0, 0.0, 0.0, 0.0, 0.0, 0.0], [0.0, 0.0, 0.0, 0.0, 0.0, 0.9851291952069943, 0.0, 0.0, 0.0, 0.0, 0.0, 0.0, 0.0, 0.0, 0.0, 0.0, 0.0], [0.0, 0.0, 0.0, 0.0, 0.0, 0.0, 0.9838679441204969, 0.0, 0.0, 0.0, 0.0, 0.0, 0.0, 0.0, 0.0, 0.0, 0.0], [0.0, 0.0, 0.0, 0.0, 0.0, 0.0, 0.9855323493471176, 0.0, 0.0, 0.0, 0.0, 0.0, 0.0, 0.0, 0.0, 0.0, 0.0], [0.0, 0.0, 0.0, 0.0, 0.0, 0.0, 0.9842158438156557, 0.0, 0.0, 0.0, 0.0, 0.0, 0.0, 0.0, 0.0, 0.0, 0.0]], "Born radii": [], "Atomic SASAs": [], "Solvent H bonds": [], "Total SASA": NaN, "Total FOD": 0.0, "FOD": [0.0, 0.0, 0.0, 0.0, 0.0, 0.0, 0.0, 0.0, 0.0, 0.0, 0.0, 0.0, 0.0, 0.0, 0.0, 0.0, 0.0], "FOD s proportion": [0.0, 0.0, 0.0, 0.0, 0.0, 0.0, 0.0, 0.0, 0.0, 0.0, 0.0, 0.0, 0.0, 0.0, 0.0, 0.0, 0.0], "FOD p proportion": [0.0, 0.0, 0.0, 0.0, 0.0, 0.0, 0.0, 0.0, 0.0, 0.0, 0.0, 0.0, 0.0, 0.0, 0.0, 0.0, 0.0], "FOD d proportion": [0.0, 0.0, 0.0, 0.0, 0.0, 0.0, 0.0, 0.0, 0.0, 0.0, 0.0, 0.0, 0.0, 0.0, 0.0, 0.0, 0.0],