{"total energy": -23.02939508, "HOMO-LUMO gap/eV": 4.02591061, "electronic energy": -23.34263288, "dipole": [0.07037838, -0.91833116, 0.86265648], "partial charges": [-0.14031391, 0.24257746, -0.35819851, -0.09211329, -0.00641328, -0.10838654, -0.10613998, 0.06755955, 0.06605772, 0.05771133, 0.05062935, 0.06170458, 0.04960373, 0.03481775, 0.03894661, 0.03254957, 0.04046852, 0.03757283, 0.03136652], "atomic dipole moments": [[-0.06946407, 0.00070352, -0.03675075], [0.00075191, 0.02171417, -0.01705987], [0.01577093, -0.12441292, 0.11799914], [-0.01625304, 0.07894715, -0.04557277], [0.00857834, -0.04583119, 0.10248132], [0.06318615, 0.07567243, -0.00129003], [0.03551956, -0.07162381, -0.06026308], [-0.02768414, 0.04087109, 0.12252461], [0.09758442, 0.07585488, -0.04718588], [0.03791288, -0.1251927, 0.00736428], [3.443e-05, -0.03151079, 0.12425121], [0.03193401, -0.1061757, -0.06622665], [0.01152178, 0.04911508, -0.11633215], [-0.01148464, -0.04995192, 0.112192], [-0.11325648, 0.03519274, -0.03766914], [0.03988095, -0.08795754, -0.07734852], [0.07747815, 0.0997132, -0.00239746], [-0.11205519, 0.0374436, -0.03804932], [-0.01100505, -0.03997504, 0.11561386]], "atomic quadrupole moments": [[0.09018419, -0.02014964, -0.09977435, 0.16074227, -0.03832407, 0.00959016], [-0.13047063, -0.23265914, 0.0159341, -0.2557548, 0.39610818, 0.11453653], [-0.06371878, -0.09749795, 0.01087374, -0.10970525, 0.16526067, 0.05284504], [0.16919509, 0.05878288, 0.00496863, 0.07494678, -0.08151255, -0.17416372], [0.1243111, -0.01370991, 0.06187677, 0.03239486, 0.1037965, -0.18618787], [0.02598186, 0.1648173, 0.10160393, -0.00383655, 0.0089761, -0.12758579], [-0.06716319, -0.08898557, 0.05643693, -0.07330895, 0.15660462, 0.01072626], [-0.03449008, -0.00237623, -0.03343298, -0.03673043, 0.03964578, 0.06792305], [0.02670239, 0.04824393, -0.00461748, -0.02977559, -0.03575554, -0.02208492], [-0.02082776, -0.02754401, 0.08175463, 0.00429934, -0.00206363, -0.06092687], [-0.0058535, 0.00378356, -0.0534412, -0.00191941, -0.02204678, 0.0592947], [-0.01463115, -0.02917187, 0.02422153, -0.00204208, 0.05120756, -0.00959038], [-0.01511932, 0.00233536, -0.00953918, 0.00032028, -0.01183951, 0.0246585], [-0.04487214, 0.01153698, -0.02623041, 3.441e-05, -0.04049625, 0.07110255], [0.05803276, -0.03442819, -0.01727417, 0.03730358, -0.01731861, -0.04075859], [-0.01991466, -0.02515211, 0.01645435, -0.0394053, 0.05590574, 0.0034603], [0.01249108, 0.05980836, 0.0288533, -0.01341168, 0.00453152, -0.04134438], [0.05915674, -0.0340571, -0.03574328, 0.04265354, -0.00119724, -0.02341346], [-0.05191977, -0.00472767, -0.01498297, -0.00924032, -0.04495703, 0.06690274]], "number of molecular orbitals": 40, "number of electrons": 42, "number of unpaired electrons": 0, "orbital energies/eV": [-19.26032554, -17.47383993, -17.16598197, -16.57369697, -16.03988347, -15.53031532, -15.09430111, -14.81672151, -14.70102418, -14.06761173, -13.80927688, -13.37687662, -13.14463673, -13.02974857, -12.80599205, -12.69788907, -12.46930541, -11.98651038, -11.88258201, -11.6084708, -10.68414243, -6.65823182, 1.49173304, 2.61509955, 2.79180144, 3.62217857, 3.98397028, 4.22944299, 4.42486611, 4.83758205, 5.40945233, 5.46718831, 5.60297999, 6.08555701, 6.38885786, 6.56333052, 7.17251865, 7.53959836, 8.26949747, 17.40172739], "fractional occupation": [2.0, 2.0, 2.0, 2.0, 2.0, 2.0, 2.0, 2.0, 2.0, 2.0, 2.0, 2.0, 2.0, 2.0, 2.0, 2.0, 2.0, 2.0, 2.0, 2.0, 2.0, 0.0, 0.0, 0.0, 0.0, 0.0, 0.0, 0.0, 0.0, 0.0, 0.0, 0.0, 0.0, 0.0, 0.0, 0.0, 0.0, 0.0, 0.0, 0.0], "program call": "xtb /tmp/scratch/tmpi8uylzxn/5069_0_xyzopt.xyz --pop --wbo --acc 0.2 --gfn 2 --chrg 0 --uhf 0 --etemp 300 --input /tmp/scratch/tmpi8uylzxn/5069_0_xtb.inp", "method": "GFN2-xTB", "xtb version": "6.3.3 (7355c4f)", "Dipole module/D": 3.208, "Total charge": 0, "Transition dipole module/D": NaN, "HOMO": -10.6841, "LUMO": -6.6582, "HOMO occupancy": 2.0, "LUMO occupancy": 0, "mulliken charges": [-0.13319, 0.40664, -0.48688, -0.09867, 0.01138, -0.0955, -0.09499, 0.05827, 0.06336, 0.04692, 0.03605, 0.05535, 0.04008, 0.02749, 0.03477, 0.03017, 0.04219, 0.03326, 0.02331], "cm5 charges": [-0.27711, 0.42372, -0.54152, -0.20007, -0.06216, -0.24632, -0.24519, 0.11158, 0.11849, 0.10019, 0.09369, 0.11281, 0.10232, 0.08035, 0.08721, 0.08246, 0.09747, 0.08578, 0.07629], "FUKUI+": [0.051, -0.195, -0.294, 0.031, 0.004, 0.019, 0.019, -0.11, -0.079, -0.102, -0.087, -0.099, -0.015, -0.025, -0.039, -0.021, 0.01, -0.042, -0.025], "FUKUI-": [-0.003, -0.031, -0.18, -0.015, -0.012, 0.015, 0.022, -0.07, -0.07, -0.068, -0.065, -0.072, -0.066, -0.072, -0.085, -0.054, -0.044, -0.071, -0.059], "FUKUIrad": [0.024, -0.113, -0.237, 0.008, -0.004, 0.017, 0.02, -0.09, -0.074, -0.085, -0.076, -0.085, -0.041, -0.048, -0.062, -0.038, -0.017, -0.057, -0.042], "s proportion": [1.021, 1.066, 1.728, 1.046, 1.048, 1.01, 1.01, 0.942, 0.937, 0.953, 0.964, 0.945, 0.96, 0.973, 0.965, 0.97, 0.958, 0.967, 0.977], "p proportion": [3.112, 2.528, 4.759, 3.053, 2.941, 3.085, 3.085, 0.0, 0.0, 0.0, 0.0, 0.0, 0.0, 0.0, 0.0, 0.0, 0.0, 0.0, 0.0], "d proportion": [0.0, 0.0, 0.0, 0.0, 0.0, 0.0, 0.0, 0.0, 0.0, 0.0, 0.0, 0.0, 0.0, 0.0, 0.0, 0.0, 0.0, 0.0, 0.0], "Fermi-level/eV": -8.6712, "Coordination numbers": [3.754, 2.81, 0.857, 3.808, 3.85, 3.756, 3.756, 0.925, 0.925, 0.925, 0.924, 0.924, 0.924, 0.925, 0.925, 0.925, 0.925, 0.925, 0.925], "Dispersion coefficient C6": [23.262, 22.944, 20.863, 22.25, 20.658, 22.626, 22.582, 2.113, 2.129, 2.226, 2.312, 2.179, 2.325, 2.519, 2.463, 2.55, 2.443, 2.481, 2.567], "Total dispersion C6": 2627.535481, "Total dispersion C8": 56042.364185, "Polarizability alpha": [6.877, 7.848, 6.124, 6.715, 6.465, 6.782, 6.776, 2.273, 2.282, 2.333, 2.378, 2.309, 2.385, 2.482, 2.454, 2.497, 2.444, 2.463, 2.506], "Total polarizability alpha": 76.391945,