{"total energy": -23.27400458, "HOMO-LUMO gap/eV": 3.87953665, "electronic energy": -23.78138109, "dipole": [0.3593763, 0.01956095, -0.0015029], "partial charges": [-0.08544255, -0.04113594, -0.05836921, 0.03874318, -0.03113211, -0.02922571, -0.03137326, -0.02922996, -0.0311707, 0.05422246, 0.05439056, 0.05275912, 0.02917559, 0.02625055, 0.02607979, 0.02624541, 0.02921277], "atomic dipole moments": [[-0.0128685, -0.00064305, 0.00063677], [0.40920393, 0.02165523, -0.00700552], [-0.36133632, -0.01911427, 0.00599953], [-0.01118225, -0.00062242, 0.00017977], [0.00272033, 6.024e-05, 0.004755], [-0.00560307, -0.00033615, 0.0026872], [0.00251472, 0.00013437, -4.711e-05], [-0.00569047, -0.00024917, -0.002507], [0.00252586, 0.00021872, -0.00485322], [0.05149391, -0.10248264, 0.0642069], [0.04006749, 0.11091402, 0.05809881], [0.0431506, -0.00121889, -0.12385529], [0.07369412, 0.00617776, -0.13013083], [-0.07551411, -0.0017496, -0.12661773], [-0.14764019, -0.00782027, 0.00243588], [-0.07107277, -0.00601557, 0.12903297], [0.07818127, 0.00187709, 0.12763222]], "atomic quadrupole moments": [[0.11175684, 0.00895168, -0.0532205, -0.00147159, 8.71e-06, -0.05853634], [-0.9120872, -0.07385593, 0.47932369, 0.0219478, 0.00204695, 0.43276351], [-0.94074082, -0.07244977, 0.42333763, 0.02441585, -0.00030739, 0.51740319], [-0.20180256, -0.03519999, 0.46544811, -0.00163897, 0.01278306, -0.26364555], [-0.24776958, -0.03989964, 0.50293477, 0.01583833, 0.01426378, -0.25516519], [-0.26089013, -0.04098982, 0.51592204, -0.00098179, 0.01356377, -0.25503191], [-0.25707473, -0.04035621, 0.50709681, -0.00056859, 0.01333783, -0.25002208], [-0.2608755, -0.04100221, 0.51591519, -0.00021213, 0.01359653, -0.25503968], [-0.24893936, -0.03937823, 0.50300691, -0.01740087, 0.01240396, -0.25406754], [-0.0181637, -0.03353409, 0.03426517, 0.01992229, -0.05279589, -0.01610147], [-0.02490171, 0.02781893, 0.04693991, 0.0127372, 0.05107603, -0.0220382], [-0.0217444, 0.00047785, -0.05011517, -0.03235702, 0.00170176, 0.07185957], [0.03422417, 0.00537058, -0.0686139, 0.00309994, -0.00165505, 0.03438973], [0.03842609, 0.00589751, -0.07223699, -0.00322656, -0.00204694, 0.0338109], [0.03185646, 0.0054684, -0.07183693, 0.00023086, -0.00196156, 0.03998047], [0.03864658, 0.00579521, -0.07225103, 0.00325696, -0.00169305, 0.03360445], [0.03400513, 0.00546395, -0.06858848, -0.0029072, -0.00197473, 0.03458335]], "number of molecular orbitals": 44, "number of electrons": 44, "number of unpaired electrons": 0, "orbital energies/eV": [-17.43482677, -16.82333128, -16.6476539, -16.58753692, -16.16309674, -15.47760824, -15.45867886, -14.53502944, -13.81910142, -13.45805053, -13.37274197, -13.27749705, -13.25116959, -12.9565707, -12.90286742, -12.79930462, -11.6175293, -11.51799335, -11.51381901, -10.90494547, -10.68113615, -10.24098462, -6.36144797, -5.94103652, -3.90306377, -3.5794587, -1.47737565, 1.72199185, 3.51909744, 4.09953117, 4.69363327, 4.76054542, 5.29019716, 5.78222302, 6.29141555, 6.35313662, 7.83781153, 11.40818007, 11.58710903, 12.42275504, 12.52787447, 17.13752408, 18.31612905, 38.98047959], "fractional occupation": [2.0, 2.0, 2.0, 2.0, 2.0, 2.0, 2.0, 2.0, 2.0, 2.0, 2.0, 2.0, 2.0, 2.0, 2.0, 2.0, 2.0, 2.0, 2.0, 2.0, 2.0, 2.0, 0.0, 0.0, 0.0, 0.0, 0.0, 0.0, 0.0, 0.0, 0.0, 0.0, 0.0, 0.0, 0.0, 0.0, 0.0, 0.0, 0.0, 0.0, 0.0, 0.0, 0.0, 0.0], "program call": "xtb /tmp/scratch/tmpe60raw8l/507886_d77d00_xyzopt.xyz --pop --wbo --acc 0.2 --gfn 2 --chrg 0 --uhf 0 --etemp 300 --input /tmp/scratch/tmpe60raw8l/507886_d77d00_xtb.inp", "method": "GFN2-xTB", "xtb version": "6.3.3 (7355c4f)", "Dipole module/D": 0.915, "Total charge": 0, "Transition dipole module/D": NaN, "HOMO": -10.241, "LUMO": -6.3614, "HOMO occupancy": 2.0, "LUMO occupancy": 0, "mulliken charges": [-0.05698, -0.03949, -0.06792, 0.03483, -0.03467, -0.02702, -0.03259, -0.02702, -0.03469, 0.04481, 0.04495, 0.04363, 0.03236, 0.02925, 0.02896, 0.02925, 0.03234], "cm5 charges": [-0.20027, -0.0519, -0.07073, 0.02737, -0.08756, -0.0832, -0.08897, -0.0832, -0.08758, 0.0969, 0.09703, 0.09572, 0.08983, 0.08569, 0.08538, 0.08568, 0.08981], "FUKUI+": [0.031, -0.118, -0.041, -0.085, -0.035, -0.03, -0.076, -0.03, -0.035, -0.06, -0.061, -0.055, -0.076, -0.081, -0.091, -0.081, -0.076], "FUKUI-": [0.023, -0.104, -0.075, -0.054, -0.034, -0.028, -0.064, -0.028, -0.034, -0.094, -0.097, -0.07, -0.062, -0.07, -0.078, -0.07, -0.062], "FUKUIrad": [0.027, -0.111, -0.058, -0.069, -0.035, -0.029, -0.07, -0.029, -0.035, -0.077, -0.079, -0.062, -0.069, -0.075, -0.085, -0.075, -0.069], "s proportion": [0.993, 1.1, 1.093, 1.064, 1.058, 1.056, 1.056, 1.056, 1.058, 0.955, 0.955, 0.956, 0.968, 0.971, 0.971, 0.971, 0.968], "p proportion": [3.064, 2.94, 2.975, 2.901, 2.976, 2.971, 2.977, 2.971, 2.976, 0.0, 0.0, 0.0, 0.0, 0.0, 0.0, 0.0, 0.0], "d proportion": [0.0, 0.0, 0.0, 0.0, 0.0, 0.0, 0.0, 0.0, 0.0, 0.0, 0.0, 0.0, 0.0, 0.0, 0.0, 0.0, 0.0], "Fermi-level/eV": -8.3012, "Coordination numbers": [3.753, 1.961, 1.981, 2.972, 2.927, 2.919, 2.92, 2.919, 2.927, 0.924, 0.924, 0.925, 0.926, 0.926, 0.926, 0.926, 0.926], "Dispersion coefficient C6": [22.19, 32.174, 32.632, 27.128, 28.777, 28.73, 28.783, 28.73, 28.778, 2.268, 2.266, 2.286, 2.598, 2.64, 2.643, 2.64, 2.597], "Total dispersion C6": 3684.977684, "Total dispersion C8": 91495.989601, "Polarizability alpha": [6.717, 9.16, 9.225, 8.543, 8.797, 8.79, 8.798, 8.79, 8.797, 2.355, 2.354, 2.364, 2.521, 2.541, 2.542, 2.541, 2.52], "Total polarizability alpha": 97.356235, "Wiberg matrix": [[0.0, 1.070628882414562, 0.0, 0.0, 0.0, 0.0, 0.0, 0.0, 0.0, 0.9626029471564153, 0.9623036090202167, 0.965240148124523, 0.0, 0.0, 0.0, 0.0, 0.0], [1.070628882414562, 0.0, 2.7366126724705806, 0.0, 0.0, 0.0, 0.0, 0.0, 0.0, 0.0, 0.0, 0.0, 0.0, 0.0, 0.0, 0.0, 0.0], [0.0, 2.7366126724705806, 0.0, 1.1106947849199866, 0.0, 0.0, 0.0, 0.0, 0.0, 0.0, 0.0, 0.0, 0.0, 0.0, 0.0, 0.0, 0.0], [0.0, 0.0, 1.1106947849199866, 0.0, 1.3649354268037195, 0.0, 0.10174195733971467, 0.0, 1.3649672422788175, 0.0, 0.0, 0.0, 0.0, 0.0, 0.0, 0.0, 0.0], [0.0, 0.0, 0.0, 1.3649354268037195, 0.0, 1.456465317097592, 0.0, 0.10648652423495387, 0.0, 0.0, 0.0, 0.0, 0.9712521267425531, 0.0, 0.0, 0.0, 0.0], [0.0, 0.0, 0.0, 0.0, 1.456465317097592, 0.0, 1.4316089894280184, 0.0, 0.10648257215627224, 0.0, 0.0, 0.0, 0.0, 0.9708699002297256, 0.0, 0.0, 0.0], [0.0, 0.0, 0.0, 0.10174195733971467, 0.0, 1.4316089894280184, 0.0, 1.4316293894001233, 0.0, 0.0, 0.0, 0.0, 0.0, 0.0, 0.9719119726989919, 0.0, 0.0], [0.0, 0.0, 0.0, 0.0, 0.10648652423495387, 0.0, 1.4316293894001233, 0.0, 1.4564415338758712, 0.0, 0.0, 0.0, 0.0, 0.0, 0.0, 0.970871006971507, 0.0], [0.0, 0.0, 0.0, 1.3649672422788175, 0.0, 0.10648257215627224, 0.0, 1.4564415338758712, 0.0, 0.0, 0.0, 0.0, 0.0, 0.0, 0.0, 0.0, 0.9712492818946539], [0.9626029471564153, 0.0, 0.0, 0.0, 0.0, 0.0, 0.0, 0.0, 0.0, 0.0, 0.0, 0.0, 0.0, 0.0, 0.0, 0.0, 0.0], [0.9623036090202167, 0.0, 0.0, 0.0, 0.0, 0.0, 0.0, 0.0, 0.0, 0.0, 0.0, 0.0, 0.0, 0.0, 0.0, 0.0, 0.0], [0.965240148124523, 0.0, 0.0, 0.0, 0.0, 0.0, 0.0, 0.0, 0.0, 0.0, 0.0, 0.0, 0.0, 0.0, 0.0, 0.0, 0.0], [0.0, 0.0, 0.0, 0.0, 0.9712521267425531, 0.0, 0.0, 0.0, 0.0, 0.0, 0.0, 0.0, 0.0, 0.0, 0.0, 0.0, 0.0], [0.0, 0.0, 0.0, 0.0, 0.0, 0.9708699002297256, 0.0, 0.0, 0.0, 0.0, 0.0, 0.0, 0.0, 0.0, 0.0, 0.0, 0.0], [0.0, 0.0, 0.0, 0.0, 0.0, 0.0, 0.9719119726989919, 0.0, 0.0, 0.0, 0.0, 0.0, 0.0, 0.0, 0.0, 0.0, 0.0], [0.0, 0.0, 0.0, 0.0, 0.0, 0.0, 0.0, 0.970871006971507, 0.0, 0.0, 0.0, 0.0, 0.0, 0.0, 0.0, 0.0, 0.0], [0.0, 0.0, 0.0, 0.0, 0.0, 0.0, 0.0, 0.0, 0.9712492818946539, 0.0, 0.0, 0.0, 0.0, 0.0, 0.0, 0.0, 0.0]], "Born radii": [], "Atomic SASAs": [], "Solvent H bonds": [], "Total SASA": NaN, "Total FOD": 0.0, "FOD": [0.0, 0.0, 0.0, 0.0, 0.0, 0.0, 0.0, 0.0, 0.0, 0.0, 0.0, 0.0, 0.0, 0.0, 0.0, 0.0, 0.0], "FOD s proportion": [0.0, 0.0, 0.0, 0.0, 0.0, 0.0, 0.0, 0.0, 0.0, 0.0, 0.0, 0.0, 0.0, 0.0, 0.0, 0.0, 0.0], "FOD p proportion": [0.0, 0.0, 0.0, 0.0, 0.0, 0.0, 0.0, 0.0, 0.0, 0.0, 0.0, 0.0, 0.0, 0.0, 0.0, 0.0, 0.0],