{"total energy": -24.32074593, "HOMO-LUMO gap/eV": 4.63408945, "electronic energy": -24.79130364, "dipole": [0.03824522, 0.09735994, -0.01061265], "partial charges": [-0.0941788, -0.02183479, -0.06312419, 0.01672366, -0.03785549, -0.03072014, -0.03331034, -0.03036636, -0.03726082, 0.03590518, 0.03435748, 0.0310364, 0.04377576, 0.0436289, 0.02805801, 0.02835681, 0.02797394, 0.02858402, 0.03025077], "atomic dipole moments": [[0.05563556, -0.03537158, 0.02964395], [-0.11218127, 0.10474857, 0.00776233], [-0.03232382, -0.07391843, -0.02553516], [0.08716819, 0.0261776, -0.00733221], [0.00029435, -0.00549238, 0.00691279], [0.00109538, -0.00120134, 0.00248885], [0.00335673, 0.00066684, 0.00133884], [-0.0002899, 0.00143874, -0.00274137], [-0.00094168, 0.00286082, -0.00916885], [0.04292398, 0.04093636, 0.1337951], [0.07147731, -0.10924114, -0.06629808], [-0.03965588, -0.04574072, -0.13382756], [0.04813063, 0.02960377, 0.11420397], [0.00487073, 0.10242782, -0.07481731], [0.0369221, 0.0860385, -0.11274982], [-0.09897244, 0.04007612, -0.10077907], [-0.13925055, -0.04679249, 0.01163885], [-0.03865816, -0.08626601, 0.11237129], [0.09954759, -0.04088608, 0.10036942]], "atomic quadrupole moments": [[0.03826896, 0.39790612, 0.10458817, -0.25630642, -0.21574474, -0.14285713], [0.01330369, 0.31471674, 0.16967746, -0.34640932, -0.1167931, -0.18298114], [0.1439746, -0.0351084, -0.0126273, -0.05952882, 0.05626766, -0.1313473], [-0.05532969, -0.05462763, 0.17736075, -0.12084212, 0.33221478, -0.12203106], [-0.20476366, -0.12875425, 0.23746488, -0.09663659, 0.32522213, -0.03270122], [-0.21944534, -0.14110928, 0.24894785, -0.09637796, 0.33912728, -0.02950251], [-0.21865558, -0.14157746, 0.24512606, -0.09148492, 0.33342322, -0.02647048], [-0.21954363, -0.14326676, 0.24837329, -0.09287927, 0.34039138, -0.02882966], [-0.20642927, -0.1334059, 0.23887295, -0.0933559, 0.33173719, -0.03244369], [-0.01696828, -0.02917826, -0.01921969, 0.03112261, 0.03202223, 0.03618797], [-0.0075101, -0.05073798, -0.00092945, 0.01375521, 0.0341649, 0.00843955], [-0.00416893, -0.04732029, -0.0100808, 0.0282534, 0.02236545, 0.01424973], [-0.01339789, 0.00399135, -0.0358042, 0.0235557, 0.01766036, 0.04920209], [-0.02280091, 0.00247785, 0.0210605, 0.00026982, -0.05066785, 0.00174041], [0.03167166, 0.02033233, -0.03522596, 0.01304433, -0.04677875, 0.0035543], [0.03124203, 0.02199766, -0.03457781, 0.01103567, -0.04837458, 0.00333578], [0.02824873, 0.0186932, -0.03445911, 0.01398673, -0.04881799, 0.00621037], [0.03364654, 0.01993305, -0.03629359, 0.01510672, -0.04665012, 0.00264706], [0.02990253, 0.02103553, -0.03413842, 0.01238979, -0.04721461, 0.00423589]], "number of molecular orbitals": 46, "number of electrons": 46, "number of unpaired electrons": 0, "orbital energies/eV": [-17.4807817, -17.0646619, -16.65466812, -16.59897457, -16.0868332, -15.51183655, -15.3013579, -14.84485725, -14.30936876, -13.86821741, -13.52112154, -13.42417848, -13.17535734, -12.92726922, -12.85272063, -12.67740387, -12.20825647, -11.81335665, -11.56257609, -11.36400943, -10.91948678, -10.88250914, -10.65486374, -6.02077429, -5.96175371, -5.37935647, -2.42671189, 2.81675335, 3.26241328, 3.52395024, 3.73746672, 4.40927816, 4.5114366, 5.26438505, 5.28228106, 5.62193835, 5.84399894, 6.48410993, 10.9337171, 11.29872003, 11.51157772, 12.31938514, 12.5934709, 16.83853261, 17.45723169, 18.19655052], "fractional occupation": [2.0, 2.0, 2.0, 2.0, 2.0, 2.0, 2.0, 2.0, 2.0, 2.0, 2.0, 2.0, 2.0, 2.0, 2.0, 2.0, 2.0, 2.0, 2.0, 2.0, 2.0, 2.0, 2.0, 0.0, 0.0, 0.0, 0.0, 0.0, 0.0, 0.0, 0.0, 0.0, 0.0, 0.0, 0.0, 0.0, 0.0, 0.0, 0.0, 0.0, 0.0, 0.0, 0.0, 0.0, 0.0, 0.0], "program call": "xtb /tmp/scratch/tmpf2xppytz/507901_578e4a_xyzopt.xyz --pop --wbo --acc 0.2 --gfn 2 --chrg 0 --uhf 0 --etemp 300 --input /tmp/scratch/tmpf2xppytz/507901_578e4a_xtb.inp", "method": "GFN2-xTB", "xtb version": "6.3.3 (7355c4f)", "Dipole module/D": 0.267, "Total charge": 0, "Transition dipole module/D": NaN, "HOMO": -10.6549, "LUMO": -6.0208, "HOMO occupancy": 2.0, "LUMO occupancy": 0, "mulliken charges": [-0.08658, -0.01481, -0.04717, 0.01266, -0.04236, -0.02588, -0.03338, -0.02591, -0.04048, 0.0291, 0.03335, 0.02646, 0.03439, 0.03641, 0.0284, 0.02863, 0.02874, 0.02877, 0.02968], "cm5 charges": [-0.1907, -0.07906, -0.14796, -0.00278, -0.09662, -0.08221, -0.0898, -0.08222, -0.09453, 0.08313, 0.08682, 0.08341, 0.09134, 0.09259, 0.0857, 0.08508, 0.08518, 0.08522, 0.08739], "FUKUI+": [-0.047, -0.043, 0.019, -0.057, -0.038, -0.036, -0.054, -0.041, -0.03, -0.067, -0.075, -0.056, -0.049, -0.058, -0.071, -0.076, -0.081, -0.076, -0.064], "FUKUI-": [-0.043, -0.038, 0.006, -0.054, -0.026, -0.033, -0.058, -0.029, -0.03, -0.072, -0.086, -0.066, -0.066, -0.066, -0.063, -0.07, -0.079, -0.071, -0.057], "FUKUIrad": [-0.045, -0.04, 0.012, -0.056, -0.032, -0.034, -0.056, -0.035, -0.03, -0.069, -0.08, -0.061, -0.058, -0.062, -0.067, -0.073, -0.08, -0.073, -0.06], "s proportion": [1.042, 1.066, 1.026, 1.084, 1.057, 1.055, 1.055, 1.056, 1.057, 0.971, 0.967, 0.974, 0.966, 0.964, 0.972, 0.971, 0.971, 0.971, 0.97], "p proportion": [3.045, 2.949, 3.021, 2.903, 2.985, 2.97, 2.979, 2.97, 2.983, 0.0, 0.0, 0.0, 0.0, 0.0, 0.0, 0.0, 0.0, 0.0, 0.0], "d proportion": [0.0, 0.0, 0.0, 0.0, 0.0, 0.0, 0.0, 0.0, 0.0, 0.0, 0.0, 0.0, 0.0, 0.0, 0.0, 0.0, 0.0, 0.0, 0.0], "Fermi-level/eV": -8.3378, "Coordination numbers": [2.837, 2.891, 3.812, 2.975, 2.925, 2.919, 2.92, 2.919, 2.925, 0.926, 0.926, 0.925, 0.924, 0.924, 0.925, 0.926, 0.926, 0.926, 0.926], "Dispersion coefficient C6": [30.357, 28.549, 21.702, 27.633, 28.941, 28.767, 28.83, 28.758, 28.927, 2.504, 2.525, 2.572, 2.399, 2.401, 2.614, 2.61, 2.615, 2.606, 2.583], "Total dispersion C6": 4035.730642, "Total dispersion C8": 96943.305618, "Polarizability alpha": [9.029, 8.76, 6.631, 8.623, 8.822, 8.795, 8.805, 8.794, 8.82, 2.474, 2.485, 2.508, 2.422, 2.423, 2.528, 2.526, 2.529, 2.525, 2.513], "Total polarizability alpha": 102.013445,