{"total energy": -22.09942536, "HOMO-LUMO gap/eV": 5.39442287, "electronic energy": -22.461951, "dipole": [0.16348143, -0.00186498, 0.06808405], "partial charges": [-0.095396, -0.02747731, -0.05863508, -0.05444164, -0.05871564, -0.0527959, -0.10216426, 0.03462873, 0.0325012, 0.02951022, 0.03646139, 0.03763982, 0.0300395, 0.03040312, 0.03016239, 0.03059326, 0.0289157, 0.02866529, 0.03311804, 0.03345468, 0.03353249], "atomic dipole moments": [[-0.05471997, 0.03037686, -0.03747099], [0.13412936, 0.008954, 0.06819775], [0.02125974, -0.0788796, -0.05750343], [0.00067664, 0.08774946, 0.07103101], [-0.00671756, -0.08839708, -0.07216873], [0.00452, 0.08719435, 0.0709907], [-0.08128566, -0.04314418, -0.03219525], [0.01289092, 0.14103858, -0.03640465], [-0.11907507, -0.07267988, -0.04246946], [-0.01835025, -0.14028204, 0.03264491], [-0.00085324, 0.12023857, -0.03122247], [0.00811245, -0.00748424, 0.12376915], [-0.00690317, 0.00623105, -0.12317643], [-0.00010308, -0.11895747, 0.03041717], [0.0058859, -0.00621728, 0.12171034], [0.00019519, 0.11835585, -0.03042891], [-0.00509481, 0.0063076, -0.12201064], [0.00079219, -0.11825828, 0.03050398], [0.09838046, -0.05611264, -0.04953971], [0.00937087, -0.00709542, 0.12282369], [0.0035378, 0.11922282, -0.03177648]], "atomic quadrupole moments": [[-0.11984972, -0.07691382, -0.22261009, -0.37597849, 0.21722967, 0.34245981], [-0.02984452, 0.03931963, -0.25240662, -0.33984293, 0.27598411, 0.28225114], [0.19903702, -0.02127197, -0.07295288, -0.01970915, 0.10703856, -0.12608413], [0.22754867, -0.00491378, -0.08533028, -0.02393631, 0.12826855, -0.14221839], [0.22641112, 0.00354957, -0.08761582, -0.01461034, 0.1316559, -0.13879529], [0.22242816, 0.0058535, -0.08591795, -0.01272632, 0.12386261, -0.13651021], [0.13904111, 0.12450389, -0.05376731, 0.09170498, 0.05488969, -0.08527381], [-0.00518765, 0.0136047, 0.04716091, 0.02972717, -0.02797083, -0.04197326], [0.02441069, 0.02472806, 0.01790976, 0.04390673, -0.01389522, -0.04232045], [0.01339339, 0.00844417, 0.02432188, 0.04556793, -0.02529434, -0.03771527], [-0.01868454, 0.00026306, 0.04974503, -0.00094124, -0.03113669, -0.0310605], [-0.02826809, -0.00528124, -0.03282801, 0.00276475, -0.01323004, 0.0610961], [-0.01911903, -0.00026282, -0.03610915, 0.002931, -0.01416826, 0.05522818], [-0.02046728, 0.00019745, 0.04724575, -0.00086162, -0.03155688, -0.02677847], [-0.0208324, -0.00082778, -0.0365, 0.00305964, -0.01427464, 0.05733239], [-0.02054408, -0.00095076, 0.04784859, -0.00066094, -0.03120912, -0.02730451], [-0.01774405, -0.00092955, -0.03836124, 0.00280617, -0.01416063, 0.05610529], [-0.01799341, -0.00104659, 0.04706365, -0.00084445, -0.03166687, -0.02907024], [0.03500081, -0.04278293, -0.01154614, -0.03834725, 0.03770051, -0.02345467], [-0.03762944, 0.01193259, -0.04568569, 0.00145916, -0.01354582, 0.08331512], [-0.03656663, -0.00188632, 0.07288286, 0.01285545, -0.0372361, -0.03631623]], "number of molecular orbitals": 42, "number of electrons": 42, "number of unpaired electrons": 0, "orbital energies/eV": [-17.00494913, -16.81125088, -16.4684728, -15.94405957, -15.27869626, -15.12932335, -14.70932804, -14.18022283, -13.76551371, -13.49149249, -13.37291552, -13.08824028, -12.75891307, -12.4178007, -12.28208757, -11.944302, -11.77794199, -11.62762702, -11.45975966, -11.40854726, -10.77842633, -5.38400346, 1.76997009, 3.01740913, 3.1212693, 3.49635293, 3.71348909, 3.98090639, 4.31502271, 4.69294547, 4.86482802, 5.05280063, 5.42877259, 5.68572046, 6.16643773, 6.46083799, 6.92595965, 7.3813283, 7.61258094, 8.52577862, 11.70574233, 17.12730029], "fractional occupation": [2.0, 2.0, 2.0, 2.0, 2.0, 2.0, 2.0, 2.0, 2.0, 2.0, 2.0, 2.0, 2.0, 2.0, 2.0, 2.0, 2.0, 2.0, 2.0, 2.0, 2.0, 0.0, 0.0, 0.0, 0.0, 0.0, 0.0, 0.0, 0.0, 0.0, 0.0, 0.0, 0.0, 0.0, 0.0, 0.0, 0.0, 0.0, 0.0, 0.0, 0.0, 0.0], "program call": "xtb /tmp/scratch/tmpwlqp_2t7/508067_b0a965_xyzopt.xyz --pop --wbo --acc 0.2 --gfn 2 --chrg 0 --uhf 0 --etemp 300 --input /tmp/scratch/tmpwlqp_2t7/508067_b0a965_xtb.inp", "method": "GFN2-xTB", "xtb version": "6.3.3 (7355c4f)", "Dipole module/D": 0.45, "Total charge": 0, "Transition dipole module/D": NaN, "HOMO": -10.7784, "LUMO": -5.384, "HOMO occupancy": 2.0, "LUMO occupancy": 0, "mulliken charges": [-0.08708, -0.01952, -0.04413, -0.04243, -0.04785, -0.03918, -0.08561, 0.02835, 0.03113, 0.02399, 0.02696, 0.03082, 0.02449, 0.02378, 0.02282, 0.02334, 0.02264, 0.02237, 0.02956, 0.02773, 0.02783], "cm5 charges": [-0.19126, -0.08511, -0.15152, -0.15346, -0.15971, -0.15278, -0.23828, 0.08236, 0.08455, 0.08054, 0.08345, 0.08633, 0.0806, 0.07978, 0.07875, 0.07932, 0.07785, 0.07757, 0.08113, 0.07989, 0.07999], "FUKUI+": [-0.126, -0.158, 0.027, 0.001, 0.006, 0.003, 0.009, -0.155, -0.152, -0.144, -0.06, -0.089, -0.024, -0.031, -0.021, -0.019, -0.011, -0.012, -0.021, -0.012, -0.011], "FUKUI-": [-0.059, -0.045, 0.006, 0.005, 0.009, 0.004, 0.018, -0.071, -0.08, -0.066, -0.049, -0.081, -0.055, -0.049, -0.067, -0.063, -0.079, -0.081, -0.065, -0.066, -0.067], "FUKUIrad": [-0.092, -0.102, 0.017, 0.003, 0.008, 0.004, 0.013, -0.113, -0.116, -0.105, -0.055, -0.085, -0.039, -0.04, -0.044, -0.041, -0.045, -0.047, -0.043, -0.039, -0.039], "s proportion": [1.042, 1.066, 1.027, 1.031, 1.031, 1.026, 1.005, 0.972, 0.969, 0.976, 0.973, 0.969, 0.976, 0.976, 0.977, 0.977, 0.977, 0.978, 0.97, 0.972, 0.972], "p proportion": [3.045, 2.954, 3.017, 3.012, 3.017, 3.013, 3.081, 0.0, 0.0, 0.0, 0.0, 0.0, 0.0, 0.0, 0.0, 0.0, 0.0, 0.0, 0.0, 0.0, 0.0], "d proportion": [0.0, 0.0, 0.0, 0.0, 0.0, 0.0, 0.0, 0.0, 0.0, 0.0, 0.0, 0.0, 0.0, 0.0, 0.0, 0.0, 0.0, 0.0, 0.0, 0.0, 0.0], "Fermi-level/eV": -8.0812, "Coordination numbers": [2.837, 2.887, 3.807, 3.804, 3.803, 3.801, 3.752, 0.926, 0.926, 0.925, 0.924, 0.924, 0.924, 0.924, 0.924, 0.924, 0.924, 0.924, 0.925, 0.925, 0.925], "Dispersion coefficient C6": [30.389, 28.686, 21.624, 21.549, 21.629, 21.522, 22.512, 2.521, 2.551, 2.593, 2.497, 2.481, 2.586, 2.581, 2.584, 2.578, 2.602, 2.606, 2.543, 2.538, 2.537], "Total dispersion C6": 3191.434726, "Total dispersion C8": 68288.395446, "Polarizability alpha": [9.034, 8.781, 6.62, 6.609, 6.621, 6.605, 6.766, 2.483, 2.498, 2.518, 2.471, 2.463, 2.515, 2.512, 2.514, 2.511, 2.523, 2.524, 2.494, 2.491, 2.491], "Total polarizability alpha": 86.042485,