{"total energy": -22.10299746, "HOMO-LUMO gap/eV": 5.2257918, "electronic energy": -22.46635543, "dipole": [-0.02489417, 0.12719463, 0.02673341], "partial charges": [-0.1007395, -0.04053409, -0.04555375, -0.05626355, -0.05490049, -0.05226537, -0.10196644, 0.0403365, 0.04013621, 0.04042512, 0.02372003, 0.02352101, 0.0329306, 0.0339073, 0.03083257, 0.03057812, 0.02793256, 0.02851627, 0.03274791, 0.03333345, 0.03330554], "atomic dipole moments": [[-0.01576343, -0.0596971, -0.01398684], [0.08831686, 0.107632, 0.04422739], [-0.12928774, 0.04285836, -0.05048748], [-0.02602121, -0.05195014, 0.08058959], [0.00072943, 0.06715371, -0.09146177], [-0.00137938, -0.06617556, 0.09029639], [0.0730778, 0.01075071, -0.0622079], [0.03761924, 0.00676007, 0.11972858], [-0.08686092, 0.08853738, -0.01706099], [0.10026724, 0.02922151, -0.07108273], [0.08916612, -0.1056469, 0.03019013], [-0.02075879, -0.13910243, -0.01715179], [-0.03818706, -0.03152875, -0.11293187], [0.03361309, 0.11846885, -0.00576744], [0.03789891, 0.03012095, 0.11348343], [-0.03556037, -0.11762223, 0.00359016], [0.03500699, 0.11690509, -0.00306078], [-0.03659556, -0.03012944, -0.11253984], [-0.09418841, 0.0719697, -0.03476777], [0.03321206, 0.0322687, 0.11450959], [-0.03981688, -0.11682623, 0.00325125]], "atomic quadrupole moments": [[-0.05000316, 0.07786505, 0.1353122, 0.03033237, 0.04750685, -0.08530904], [-0.28403713, 0.06409131, -0.0826839, -0.3326078, -0.01918894, 0.36672103], [-0.15325672, -0.14270345, -0.22054128, -0.30048948, -0.10801412, 0.37379799], [0.14095434, -0.08351816, -0.09326195, -0.0997958, -0.06970002, -0.04769239], [0.16537867, -0.12572259, -0.11373167, -0.1054041, -0.09515972, -0.05164699], [0.16166282, -0.12151019, -0.11075931, -0.09824803, -0.09097456, -0.05090351], [0.09332482, 0.01963709, -0.11550955, -0.17071988, -0.02764907, 0.02218473], [-0.04495428, -0.00237804, -0.0315948, 0.03785001, 0.00045098, 0.07654908], [0.0372254, -0.05370374, 0.01273961, 0.02475715, -0.01054542, -0.04996501], [0.03435083, 0.01707326, -0.03292225, -0.06609741, -0.01065036, -0.00142858], [0.02770443, 0.00322843, 0.03053773, 0.04709353, 0.01126861, -0.05824215], [0.02700808, 0.00154316, 0.02884236, 0.0504656, 0.00713397, -0.05585044], [-0.02057885, 0.00708432, -0.0217052, 0.02569216, 0.02731688, 0.04228405], [-0.00887464, 0.02758453, 0.04884065, -0.00162644, 0.00869174, -0.039966], [-0.01317425, 0.00488759, -0.02530339, 0.02270092, 0.03033385, 0.03847764], [-0.01344347, 0.02371414, 0.0505689, -0.00159662, 0.00750183, -0.03712543], [-0.01143358, 0.02294694, 0.05052976, -0.00251635, 0.00763377, -0.03909618], [-0.0111886, 0.00440856, -0.02741411, 0.02335334, 0.03080539, 0.03860271], [0.02691098, -0.05752745, -0.00198181, 0.02296966, -0.03433922, -0.02492917], [-0.01926253, 0.0197569, -0.04205293, 0.03368522, 0.03243246, 0.06131546], [-0.03436492, 0.03302098, 0.07528803, -0.01125387, 0.00763414, -0.0409231]], "number of molecular orbitals": 42, "number of electrons": 42, "number of unpaired electrons": 0, "orbital energies/eV": [-16.92453855, -16.74221633, -16.37043068, -15.9439796, -15.48474228, -15.0769358, -14.39022799, -14.14158171, -13.72401577, -13.45106527, -13.19240088, -13.04703384, -12.87342622, -12.60259437, -12.15703469, -12.1290846, -11.87198992, -11.68336322, -11.409787, -11.25268989, -10.39731639, -5.17152459, 2.15130173, 2.99990282, 3.21282677, 3.46554639, 3.86300967, 4.02276978, 4.3474612, 4.53241085, 5.04291612, 5.16114486, 5.49917557, 6.11433586, 6.28340202, 6.50425666, 7.06794775, 7.36017998, 7.70266152, 8.43881391, 11.31872622, 17.7541417], "fractional occupation": [2.0, 2.0, 2.0, 2.0, 2.0, 2.0, 2.0, 2.0, 2.0, 2.0, 2.0, 2.0, 2.0, 2.0, 2.0, 2.0, 2.0, 2.0, 2.0, 2.0, 2.0, 0.0, 0.0, 0.0, 0.0, 0.0, 0.0, 0.0, 0.0, 0.0, 0.0, 0.0, 0.0, 0.0, 0.0, 0.0, 0.0, 0.0, 0.0, 0.0, 0.0, 0.0], "program call": "xtb /tmp/scratch/tmpje141vk_/508031_6f74a8_xyzopt.xyz --pop --wbo --acc 0.2 --gfn 2 --chrg 0 --uhf 0 --etemp 300 --input /tmp/scratch/tmpje141vk_/508031_6f74a8_xtb.inp", "method": "GFN2-xTB", "xtb version": "6.3.3 (7355c4f)", "Dipole module/D": 0.336, "Total charge": 0, "Transition dipole module/D": NaN, "HOMO": -10.3973, "LUMO": -5.1715, "HOMO occupancy": 2.0, "LUMO occupancy": 0, "mulliken charges": [-0.08309, -0.03762, -0.04817, -0.04263, -0.04351, -0.04001, -0.0855, 0.03483, 0.03159, 0.03569, 0.02433, 0.02483, 0.02775, 0.0255, 0.02351, 0.02358, 0.02202, 0.02208, 0.02925, 0.02778, 0.02777], "cm5 charges": [-0.23122, -0.10247, -0.11129, -0.15041, -0.15458, -0.15352, -0.23817, 0.08661, 0.08506, 0.08738, 0.08051, 0.08162, 0.08333, 0.08262, 0.07972, 0.07963, 0.07721, 0.07726, 0.08083, 0.07995, 0.07994], "FUKUI+": [0.047, -0.151, -0.145, 0.023, -0.0, 0.005, 0.012, -0.091, -0.066, -0.093, -0.13, -0.128, -0.079, -0.056, -0.021, -0.029, -0.019, -0.021, -0.029, -0.014, -0.015], "FUKUI-": [0.023, -0.064, -0.058, 0.008, -0.001, 0.005, 0.014, -0.09, -0.046, -0.098, -0.078, -0.073, -0.078, -0.047, -0.052, -0.053, -0.065, -0.066, -0.067, -0.055, -0.059], "FUKUIrad": [0.035, -0.107, -0.102, 0.015, -0.001, 0.005, 0.013, -0.091, -0.056, -0.096, -0.104, -0.101, -0.079, -0.051, -0.036, -0.041, -0.042, -0.044, -0.048, -0.034, -0.037], "s proportion": [1.0, 1.06, 1.062, 1.025, 1.031, 1.026, 1.005, 0.965, 0.968, 0.964, 0.976, 0.975, 0.972, 0.974, 0.976, 0.976, 0.978, 0.978, 0.971, 0.972, 0.972], "p proportion": [3.083, 2.978, 2.986, 3.018, 3.012, 3.014, 3.08, 0.0, 0.0, 0.0, 0.0, 0.0, 0.0, 0.0, 0.0, 0.0, 0.0, 0.0, 0.0, 0.0, 0.0], "d proportion": [0.0, 0.0, 0.0, 0.0, 0.0, 0.0, 0.0, 0.0, 0.0, 0.0, 0.0, 0.0, 0.0, 0.0, 0.0, 0.0, 0.0, 0.0, 0.0, 0.0, 0.0], "Fermi-level/eV": -7.7844, "Coordination numbers": [3.754, 2.886, 2.89, 3.805, 3.805, 3.801, 3.752, 0.925, 0.925, 0.924, 0.925, 0.925, 0.924, 0.925, 0.924, 0.924, 0.924, 0.924, 0.925, 0.925, 0.925], "Dispersion coefficient C6": [22.481, 29.005, 29.129, 21.582, 21.557, 21.512, 22.508, 2.444, 2.447, 2.443, 2.677, 2.68, 2.545, 2.532, 2.575, 2.578, 2.616, 2.608, 2.548, 2.54, 2.54], "Total dispersion C6": 3190.438006, "Total dispersion C8": 68272.589169, "Polarizability alpha": [6.761, 8.829, 8.849, 6.614, 6.61, 6.604, 6.765, 2.445, 2.446, 2.444, 2.559, 2.56, 2.495, 2.488, 2.509, 2.511, 2.529, 2.525, 2.496, 2.492, 2.492], "Total polarizability alpha": 86.024884,