{"total energy": -18.944092, "HOMO-LUMO gap/eV": 5.07938685, "electronic energy": -19.26163182, "dipole": [0.00171541, -0.07221914, 0.11113618], "partial charges": [-0.10142217, -0.05527692, -0.00051143, -0.1050923, -0.05777092, -0.09802204, 0.03720619, 0.03857671, 0.03799808, 0.02123397, 0.03952715, 0.03793967, 0.04068326, 0.03001979, 0.03349447, 0.03158241, 0.03357028, 0.03626381], "atomic dipole moments": [[-0.05625452, 0.01317693, -0.01435686], [0.14110615, -0.00999121, -0.01736843], [-0.12779238, -0.02358008, 0.10339417], [-8.11e-06, 0.01988775, -0.06344803], [0.0121464, -0.09819973, 0.00439828], [0.04705577, 0.08521152, 0.01064615], [0.0670397, 0.10551789, -0.01197966], [0.020338, -0.04843877, 0.11535739], [0.04542082, -0.08032187, -0.0848657], [-0.03229404, 0.05027313, -0.12982735], [0.08797621, 0.06712175, 0.06210366], [-0.10722928, 0.00724425, 0.06426673], [0.03861888, -0.12121682, -0.00053178], [-0.00141106, 0.06372, -0.10549105], [-0.05723367, 0.06753405, 0.08654448], [-0.11691237, 0.02419216, -0.03315099], [0.05364493, -0.06889785, -0.08910737], [-0.00197319, -0.06720837, 0.10428703]], "atomic quadrupole moments": [[0.16371959, -0.04298435, -0.09110756, 0.03493186, -0.01068514, -0.07261203], [-0.11831446, 0.01181904, 0.37678881, 0.15648522, 0.24359755, -0.25847436], [-0.23322994, -0.00349244, 0.35380807, 0.20980015, 0.16035431, -0.12057813], [-0.05357554, -0.01592264, -0.07922967, 0.02737408, -0.09448176, 0.13280521], [0.12007549, 0.09106413, 0.03980686, 0.06554573, 0.00442906, -0.15988235], [-0.02416767, 0.15569837, 0.14185534, 0.03024253, 0.03885326, -0.11768768], [-0.01002049, 0.05224091, 0.0591331, 0.00094843, -0.01572246, -0.0491126], [-0.02700277, -0.00401181, -0.04005552, 0.00089338, -0.04890646, 0.06705829], [-0.02826055, -0.03132522, 0.00693735, -0.01978884, 0.06287028, 0.0213232], [0.03606543, -0.00983611, -0.06163416, -0.01101832, -0.03463819, 0.02556873], [0.01610414, 0.06208606, -0.00776965, 0.03044082, 0.0218397, -0.00833448], [0.06129254, -0.01635956, -0.05737916, -0.04241262, -0.00572099, -0.00391339], [-0.04097385, -0.03706132, 0.07014456, -0.01241306, 0.01083603, -0.02917071], [-0.01833391, 0.01088239, -0.01903104, 0.00480906, -0.04055845, 0.03736495], [-0.0100138, -0.0150222, -0.01171056, -0.02828318, 0.03732732, 0.02172436], [0.06625761, -0.02798996, -0.02062066, 0.03459838, -0.00854638, -0.04563695], [-0.01433524, -0.02009552, -0.00409863, -0.04925837, 0.04694045, 0.01843387], [-0.04768306, 0.00695093, -0.01016279, 0.0097821, -0.04956543, 0.05784585]], "number of molecular orbitals": 36, "number of electrons": 36, "number of unpaired electrons": 0, "orbital energies/eV": [-16.92697884, -16.45310549, -16.06771724, -15.76031896, -15.20969822, -14.280033, -13.75740606, -13.62202727, -13.25168425, -12.84461458, -12.77286786, -12.700532, -12.42287914, -12.28269399, -11.76236116, -11.52899855, -11.31299541, -10.08846125, -5.0090744, 2.49517973, 2.83164659, 3.7497337, 4.03771391, 4.24447121, 4.94114719, 5.15101684, 5.28843694, 5.73334598, 6.10231993, 6.2843326, 6.37916517, 6.7723609, 7.64441213, 7.94862979, 11.00759841, 17.88135791], "fractional occupation": [2.0, 2.0, 2.0, 2.0, 2.0, 2.0, 2.0, 2.0, 2.0, 2.0, 2.0, 2.0, 2.0, 2.0, 2.0, 2.0, 2.0, 2.0, 0.0, 0.0, 0.0, 0.0, 0.0, 0.0, 0.0, 0.0, 0.0, 0.0, 0.0, 0.0, 0.0, 0.0, 0.0, 0.0, 0.0, 0.0], "program call": "xtb /tmp/scratch/tmpljzwaia2/508020_186d6d_xyzopt.xyz --pop --wbo --acc 0.2 --gfn 2 --chrg 0 --uhf 0 --etemp 300 --input /tmp/scratch/tmpljzwaia2/508020_186d6d_xtb.inp", "method": "GFN2-xTB", "xtb version": "6.3.3 (7355c4f)", "Dipole module/D": 0.337, "Total charge": 0, "Transition dipole module/D": NaN, "HOMO": -10.0885, "LUMO": -5.0091, "HOMO occupancy": 2.0, "LUMO occupancy": 0, "mulliken charges": [-0.07924, -0.06218, -0.00571, -0.09047, -0.04131, -0.08208, 0.0333, 0.02947, 0.03348, 0.02379, 0.03535, 0.03088, 0.0361, 0.02633, 0.02715, 0.02843, 0.02849, 0.02822], "cm5 charges": [-0.22716, -0.12472, -0.03057, -0.23736, -0.14901, -0.23387, 0.08498, 0.08327, 0.08521, 0.08099, 0.08819, 0.08439, 0.08866, 0.08234, 0.08264, 0.07999, 0.081, 0.08104], "FUKUI+": [0.046, -0.14, -0.162, 0.044, 0.022, 0.016, -0.088, -0.06, -0.088, -0.122, -0.073, -0.073, -0.08, -0.051, -0.073, -0.058, -0.026, -0.034], "FUKUI-": [0.028, -0.084, -0.083, 0.031, 0.007, 0.008, -0.117, -0.061, -0.112, -0.087, -0.086, -0.063, -0.092, -0.054, -0.09, -0.062, -0.043, -0.039], "FUKUIrad": [0.037, -0.112, -0.122, 0.038, 0.015, 0.012, -0.102, -0.061, -0.1, -0.104, -0.08, -0.068, -0.086, -0.052, -0.082, -0.06, -0.034, -0.036], "s proportion": [1.0, 1.058, 1.088, 1.004, 1.027, 1.005, 0.967, 0.971, 0.967, 0.976, 0.965, 0.969, 0.964, 0.974, 0.973, 0.972, 0.972, 0.972], "p proportion": [3.079, 3.004, 2.918, 3.086, 3.015, 3.077, 0.0, 0.0, 0.0, 0.0, 0.0, 0.0, 0.0, 0.0, 0.0, 0.0, 0.0, 0.0], "d proportion": [0.0, 0.0, 0.0, 0.0, 0.0, 0.0, 0.0, 0.0, 0.0, 0.0, 0.0, 0.0, 0.0, 0.0, 0.0, 0.0, 0.0, 0.0], "Fermi-level/eV": -7.5488, "Coordination numbers": [3.754, 2.894, 2.94, 3.757, 3.808, 3.753, 0.924, 0.925, 0.924, 0.925, 0.925, 0.925, 0.925, 0.924, 0.924, 0.925, 0.925, 0.925], "Dispersion coefficient C6": [22.494, 29.372, 28.041, 22.561, 21.607, 22.431, 2.486, 2.468, 2.476, 2.715, 2.455, 2.476, 2.44, 2.586, 2.537, 2.564, 2.536, 2.499], "Total dispersion C6": 2358.551089, "Total dispersion C8": 50633.198961, "Polarizability alpha": [6.763, 8.886, 8.685, 6.772, 6.617, 6.754, 2.466, 2.457, 2.461, 2.576, 2.45, 2.461, 2.443, 2.515, 2.491, 2.504, 2.49, 2.472], "Total polarizability alpha": 74.262285, "Wiberg matrix": [[0.0, 1.036237007841504, 0.0, 0.0, 0.0, 0.0, 0.9722302282095476, 0.9842075742250112, 0.9725018645846657, 0.0, 0.0, 0.0, 0.0, 0.0, 0.0, 0.0, 0.0, 0.0], [1.036237007841504, 0.0, 1.8882148450112366, 0.0, 0.0, 0.0, 0.0, 0.0, 0.0, 0.9655667137449846, 0.0, 0.0, 0.0, 0.0, 0.0, 0.0, 0.0, 0.0], [0.0, 1.8882148450112366, 0.0, 1.0184992988695147, 1.0101298236636995, 0.0, 0.0, 0.0, 0.0, 0.0, 0.0, 0.0, 0.0, 0.0, 0.0, 0.0, 0.0, 0.0], [0.0, 0.0, 1.0184992988695147, 0.0, 0.0, 0.0, 0.0, 0.0, 0.0, 0.0, 0.9755625083017565, 0.9854406039075286, 0.97276207147862, 0.0, 0.0, 0.0, 0.0, 0.0], [0.0, 0.0, 1.0101298236636995, 0.0, 0.0, 1.00355642074665, 0.0, 0.0, 0.0, 0.0, 0.0, 0.0, 0.0, 0.9763730003455711, 0.9691225090795681, 0.0, 0.0, 0.0], [0.0, 0.0, 0.0, 0.0, 1.00355642074665, 0.0, 0.0, 0.0, 0.0, 0.0, 0.0, 0.0, 0.0, 0.0, 0.0, 0.9868631644819386, 0.988966920030719, 0.9872207150681978], [0.9722302282095476, 0.0, 0.0, 0.0, 0.0, 0.0, 0.0, 0.0, 0.0, 0.0, 0.0, 0.0, 0.0, 0.0, 0.0, 0.0, 0.0, 0.0], [0.9842075742250112, 0.0, 0.0, 0.0, 0.0, 0.0, 0.0, 0.0, 0.0, 0.0, 0.0, 0.0, 0.0, 0.0, 0.0, 0.0, 0.0, 0.0], [0.9725018645846657, 0.0, 0.0, 0.0, 0.0, 0.0, 0.0, 0.0, 0.0, 0.0, 0.0, 0.0, 0.0, 0.0, 0.0, 0.0, 0.0, 0.0], [0.0, 0.9655667137449846, 0.0, 0.0, 0.0, 0.0, 0.0, 0.0, 0.0, 0.0, 0.0, 0.0, 0.0, 0.0, 0.0, 0.0, 0.0, 0.0], [0.0, 0.0, 0.0, 0.9755625083017565, 0.0, 0.0, 0.0, 0.0, 0.0, 0.0, 0.0, 0.0, 0.0, 0.0, 0.0, 0.0, 0.0, 0.0], [0.0, 0.0, 0.0, 0.9854406039075286, 0.0, 0.0, 0.0, 0.0, 0.0, 0.0, 0.0, 0.0, 0.0, 0.0, 0.0, 0.0, 0.0, 0.0], [0.0, 0.0, 0.0, 0.97276207147862, 0.0, 0.0, 0.0, 0.0, 0.0, 0.0, 0.0, 0.0, 0.0, 0.0, 0.0, 0.0, 0.0, 0.0], [0.0, 0.0, 0.0, 0.0, 0.9763730003455711, 0.0, 0.0, 0.0, 0.0, 0.0, 0.0, 0.0, 0.0, 0.0, 0.0, 0.0, 0.0, 0.0], [0.0, 0.0, 0.0, 0.0, 0.9691225090795681, 0.0, 0.0, 0.0, 0.0, 0.0, 0.0, 0.0, 0.0, 0.0, 0.0, 0.0, 0.0, 0.0], [0.0, 0.0, 0.0, 0.0, 0.0, 0.9868631644819386, 0.0, 0.0, 0.0, 0.0, 0.0, 0.0, 0.0, 0.0, 0.0, 0.0, 0.0, 0.0], [0.0, 0.0, 0.0, 0.0, 0.0, 0.988966920030719, 0.0, 0.0, 0.0, 0.0, 0.0, 0.0, 0.0, 0.0, 0.0, 0.0, 0.0, 0.0], [0.0, 0.0, 0.0, 0.0, 0.0, 0.9872207150681978, 0.0, 0.0, 0.0, 0.0, 0.0, 0.0, 0.0, 0.0, 0.0, 0.0, 0.0, 0.0]], "Born radii": [], "Atomic SASAs": [], "Solvent H bonds": [], "Total SASA": NaN, "Total FOD": 0.0, "FOD": [0.0, 0.0, 0.0, 0.0, 0.0, 0.0, 0.0, 0.0, 0.0, 0.0, 0.0, 0.0, 0.0, 0.0, 0.0, 0.0, 0.0, 0.0],