{"total energy": -29.2318755, "HOMO-LUMO gap/eV": 3.85973215, "electronic energy": -29.60764404, "dipole": [-0.2804479, 0.18387381, 1.08001088], "partial charges": [-0.10552653, -0.0247505, -0.02717421, -0.10643538, 0.34582376, -0.42305221, -0.27826599, 0.08776181, -0.11499784, 0.04893484, 0.05538688, 0.055387, 0.05481955, 0.06117275, 0.06117255, 0.04639969, 0.04950665, 0.04950666, 0.05656161, 0.05120728, 0.05656162], "atomic dipole moments": [[0.07173629, 0.00489954, -0.02860759], [-0.09706303, -0.00072304, 0.06687299], [0.05038168, -0.01987824, -0.13129392], [0.05458213, 0.0231477, 0.07083626], [0.14588002, 0.0415875, 0.09262744], [-0.06594837, 0.02903613, 0.18624167], [0.09450942, -0.03183088, -0.22026183], [-0.20995484, -0.00566989, 0.12507567], [-0.05885347, -0.03159499, -0.10802486], [-0.09074047, -0.03092234, -0.08171972], [-0.03197608, 0.11177038, 0.05263465], [-0.00190807, -0.08614078, 0.09413629], [0.10894119, 0.03546863, 0.09020847], [0.0410959, -0.11067287, -0.05275283], [0.01095044, 0.08773164, -0.09435816], [-0.1186325, -0.01116972, 0.03269115], [0.0360801, -0.10980104, -0.04936342], [0.00619921, 0.08687227, -0.0906067], [-0.01451029, -0.09011605, 0.08814323], [0.12134419, 0.01235194, -0.02901293], [-0.0448083, 0.10930207, 0.04632445]], "atomic quadrupole moments": [[0.1343463, 0.01372728, -0.10120899, -0.1064781, -0.00153218, -0.03313731], [-0.11408389, -0.10995697, 0.50635359, -0.03146939, -0.20577953, -0.39226969], [-0.04739906, -0.04085096, 0.32866153, 0.10026014, -0.11921606, -0.28126247], [0.03163936, 0.05116331, -0.10925745, 0.12672027, 0.06283464, 0.0776181], [-0.25244401, -0.06155411, 0.40733646, 0.20534881, -0.09274225, -0.15489246], [-0.11011663, -0.04441735, 0.17215942, 0.00548737, -0.05198033, -0.06204279], [0.08193288, 0.02091551, -0.08528308, -0.02614093, 0.0159844, 0.0033502], [0.45596324, 0.12168278, -0.36120644, -0.03385728, 0.0571205, -0.0947568], [-0.0133478, 0.05844321, -0.12665369, 0.17672005, 0.08852305, 0.14000149], [0.01320134, 0.02072317, -0.04596464, 0.04974699, 0.02586465, 0.03276329], [-0.02808266, -0.02207005, 0.06093473, -0.00772513, 0.05041625, -0.03285207], [-0.03373923, 0.00012203, 0.01383846, 0.00748121, -0.07042804, 0.01990077], [0.027639, 0.01272571, -0.06814029, -0.01346799, 0.02211455, 0.04050129], [-0.01989999, -0.03466939, 0.05318651, -0.00628851, 0.04247592, -0.03328653], [-0.03363888, 0.01301941, 0.02056478, 0.00102595, -0.06464416, 0.0130741], [0.0717676, 0.01132664, -0.05633712, -0.04049466, 0.0029144, -0.01543048], [0.00773898, -0.01837072, 0.0266182, -0.00210373, 0.01698549, -0.03435718], [-0.00122758, 0.01219732, 0.01266995, 9.2e-06, -0.03618809, -0.01144237], [-0.04921767, 0.01844028, 0.03107688, -0.00625828, -0.05540386, 0.01814079], [0.0840512, 0.0152943, -0.05282014, -0.02803502, 0.00078992, -0.03123106], [-0.02981871, -0.04684292, 0.05006267, -0.00677559, 0.03412667, -0.02024396]], "number of molecular orbitals": 48, "number of electrons": 52, "number of unpaired electrons": 0, "orbital energies/eV": [-19.9171987, -19.11421639, -18.21896551, -17.3876492, -16.81733171, -16.50464312, -16.26820511, -15.98928971, -15.69562294, -15.53834467, -14.87850504, -14.5472457, -14.13274077, -13.70515869, -13.51443171, -13.38331652, -13.0554067, -13.04110722, -12.96345933, -12.7307308, -12.66405875, -12.38096568, -12.0213782, -11.77287775, -10.95516533, -10.8906317, -7.03089955, -4.15616545, 0.26084615, 2.69913825, 2.82081847, 3.14697686, 3.53193954, 3.99443004, 4.02390637, 4.663321, 4.69915539, 5.09324308, 5.6794288, 6.17477166, 6.24457062, 6.88473189, 7.08711675, 7.25756784, 8.25315136, 10.18558196, 15.19896784, 19.37123927], "fractional occupation": [2.0, 2.0, 2.0, 2.0, 2.0, 2.0, 2.0, 2.0, 2.0, 2.0, 2.0, 2.0, 2.0, 2.0, 2.0, 2.0, 2.0, 2.0, 2.0, 2.0, 2.0, 2.0, 2.0, 2.0, 2.0, 2.0, 0.0, 0.0, 0.0, 0.0, 0.0, 0.0, 0.0, 0.0, 0.0, 0.0, 0.0, 0.0, 0.0, 0.0, 0.0, 0.0, 0.0, 0.0, 0.0, 0.0, 0.0, 0.0], "program call": "xtb /tmp/scratch/tmp92mukezs/508292_8673ea_xyzopt.xyz --pop --wbo --acc 0.2 --gfn 2 --chrg 0 --uhf 0 --etemp 300 --input /tmp/scratch/tmp92mukezs/508292_8673ea_xtb.inp", "method": "GFN2-xTB", "xtb version": "6.3.3 (7355c4f)", "Dipole module/D": 2.874, "Total charge": 0, "Transition dipole module/D": NaN, "HOMO": -10.8906, "LUMO": -7.0309, "HOMO occupancy": 2.0, "LUMO occupancy": 0, "mulliken charges": [-0.0829, -0.0091, -0.04299, -0.08105, 0.5699, -0.54164, -0.42554, 0.20742, -0.09736, 0.03751, 0.0447, 0.0447, 0.04598, 0.05171, 0.05171, 0.03099, 0.03845, 0.03845, 0.04237, 0.03433, 0.04237], "cm5 charges": [-0.23094, -0.06913, -0.05527, -0.22548, 0.62754, -0.59308, -0.51249, 0.12516, -0.24654, 0.09091, 0.09656, 0.09656, 0.11004, 0.10677, 0.10677, 0.0848, 0.1039, 0.1039, 0.0967, 0.08661, 0.0967], "FUKUI+": [0.037, -0.113, -0.07, 0.034, -0.078, -0.183, -0.07, 0.018, 0.013, -0.053, -0.074, -0.074, -0.087, -0.055, -0.055, -0.055, -0.031, -0.031, -0.019, -0.036, -0.019], "FUKUI-": [0.02, -0.051, -0.061, 0.021, -0.004, -0.097, -0.06, 0.012, 0.014, -0.048, -0.087, -0.087, -0.058, -0.084, -0.084, -0.055, -0.07, -0.07, -0.052, -0.048, -0.052], "FUKUIrad": [0.028, -0.082, -0.065, 0.027, -0.041, -0.14, -0.065, 0.015, 0.014, -0.05, -0.081, -0.081, -0.073, -0.07, -0.07, -0.055, -0.051, -0.051, -0.035, -0.042, -0.035], "s proportion": [1.002, 1.074, 1.089, 1.002, 0.976, 1.723, 1.688, 0.994, 1.008, 0.962, 0.955, 0.955, 0.954, 0.948, 0.948, 0.969, 0.962, 0.962, 0.958, 0.966, 0.958], "p proportion": [3.081, 2.935, 2.954, 3.079, 2.454, 4.818, 4.737, 2.798, 3.089, 0.0, 0.0, 0.0, 0.0, 0.0, 0.0, 0.0, 0.0, 0.0, 0.0, 0.0, 0.0], "d proportion": [0.0, 0.0, 0.0, 0.0, 0.0, 0.0, 0.0, 0.0, 0.0, 0.0, 0.0, 0.0, 0.0, 0.0, 0.0, 0.0, 0.0, 0.0, 0.0, 0.0, 0.0], "Fermi-level/eV": -8.9608, "Coordination numbers": [3.754, 2.895, 2.939, 3.759, 2.733, 0.857, 1.704, 3.703, 3.751, 0.925, 0.925, 0.925, 0.925, 0.925, 0.925, 0.925, 0.924, 0.924, 0.925, 0.925, 0.925], "Dispersion coefficient C6": [22.574, 28.62, 28.68, 22.584, 21.126, 22.147, 18.618, 19.268, 22.763, 2.333, 2.254, 2.254, 2.261, 2.185, 2.185, 2.365, 2.326, 2.326, 2.24, 2.305, 2.24], "Total dispersion C6": 3711.15604, "Total dispersion C8": 81444.766246, "Polarizability alpha": [6.775, 8.771, 8.783, 6.775, 7.525, 6.31, 5.826, 6.276, 6.804, 2.389, 2.348, 2.348, 2.351, 2.312, 2.312, 2.405, 2.385, 2.385, 2.34, 2.374, 2.34], "Total polarizability alpha": 92.133653,