{"total energy": -24.05295984, "HOMO-LUMO gap/eV": 11.83663904, "electronic energy": -24.3628852, "dipole": [-0.08826955, -0.27359166, 0.60426719], "partial charges": [-0.11144582, 0.02655181, -0.11113589, -0.11113627, -0.07162163, 0.08926219, -0.44568286, 0.03639677, 0.03695504, 0.036397, 0.03189377, 0.03726474, 0.03794479, 0.03726479, 0.03189358, 0.03794516, 0.04910677, 0.0491069, 0.01543388, 0.01543555, 0.28216971], "atomic dipole moments": [[0.06768685, -0.02870542, 0.07092184], [0.00525014, 0.00183054, -0.0035849], [0.01635541, 0.0954951, -0.014147], [0.02279935, -0.05178618, -0.07990807], [-0.00873948, -0.05295756, 0.11777233], [0.13189197, 0.07121122, -0.14658352], [-0.09505872, -0.09462704, 0.20265704], [0.01160176, 0.12098594, -0.02387454], [-0.11614396, -0.02097373, 0.03559427], [0.01960054, -0.06185035, -0.10551098], [0.06936578, -0.03891143, 0.09548942], [0.02921712, -0.06680937, -0.10047655], [-0.1173798, -0.02345081, 0.02820218], [0.02099335, 0.12124087, -0.01651132], [0.06941498, -0.04006305, 0.09497656], [-0.1177972, -0.01392005, 0.03245578], [0.02131666, -0.05980172, -0.1056814], [0.01344992, 0.11987185, -0.02547345], [0.00229965, -0.11674337, 0.02124513], [-0.0055289, 0.06201221, 0.10104258], [0.05337813, -0.02059399, 0.05137445]], "atomic quadrupole moments": [[0.03418131, -0.06238833, -0.08995672, 0.15474614, -0.07129552, 0.05577541], [-0.00908131, 0.00454827, 0.00132793, -0.01100081, -0.00429336, 0.00775338], [-0.1015831, 0.03503504, 0.20446306, -0.00139244, -0.05540435, -0.10287996], [-0.09522228, -0.03259905, -0.02501465, -0.04475996, 0.14321986, 0.12023693], [0.22819342, -0.0138576, -0.20504445, 0.07771148, -0.09682201, -0.02314897], [0.34259505, 0.0974886, -0.29130829, -0.14946692, -0.14436864, -0.05128677], [0.1047268, 0.05046019, -0.09808089, -0.09042009, -0.05715091, -0.00664591], [-0.03807219, 0.02040771, 0.07897321, 0.00876685, -0.01874434, -0.04090101], [0.06550134, 0.02209532, -0.04612127, -0.03768734, -0.01751143, -0.01938007], [-0.03401216, -0.02407263, -0.00934616, -0.0160844, 0.05589294, 0.04335833], [0.00206863, -0.01174376, -0.02640071, 0.06493741, -0.02164219, 0.02433207], [-0.0435827, -0.01243192, -0.00603217, -0.03302247, 0.04647868, 0.04961487], [0.07752824, 0.01198001, -0.03004062, -0.02943631, -0.00943333, -0.04748761], [-0.04700888, 0.02497438, 0.07524499, -0.01171442, -0.02255197, -0.02823612], [0.00434324, -0.03776391, -0.02550296, 0.053481, -0.02499602, 0.02115972], [0.07661353, 0.02281012, -0.04641065, -0.02560395, 0.0062693, -0.03020288], [-0.01788761, -0.00933925, -0.0097893, -0.00017524, 0.04746354, 0.02767691], [-0.01893667, 0.00117707, 0.05871065, 0.0084999, -0.01279265, -0.03977398], [-0.00426624, 0.00492387, 0.03988117, -0.00737989, -0.01029314, -0.03561493], [-0.00387302, 0.00161085, -0.01191746, -0.01188785, 0.03572319, 0.01579047], [0.06885523, -0.03011905, -0.0760237, 0.08336016, -0.04107952, 0.00716846]], "number of molecular orbitals": 42, "number of electrons": 44, "number of unpaired electrons": 0, "orbital energies/eV": [-18.55826197, -17.22068109, -16.81851488, -15.99269635, -15.98623053, -15.72003212, -15.35619112, -14.56229609, -14.33635222, -13.86977906, -13.57134426, -13.54786051, -13.20727393, -12.64943102, -12.6027732, -12.23033279, -12.1416513, -12.10091578, -11.59884555, -11.57255198, -11.47382047, -10.97499011, 0.86164892, 2.16231751, 2.45059314, 2.72837201, 2.99459227, 3.37190469, 4.16575807, 4.197153, 4.65881573, 5.57804459, 5.73052048, 6.00048835, 6.37363545, 6.50596214, 6.79211242, 6.86845592, 7.37892604, 7.49951294, 7.86699136, 8.0597462], "fractional occupation": [2.0, 2.0, 2.0, 2.0, 2.0, 2.0, 2.0, 2.0, 2.0, 2.0, 2.0, 2.0, 2.0, 2.0, 2.0, 2.0, 2.0, 2.0, 2.0, 2.0, 2.0, 2.0, 0.0, 0.0, 0.0, 0.0, 0.0, 0.0, 0.0, 0.0, 0.0, 0.0, 0.0, 0.0, 0.0, 0.0, 0.0, 0.0, 0.0, 0.0, 0.0, 0.0], "program call": "xtb /tmp/scratch/tmp37rn23ee/508202_78e26e_xyzopt.xyz --pop --wbo --acc 0.2 --gfn 2 --chrg 0 --uhf 0 --etemp 300 --input /tmp/scratch/tmp37rn23ee/508202_78e26e_xtb.inp", "method": "GFN2-xTB", "xtb version": "6.3.3 (7355c4f)", "Dipole module/D": 1.701, "Total charge": 0, "Transition dipole module/D": NaN, "HOMO": -10.975, "LUMO": 0.8616, "HOMO occupancy": 2.0, "LUMO occupancy": 0, "mulliken charges": [-0.09767, 0.03226, -0.10147, -0.10147, -0.06902, 0.20215, -0.56907, 0.03152, 0.03001, 0.03152, 0.02752, 0.0325, 0.03201, 0.0325, 0.02752, 0.03201, 0.03939, 0.03939, 0.00581, 0.00581, 0.33678], "cm5 charges": [-0.24738, -0.0055, -0.25093, -0.25093, -0.17395, 0.11587, -0.78765, 0.08475, 0.08317, 0.08475, 0.08121, 0.08581, 0.08525, 0.08581, 0.08121, 0.08525, 0.09906, 0.09906, 0.06815, 0.06815, 0.50885], "FUKUI+": [0.025, -0.051, 0.027, 0.027, -0.029, -0.018, -0.127, -0.042, -0.076, -0.042, -0.029, -0.042, -0.059, -0.042, -0.029, -0.059, -0.068, -0.068, -0.081, -0.081, -0.137], "FUKUI-": [0.017, -0.023, 0.012, 0.012, 0.019, 0.022, -0.123, -0.063, -0.051, -0.063, -0.05, -0.048, -0.055, -0.048, -0.05, -0.055, -0.084, -0.084, -0.112, -0.112, -0.061], "FUKUIrad": [0.021, -0.037, 0.019, 0.019, -0.005, 0.002, -0.125, -0.053, -0.063, -0.053, -0.039, -0.045, -0.057, -0.045, -0.039, -0.057, -0.076, -0.076, -0.097, -0.097, -0.099], "s proportion": [1.015, 1.081, 1.014, 1.014, 1.039, 0.988, 1.689, 0.968, 0.97, 0.968, 0.972, 0.968, 0.968, 0.968, 0.972, 0.968, 0.961, 0.961, 0.994, 0.994, 0.663], "p proportion": [3.083, 2.887, 3.088, 3.088, 3.03, 2.81, 4.88, 0.0, 0.0, 0.0, 0.0, 0.0, 0.0, 0.0, 0.0, 0.0, 0.0, 0.0, 0.0, 0.0, 0.0], "d proportion": [0.0, 0.0, 0.0, 0.0, 0.0, 0.0, 0.0, 0.0, 0.0, 0.0, 0.0, 0.0, 0.0, 0.0, 0.0, 0.0, 0.0, 0.0, 0.0, 0.0, 0.0], "Fermi-level/eV": -5.0567, "Coordination numbers": [3.764, 3.898, 3.76, 3.76, 3.809, 3.672, 1.656, 0.925, 0.925, 0.925, 0.925, 0.925, 0.925, 0.925, 0.925, 0.925, 0.924, 0.924, 0.923, 0.923, 0.805], "Dispersion coefficient C6": [22.674, 20.074, 22.674, 22.674, 21.863, 19.326, 21.756, 2.497, 2.49, 2.497, 2.56, 2.486, 2.476, 2.486, 2.56, 2.476, 2.331, 2.331, 2.804, 2.804, 0.777], "Total dispersion C6": 2906.669303, "Total dispersion C8": 60048.453997, "Polarizability alpha": [6.787, 6.369, 6.788, 6.788, 6.656, 6.301, 6.297, 2.471, 2.468, 2.471, 2.502, 2.465, 2.461, 2.465, 2.502, 2.461, 2.388, 2.388, 2.619, 2.619, 1.385], "Total polarizability alpha": 79.649757,