{"total energy": -27.10383633, "HOMO-LUMO gap/eV": 5.09576273, "electronic energy": -27.41991093, "dipole": [-0.95153657, -0.24563315, -0.5269752], "partial charges": [-0.10501507, -0.05440999, -0.06315508, -0.06776034, 0.07624939, -0.24380921, 0.33727196, -0.3783247, 0.0366098, 0.03775667, 0.03660983, 0.03404246, 0.03404255, 0.03748795, 0.0374877, 0.0525525, 0.05255205, 0.05512998, 0.05513156, 0.02955001], "atomic dipole moments": [[0.08214017, -0.03585611, -0.05223426], [0.01612173, 0.05916295, 0.10314507], [0.01889226, -0.06224544, -0.10452013], [0.03845475, 0.06581373, 0.11703151], [0.1496695, -0.11299046, -0.17685265], [0.02725828, 0.11715798, 0.2037107], [-0.19319824, 0.01333378, 0.00120594], [-0.03818317, -0.09479414, -0.16661909], [0.00474208, 0.12306512, 0.01234187], [-0.10406536, -0.02880641, -0.06098112], [-0.00653459, -0.04966845, 0.11318235], [-0.00936055, -0.12148744, -0.01274766], [0.00176773, 0.04899588, -0.11227399], [0.00765946, 0.1218647, 0.01315296], [-0.00346564, -0.0486715, 0.11270293], [0.00517723, 0.04967501, -0.11475455], [-0.00616537, -0.12430299, -0.01318972], [0.00612438, -0.05186849, 0.11541634], [0.01764064, 0.12484841, 0.01225696], [0.09066893, -0.05400791, -0.08234258]], "atomic quadrupole moments": [[0.11624185, -0.0974147, -0.08456202, -0.13937762, 0.06626881, -0.03167982], [0.2262933, -0.02441172, -0.17652166, 0.01074639, 0.11259905, -0.04977163], [0.23449023, -0.03810166, -0.18204978, -0.01074609, 0.11803182, -0.05244045], [0.25840347, -0.01015811, -0.20051512, 0.04192955, 0.12274752, -0.05788835], [0.35526641, -0.16313732, -0.27518848, -0.19478391, 0.20143278, -0.08007793], [0.04824534, -0.02600072, -0.0408738, -0.03215696, 0.03434493, -0.00737154], [-0.12608323, 0.1205702, 0.3016453, 0.12906687, -0.44240995, -0.17556207], [-0.12012056, 0.02221997, 0.13579308, 0.0005198, -0.13545991, -0.01567251], [-0.03639169, 0.0143533, 0.08217567, -0.01140932, 0.00817135, -0.04578398], [0.04365002, 0.02312125, -0.04095777, 0.05069392, 0.02753097, -0.00269225], [-0.03944876, -0.01235965, -0.01898589, -0.00356817, -0.05156094, 0.05843465], [-0.01751134, 0.00489457, 0.05761909, -0.00017911, 0.00122147, -0.04010775], [-0.0178517, -0.00017466, -0.01726771, -0.00285242, -0.0413504, 0.03511941], [-0.01986407, 0.00670021, 0.05776881, 0.00038608, 0.0006561, -0.03790474], [-0.02045037, -0.00014029, -0.01502994, -0.00110673, -0.04095097, 0.03548031], [-0.02501915, 0.00110795, -0.01166061, -0.00260708, -0.03885424, 0.03667976], [-0.02477833, 0.00524284, 0.05802667, 0.00021113, 0.0006974, -0.03324835], [-0.00640721, -0.00525889, -0.01434493, -0.009795, -0.03307706, 0.02075214], [-0.00611778, -0.00124922, 0.04128746, -0.00795958, -0.00141444, -0.03516968], [0.04133452, 0.01248795, -0.04946191, 0.03444959, 0.04685333, 0.00812739]], "number of molecular orbitals": 44, "number of electrons": 48, "number of unpaired electrons": 0, "orbital energies/eV": [-20.53995185, -19.75250077, -18.61433512, -17.37988017, -16.91250299, -16.78182197, -16.26544439, -16.25346586, -15.73369401, -15.49675103, -15.23306682, -14.66516555, -14.09708684, -13.97349358, -13.66929095, -13.35391472, -13.30804891, -12.72472128, -12.51655802, -12.31367079, -12.06462026, -12.06424258, -11.78410893, -11.64565725, -6.54989452, -0.28718168, 1.98737079, 2.6556238, 2.75780471, 3.37281469, 3.63249019, 4.13247534, 4.1785863, 4.32830059, 4.64178545, 4.91520058, 5.63814357, 5.83465214, 6.33319273, 7.11070985, 7.26003566, 7.60497744, 8.22933334, 17.6236473], "fractional occupation": [2.0, 2.0, 2.0, 2.0, 2.0, 2.0, 2.0, 2.0, 2.0, 2.0, 2.0, 2.0, 2.0, 2.0, 2.0, 2.0, 2.0, 2.0, 2.0, 2.0, 2.0, 2.0, 2.0, 2.0, 0.0, 0.0, 0.0, 0.0, 0.0, 0.0, 0.0, 0.0, 0.0, 0.0, 0.0, 0.0, 0.0, 0.0, 0.0, 0.0, 0.0, 0.0, 0.0, 0.0], "program call": "xtb /tmp/scratch/tmpo32z5rek/508276_af34ab_xyzopt.xyz --pop --wbo --acc 0.2 --gfn 2 --chrg 0 --uhf 0 --etemp 300 --input /tmp/scratch/tmpo32z5rek/508276_af34ab_xtb.inp", "method": "GFN2-xTB", "xtb version": "6.3.3 (7355c4f)", "Dipole module/D": 2.834, "Total charge": 0, "Transition dipole module/D": NaN, "HOMO": -11.6457, "LUMO": -6.5499, "HOMO occupancy": 2.0, "LUMO occupancy": 0, "mulliken charges": [-0.08584, -0.03816, -0.05116, -0.05868, 0.19629, -0.4068, 0.57824, -0.51891, 0.02968, 0.0325, 0.02968, 0.02508, 0.02508, 0.02643, 0.02643, 0.03881, 0.03881, 0.04104, 0.04104, 0.03044], "cm5 charges": [-0.23861, -0.15184, -0.1629, -0.16707, 0.11501, -0.49867, 0.59561, -0.57443, 0.08187, 0.08413, 0.08187, 0.08036, 0.08036, 0.08254, 0.08254, 0.09694, 0.09694, 0.10661, 0.10662, 0.10213], "FUKUI+": [0.007, 0.003, 0.005, 0.006, 0.032, -0.148, -0.166, -0.32, -0.008, -0.017, -0.008, -0.01, -0.01, -0.012, -0.012, -0.024, -0.024, -0.046, -0.046, -0.202], "FUKUI-": [0.02, 0.008, 0.012, 0.01, 0.016, -0.056, -0.0, -0.149, -0.077, -0.061, -0.077, -0.097, -0.097, -0.078, -0.078, -0.054, -0.054, -0.035, -0.035, -0.115], "FUKUIrad": [0.014, 0.006, 0.008, 0.008, 0.024, -0.102, -0.083, -0.235, -0.042, -0.039, -0.042, -0.053, -0.053, -0.045, -0.045, -0.039, -0.039, -0.041, -0.041, -0.158], "s proportion": [1.005, 1.026, 1.031, 1.033, 1.0, 1.684, 0.957, 1.717, 0.97, 0.967, 0.97, 0.975, 0.975, 0.974, 0.974, 0.961, 0.961, 0.959, 0.959, 0.97], "p proportion": [3.081, 3.012, 3.02, 3.026, 2.804, 4.723, 2.464, 4.802, 0.0, 0.0, 0.0, 0.0, 0.0, 0.0, 0.0, 0.0, 0.0, 0.0, 0.0, 0.0], "d proportion": [0.0, 0.0, 0.0, 0.0, 0.0, 0.0, 0.0, 0.0, 0.0, 0.0, 0.0, 0.0, 0.0, 0.0, 0.0, 0.0, 0.0, 0.0, 0.0, 0.0], "Fermi-level/eV": -9.0978, "Coordination numbers": [3.752, 3.801, 3.804, 3.802, 3.708, 1.703, 2.668, 0.856, 0.925, 0.925, 0.925, 0.924, 0.924, 0.924, 0.924, 0.924, 0.924, 0.924, 0.924, 0.923], "Dispersion coefficient C6": [22.567, 21.551, 21.71, 21.797, 19.442, 18.04, 21.27, 21.253, 2.494, 2.479, 2.494, 2.53, 2.53, 2.483, 2.483, 2.288, 2.288, 2.257, 2.257, 2.593], "Total dispersion C6": 3043.259987, "Total dispersion C8": 64231.654153, "Polarizability alpha": [6.774, 6.61, 6.633, 6.647, 6.302, 5.735, 7.546, 6.181, 2.47, 2.462, 2.47, 2.487, 2.487, 2.464, 2.464, 2.366, 2.366, 2.349, 2.349, 2.518], "Total polarizability alpha": 81.680963,