{"total energy": -27.11701742, "HOMO-LUMO gap/eV": 4.9511476, "electronic energy": -27.43555417, "dipole": [0.36878651, 0.70247386, -0.42385677], "partial charges": [-0.115269, 0.08381733, -0.27036094, 0.35545064, -0.4121639, -0.0367484, -0.10727847, -0.10332924, 0.0522075, 0.05673639, 0.05856362, 0.05402233, 0.04768119, 0.05085603, 0.04506127, 0.05932248, 0.04038246, 0.04123756, 0.04895473, 0.05085643], "atomic dipole moments": [[-0.09311941, -0.08478921, 0.02531425], [-0.15463758, 0.14347285, -0.12525099], [0.00478537, -0.17955978, 0.16037164], [0.15089622, 0.04311415, -0.02311388], [0.01744438, 0.14683641, -0.12632809], [-0.02326196, -0.04366216, 0.09099788], [0.09059718, 0.07908316, 0.01928192], [0.04751133, -0.08030876, -0.07528974], [0.10428474, -0.04632455, 0.052412], [-0.02655397, 0.11361026, 0.05027536], [0.01681254, 0.01454626, -0.1251592], [-0.02781469, -0.01505079, 0.12271476], [0.01995529, -0.11340014, -0.05041863], [0.04750391, 0.0581343, -0.1036888], [-0.09885576, 0.05848142, -0.04536798], [-0.03212004, -0.06554895, 0.10461721], [0.04160292, -0.08288025, -0.08559163], [0.09099794, 0.08338621, 0.02738163], [-0.09548368, 0.06079202, -0.0506017], [-0.03887452, -0.05593119, 0.10752692]], "atomic quadrupole moments": [[0.1181237, 0.19862596, 0.02181888, -0.04547608, -0.04846759, -0.13994258], [0.36747113, -0.0802911, -0.13298184, 0.23505279, -0.17028947, -0.23448929], [0.0584114, -0.0243338, -0.02448344, 0.0370879, -0.05176615, -0.03392796], [-0.11982341, 0.06085392, 0.00612585, -0.09928327, 0.41567037, 0.11369756], [-0.10821862, -0.0023531, 0.03687786, -0.02421682, 0.13872029, 0.07134076], [0.08315081, -0.04655957, 0.03680426, 0.0854553, 0.08716647, -0.11995507], [0.08327994, 0.17895563, 0.03659321, 0.06843831, 0.0701603, -0.11987314], [-0.07347114, -0.09451296, 0.05966946, -0.08744853, 0.18315253, 0.01380168], [0.05216776, -0.036978, -0.02380098, 0.04791448, -0.0265309, -0.02836678], [-0.03243414, -0.0224533, 0.05408697, -0.02475445, 0.04431007, -0.02165282], [-0.04517984, 0.01236414, -0.03558268, -0.01241724, -0.00637325, 0.08076252], [-0.00175369, -0.00326948, -0.03710882, 0.00275764, 0.00148734, 0.03886251], [0.00023759, -0.01694998, 0.01770384, 0.00045648, 0.03323547, -0.01794143], [-0.0183048, 0.01155562, -0.00740525, -0.00817943, -0.01783203, 0.02571005], [0.0353027, -0.04763466, 0.00033328, 0.04330963, -0.02280276, -0.03563598], [-0.03004808, 0.02413823, -0.0175758, -0.01976254, -0.04624498, 0.04762388], [-0.01503535, -0.02211245, 0.00470707, -0.03727688, 0.05752552, 0.01032829], [0.03318558, 0.05718756, 0.00559055, 0.01023062, 0.02329065, -0.03877614], [0.02620454, -0.0507102, -0.01770165, 0.04577623, -0.01756777, -0.00850288], [-0.0380078, 0.0122127, -0.00334198, -0.03437053, -0.04508731, 0.04134979]], "number of molecular orbitals": 44, "number of electrons": 48, "number of unpaired electrons": 0, "orbital energies/eV": [-20.12144155, -19.34167587, -18.37146045, -17.39561476, -16.64998571, -16.39788566, -16.36042823, -15.77742978, -15.73718201, -15.215664, -14.79221221, -14.24199059, -13.87793131, -13.71896794, -13.21321571, -13.18626677, -12.93096875, -12.83979492, -12.64110975, -12.53695344, -12.21522901, -12.02358359, -11.89065883, -11.05877119, -6.10762359, 0.09464339, 2.50090523, 2.75588343, 3.43444688, 3.54045161, 3.92313853, 3.97165988, 4.0102767, 4.4002522, 4.6675303, 5.31451672, 6.16678875, 6.31883818, 6.54896809, 6.84670136, 7.00703172, 7.36904382, 8.45885123, 17.99387188], "fractional occupation": [2.0, 2.0, 2.0, 2.0, 2.0, 2.0, 2.0, 2.0, 2.0, 2.0, 2.0, 2.0, 2.0, 2.0, 2.0, 2.0, 2.0, 2.0, 2.0, 2.0, 2.0, 2.0, 2.0, 2.0, 0.0, 0.0, 0.0, 0.0, 0.0, 0.0, 0.0, 0.0, 0.0, 0.0, 0.0, 0.0, 0.0, 0.0, 0.0, 0.0, 0.0, 0.0, 0.0, 0.0], "program call": "xtb /tmp/scratch/tmp4owz61nb/508373_b19713_xyzopt.xyz --pop --wbo --acc 0.2 --gfn 2 --chrg 0 --uhf 0 --etemp 300 --input /tmp/scratch/tmp4owz61nb/508373_b19713_xtb.inp", "method": "GFN2-xTB", "xtb version": "6.3.3 (7355c4f)", "Dipole module/D": 2.286, "Total charge": 0, "Transition dipole module/D": NaN, "HOMO": -11.0588, "LUMO": -6.1076, "HOMO occupancy": 2.0, "LUMO occupancy": 0, "mulliken charges": [-0.097, 0.20456, -0.4212, 0.57628, -0.53375, -0.03338, -0.086, -0.08299, 0.03516, 0.043, 0.04387, 0.04255, 0.03626, 0.03999, 0.03159, 0.04735, 0.03725, 0.03806, 0.03532, 0.04308], "cm5 charges": [-0.24619, 0.12199, -0.50796, 0.63056, -0.58646, -0.09715, -0.23461, -0.2317, 0.08743, 0.09727, 0.09823, 0.10943, 0.10019, 0.10335, 0.08421, 0.10343, 0.09053, 0.09198, 0.08785, 0.09762], "FUKUI+": [0.016, 0.025, -0.121, -0.182, -0.273, 0.002, 0.026, 0.019, -0.043, -0.025, -0.029, -0.032, -0.047, -0.073, -0.062, -0.028, -0.033, -0.035, -0.071, -0.033], "FUKUI-": [0.012, 0.014, -0.073, -0.026, -0.159, -0.024, 0.022, 0.019, -0.068, -0.06, -0.071, -0.059, -0.068, -0.073, -0.09, -0.049, -0.053, -0.046, -0.091, -0.055], "FUKUIrad": [0.014, 0.02, -0.097, -0.104, -0.216, -0.011, 0.024, 0.019, -0.056, -0.043, -0.05, -0.046, -0.057, -0.073, -0.076, -0.038, -0.043, -0.04, -0.081, -0.044], "s proportion": [1.008, 0.995, 1.687, 0.982, 1.721, 1.058, 1.008, 1.01, 0.965, 0.957, 0.956, 0.957, 0.964, 0.96, 0.968, 0.953, 0.963, 0.962, 0.965, 0.957], "p proportion": [3.089, 2.8, 4.734, 2.441, 4.813, 2.976, 3.078, 3.073, 0.0, 0.0, 0.0, 0.0, 0.0, 0.0, 0.0, 0.0, 0.0, 0.0, 0.0, 0.0], "d proportion": [0.0, 0.0, 0.0, 0.0, 0.0, 0.0, 0.0, 0.0, 0.0, 0.0, 0.0, 0.0, 0.0, 0.0, 0.0, 0.0, 0.0, 0.0, 0.0, 0.0], "Fermi-level/eV": -8.5832, "Coordination numbers": [3.751, 3.7, 1.704, 2.725, 0.856, 3.851, 3.757, 3.759, 0.925, 0.925, 0.925, 0.924, 0.924, 0.924, 0.925, 0.925, 0.925, 0.925, 0.925, 0.925], "Dispersion coefficient C6": [22.768, 19.339, 18.483, 20.966, 21.926, 21.194, 22.604, 22.523, 2.292, 2.238, 2.216, 2.27, 2.349, 2.309, 2.382, 2.207, 2.444, 2.432, 2.333, 2.309], "Total dispersion C6": 3019.651541, "Total dispersion C8": 64024.340758, "Polarizability alpha": [6.805, 6.289, 5.805, 7.496, 6.278, 6.548, 6.779, 6.766, 2.368, 2.339, 2.328, 2.356, 2.397, 2.376, 2.414, 2.323, 2.445, 2.439, 2.389, 2.376], "Total polarizability alpha": 81.315024,