{"total energy": -22.89143674, "HOMO-LUMO gap/eV": 3.77606402, "electronic energy": -23.17199154, "dipole": [0.26324394, -0.60376948, 0.52633023], "partial charges": [-0.05963135, -0.05862608, 0.35470205, -0.41486582, -0.26719087, 0.08535876, -0.11557635, 0.07869927, 0.06277066, 0.06429407, 0.05063393, 0.05063413, 0.05820199, 0.05820195, 0.05239365], "atomic dipole moments": [[-0.04567028, 0.01085215, -0.00331453], [0.12572118, 0.02392201, -0.04124079], [0.16272854, -0.03787547, 0.01111429], [0.01202422, -0.14509254, 0.13416148], [0.00844046, 0.17609734, -0.16627899], [-0.15402927, -0.12653568, 0.14163908], [-0.09719629, 0.06895631, -0.05006159], [-0.01996925, 0.11066595, -0.10071974], [-0.11255517, -0.06044596, 0.07348788], [0.03557505, -0.10959158, 0.09736378], [-0.01657102, -0.01502004, -0.12413948], [0.00560141, 0.1237227, 0.02392016], [0.00789889, 0.01614145, 0.12589195], [-0.01451057, -0.12408482, -0.02375121], [0.10456591, 0.04228555, -0.05528364]], "atomic quadrupole moments": [[-0.36153953, 0.096656, 0.14327026, 0.07412679, 0.54313272, 0.21826927], [-0.25611479, 0.17524688, 0.08639165, -0.04994913, 0.3677378, 0.16972314], [-0.10670586, -0.0676152, 0.04467881, 0.14583909, 0.38432927, 0.06202705], [-0.11294024, 0.01363708, 0.04908722, 0.03341908, 0.13519181, 0.06385302], [0.06083496, 0.01814335, -0.03144034, -0.03852245, -0.05090451, -0.02939462], [0.38556424, 0.08616988, -0.20210079, -0.19694186, -0.18930779, -0.18346345], [0.13715708, -0.16591562, -0.04163508, 0.11164197, -0.08189591, -0.095522], [0.01798775, -0.01534022, -0.00425364, 0.00251387, -0.05107652, -0.01373411], [0.04102834, 0.00585091, -0.01964534, -0.02171939, -0.04559729, -0.021383], [0.03041899, -0.00526237, -0.01231544, -0.00940615, -0.04888031, -0.01810355], [-0.00245788, 0.00413217, -0.03316313, -0.00524615, 0.01895527, 0.03562102], [-0.00087688, 0.01412071, 0.02993422, -0.00480962, 0.0223187, -0.02905735], [-0.0445527, -0.01151542, -0.03413278, 0.00505518, 0.02096847, 0.07868548], [-0.03852384, 0.01598259, 0.07393757, 0.01664126, 0.02517281, -0.03541374], [0.05343267, 0.03410418, -0.03126323, -0.04822028, -0.02750213, -0.02216944]], "number of molecular orbitals": 36, "number of electrons": 40, "number of unpaired electrons": 0, "orbital energies/eV": [-20.14458702, -19.34856121, -18.39207646, -17.48997419, -16.70467578, -16.42861713, -15.90722394, -15.83725609, -15.26789568, -14.81098818, -14.24892508, -13.9018074, -13.43039188, -13.1407164, -12.93671286, -12.76913514, -12.53672911, -11.97754005, -11.87112637, -11.25718247, -7.48111844, -4.48393648, 0.25489804, 2.8071343, 3.49027425, 3.70589244, 3.89931864, 4.1375959, 4.66833239, 4.93804947, 6.34259834, 7.17092509, 7.34074365, 11.20636901, 14.27972186, 19.24114771], "fractional occupation": [2.0, 2.0, 2.0, 2.0, 2.0, 2.0, 2.0, 2.0, 2.0, 2.0, 2.0, 2.0, 2.0, 2.0, 2.0, 2.0, 2.0, 2.0, 2.0, 2.0, 0.0, 0.0, 0.0, 0.0, 0.0, 0.0, 0.0, 0.0, 0.0, 0.0, 0.0, 0.0, 0.0, 0.0, 0.0, 0.0], "program call": "xtb /tmp/scratch/tmp84lcj6c3/508399_56fa16_xyzopt.xyz --pop --wbo --acc 0.2 --gfn 2 --chrg 0 --uhf 0 --etemp 300 --input /tmp/scratch/tmp84lcj6c3/508399_56fa16_xtb.inp", "method": "GFN2-xTB", "xtb version": "6.3.3 (7355c4f)", "Dipole module/D": 2.143, "Total charge": 0, "Transition dipole module/D": NaN, "HOMO": -11.2572, "LUMO": -7.4811, "HOMO occupancy": 2.0, "LUMO occupancy": 0, "mulliken charges": [-0.01878, -0.05996, 0.5771, -0.5376, -0.42095, 0.20614, -0.09701, 0.05848, 0.04177, 0.05022, 0.03921, 0.03921, 0.04361, 0.04361, 0.03496], "cm5 charges": [-0.12044, -0.11273, 0.63383, -0.58729, -0.50537, 0.12383, -0.24618, 0.11583, 0.09531, 0.11121, 0.10445, 0.10445, 0.09794, 0.09794, 0.08724], "FUKUI+": [-0.1, -0.067, -0.083, -0.187, -0.091, 0.02, 0.014, -0.113, -0.13, -0.115, -0.034, -0.034, -0.022, -0.022, -0.037], "FUKUI-": [-0.028, -0.033, -0.022, -0.16, -0.083, 0.016, 0.014, -0.08, -0.107, -0.09, -0.09, -0.09, -0.087, -0.087, -0.073], "FUKUIrad": [-0.064, -0.05, -0.052, -0.173, -0.087, 0.018, 0.014, -0.096, -0.119, -0.103, -0.062, -0.062, -0.054, -0.054, -0.055], "s proportion": [1.059, 1.07, 0.97, 1.722, 1.688, 0.994, 1.008, 0.942, 0.958, 0.95, 0.961, 0.961, 0.956, 0.956, 0.965], "p proportion": [2.959, 2.99, 2.453, 4.815, 4.733, 2.799, 3.089, 0.0, 0.0, 0.0, 0.0, 0.0, 0.0, 0.0, 0.0], "d proportion": [0.0, 0.0, 0.0, 0.0, 0.0, 0.0, 0.0, 0.0, 0.0, 0.0, 0.0, 0.0, 0.0, 0.0, 0.0], "Fermi-level/eV": -9.3692, "Coordination numbers": [2.842, 2.887, 2.727, 0.856, 1.705, 3.702, 3.751, 0.926, 0.926, 0.926, 0.924, 0.924, 0.925, 0.925, 0.925], "Dispersion coefficient C6": [29.474, 29.455, 20.979, 21.981, 18.429, 19.309, 22.774, 1.992, 2.167, 2.149, 2.312, 2.312, 2.22, 2.22, 2.29], "Total dispersion C6": 2055.496455, "Total dispersion C8": 45536.193042, "Polarizability alpha": [8.897, 8.898, 7.498, 6.286, 5.796, 6.283, 6.806, 2.207, 2.302, 2.293, 2.378, 2.378, 2.33, 2.33, 2.367], "Total polarizability alpha": 69.048515, "Wiberg matrix": [[0.0, 1.932516562101404, 0.0, 0.0, 0.0, 0.0, 0.0, 0.9700239747785779, 0.9754203620065915, 0.0, 0.0, 0.0, 0.0, 0.0, 0.0], [1.932516562101404, 0.0, 1.0104174060022924, 0.0, 0.0, 0.0, 0.0, 0.0, 0.0, 0.9646680174423474, 0.0, 0.0, 0.0, 0.0, 0.0], [0.0, 1.0104174060022924, 0.0, 1.7246261616608096, 1.1242474545975036, 0.0, 0.0, 0.0, 0.0, 0.0, 0.0, 0.0, 0.0, 0.0, 0.0], [0.0, 0.0, 1.7246261616608096, 0.0, 0.17414512449231492, 0.0, 0.0, 0.0, 0.0, 0.0, 0.0, 0.0, 0.0, 0.0, 0.0], [0.0, 0.0, 1.1242474545975036, 0.17414512449231492, 0.0, 0.9397600631227584, 0.0, 0.0, 0.0, 0.0, 0.0, 0.0, 0.0, 0.0, 0.0], [0.0, 0.0, 0.0, 0.0, 0.9397600631227584, 0.0, 1.019661273445801, 0.0, 0.0, 0.0, 0.968187398909778, 0.9681872960170204, 0.0, 0.0, 0.0], [0.0, 0.0, 0.0, 0.0, 0.0, 1.019661273445801, 0.0, 0.0, 0.0, 0.0, 0.0, 0.0, 0.9853159720655191, 0.9853159692433163, 0.9837703876636271], [0.9700239747785779, 0.0, 0.0, 0.0, 0.0, 0.0, 0.0, 0.0, 0.0, 0.0, 0.0, 0.0, 0.0, 0.0, 0.0], [0.9754203620065915, 0.0, 0.0, 0.0, 0.0, 0.0, 0.0, 0.0, 0.0, 0.0, 0.0, 0.0, 0.0, 0.0, 0.0], [0.0, 0.9646680174423474, 0.0, 0.0, 0.0, 0.0, 0.0, 0.0, 0.0, 0.0, 0.0, 0.0, 0.0, 0.0, 0.0], [0.0, 0.0, 0.0, 0.0, 0.0, 0.968187398909778, 0.0, 0.0, 0.0, 0.0, 0.0, 0.0, 0.0, 0.0, 0.0], [0.0, 0.0, 0.0, 0.0, 0.0, 0.9681872960170204, 0.0, 0.0, 0.0, 0.0, 0.0, 0.0, 0.0, 0.0, 0.0], [0.0, 0.0, 0.0, 0.0, 0.0, 0.0, 0.9853159720655191, 0.0, 0.0, 0.0, 0.0, 0.0, 0.0, 0.0, 0.0], [0.0, 0.0, 0.0, 0.0, 0.0, 0.0, 0.9853159692433163, 0.0, 0.0, 0.0, 0.0, 0.0, 0.0, 0.0, 0.0], [0.0, 0.0, 0.0, 0.0, 0.0, 0.0, 0.9837703876636271, 0.0, 0.0, 0.0, 0.0, 0.0, 0.0, 0.0, 0.0]], "Born radii": [], "Atomic SASAs": [], "Solvent H bonds": [], "Total SASA": NaN, "Total FOD": 0.0, "FOD": [0.0, 0.0, 0.0, 0.0, 0.0, 0.0, 0.0, 0.0, 0.0, 0.0, 0.0, 0.0, 0.0, 0.0, 0.0], "FOD s proportion": [0.0, 0.0, 0.0, 0.0, 0.0, 0.0, 0.0, 0.0, 0.0, 0.0, 0.0, 0.0, 0.0, 0.0, 0.0], "FOD p proportion": [0.0, 0.0, 0.0, 0.0, 0.0, 0.0, 0.0, 0.0, 0.0, 0.0, 0.0, 0.0, 0.0, 0.0, 0.0], "FOD d proportion": [0.0, 0.0, 0.0, 0.0, 0.0, 0.0, 0.0, 0.0, 0.0, 0.0, 0.0, 0.0, 0.0, 0.0, 0.0], "coordinates": [["-3.23587417796953", "0.16661794912361", "0.50703029169548"], ["-1.99630585108802", "-0.25205925512358", "0.71371454578513"], ["-0.85523633782044", "0.34368147607392", "-0.01543410000420"], ["-0.92977170094258", "1.22785096148498", "-0.83278945158031"], ["0.29657260339756", "-0.23188181215350", "0.35142454706563"], ["1.47952771239486", "0.25487886724049", "-0.28185206309847"], ["2.66773343683122", "-0.51536840328636", "0.26198776920829"], ["-3.42795357316938", "0.95487784664396", "-0.20288835816788"], ["-4.08094370454489", "-0.25208212708335", "1.02590019669130"], ["-1.74363061805891", "-1.03637410316402", "1.41081931312278"], ["1.37911536040595", "0.12340370751385", "-1.36542588368320"], ["1.57166010950227", "1.32825320880512", "-0.07966427950017"], ["2.74356391129136", "-0.37626801289497", "1.33704588843620"], ["2.55181393014266", "-1.57613609313066", "0.05660092129308"], ["3.57972989962786", "-0.15939421004952", "-0.20815933726367"]],