{"total energy": -27.97560491, "HOMO-LUMO gap/eV": 3.5057083, "electronic energy": -28.23918358, "dipole": [0.17230109, 0.72708127, 0.41394464], "partial charges": [0.03576032, -0.30424232, 0.22866723, -0.32638967, 0.03964003, 0.23122484, -0.14088477, -0.33926651, 0.05364698, 0.03602551, 0.0670003, 0.01352619, 0.04129812, 0.06720829, 0.03624998, 0.09126548, 0.09468841, 0.07458161], "atomic dipole moments": [[-0.04078427, -0.24107465, -0.0144433], [0.26713825, 0.07482984, -0.06883354], [-0.02117613, 0.08116679, 0.20428708], [0.04288166, -0.0991326, -0.25676331], [-0.22026052, 0.07889826, 0.0458453], [0.02345063, 0.02134284, -0.0290857], [0.06053452, 0.03062246, -0.06927208], [-0.05765208, 0.1105695, 0.12554084], [0.09232392, 0.01632961, 0.08309985], [0.03468037, 0.03466882, -0.11152879], [-0.10672911, 0.05326154, 0.03374739], [0.0505533, 0.03283866, -0.10371653], [-0.01080475, -0.11939737, -0.03318096], [0.06896984, 0.01585347, 0.10114126], [0.04195856, 0.06401792, -0.09372991], [0.05986392, 0.03037203, 0.11677474], [-0.10812908, 0.08115529, -0.00977265], [-0.03034559, -0.12766264, -0.00945144]], "atomic quadrupole moments": [[-0.23407177, 0.1357625, 0.50637049, -0.01510005, 0.02110699, -0.27229872], [0.02842187, -0.03319053, 0.11372714, -0.05344199, 0.03220718, -0.14214901], [0.15974575, -0.18893409, -0.01342738, 0.1671953, 0.15553752, -0.14631837], [0.1183531, -0.06994731, -0.13435879, 0.05068351, 0.05368444, 0.01600569], [0.39391208, -0.24288615, -0.18592227, -0.15580887, 0.05776866, -0.20798981], [0.24515292, -0.16911545, -0.19232972, 0.45563663, -0.15703675, -0.0528232], [0.02128005, 0.04881028, -0.1002261, -0.17363199, -0.05068323, 0.07894605], [0.10178371, -0.07988936, -0.10516274, 0.18641305, -0.05876268, 0.00337904], [0.00673208, 0.01443359, -0.00793655, 0.05638434, 0.00388405, 0.00120446], [-0.04501768, 0.02290493, -0.01104702, -0.02764905, -0.02100956, 0.05606469], [0.03901675, -0.04723471, 0.01047963, -0.0310053, 0.01920694, -0.04949637], [0.00299585, -0.01256785, -0.01862589, 0.00146576, -0.00561287, 0.01563004], [-0.01022473, 0.00992495, 0.0550309, -0.00805411, 0.02460083, -0.04480617], [0.02275386, -0.00467679, -0.05307035, 0.05632305, 0.01603226, 0.03031649], [-0.01566603, 0.0011042, 0.00067229, -0.04074452, -0.04982621, 0.01499374], [-0.03067043, 0.02096272, -0.02854548, 0.05112411, 0.01304381, 0.05921591], [0.05378009, -0.05065044, 0.00506898, 0.00562816, -0.00688445, -0.05884907], [-0.03724232, 0.03145169, 0.07485408, -0.00679877, 0.00926543, -0.03761176]], "number of molecular orbitals": 42, "number of electrons": 48, "number of unpaired electrons": 0, "orbital energies/eV": [-19.76322797, -19.70894992, -19.46627042, -18.29923577, -17.49932741, -17.27181969, -17.01272425, -16.34541997, -15.95503297, -15.60558459, -15.46733701, -14.93980784, -14.61036388, -14.49704544, -14.29626818, -13.97797964, -13.65502302, -13.0826636, -12.99254269, -12.90674981, -12.71601041, -11.97859603, -11.52710093, -10.75542832, -7.24972002, 0.2646158, 0.8055737, 1.69640945, 3.07256513, 3.2527205, 3.72350608, 3.94766623, 4.36296401, 4.54412275, 5.0355496, 5.2465169, 5.42019121, 5.76582019, 6.08064894, 6.58980249, 7.12878718, 17.02939472], "fractional occupation": [2.0, 2.0, 2.0, 2.0, 2.0, 2.0, 2.0, 2.0, 2.0, 2.0, 2.0, 2.0, 2.0, 2.0, 2.0, 2.0, 2.0, 2.0, 2.0, 2.0, 2.0, 2.0, 2.0, 2.0, 0.0, 0.0, 0.0, 0.0, 0.0, 0.0, 0.0, 0.0, 0.0, 0.0, 0.0, 0.0, 0.0, 0.0, 0.0, 0.0, 0.0, 0.0], "program call": "xtb /tmp/scratch/tmpyr6o_6_r/508431_6a2cc4_xyzopt.xyz --pop --wbo --acc 0.2 --gfn 2 --chrg 0 --uhf 0 --etemp 300 --input /tmp/scratch/tmpyr6o_6_r/508431_6a2cc4_xtb.inp", "method": "GFN2-xTB", "xtb version": "6.3.3 (7355c4f)", "Dipole module/D": 2.171, "Total charge": 0, "Transition dipole module/D": NaN, "HOMO": -10.7554, "LUMO": -7.2497, "HOMO occupancy": 2.0, "LUMO occupancy": 0, "mulliken charges": [0.17509, -0.46154, 0.39392, -0.46904, 0.16872, 0.40093, -0.11968, -0.48576, 0.03234, 0.01598, 0.03638, 0.0272, 0.02885, 0.03924, 0.01772, 0.07053, 0.07208, 0.05703], "cm5 charges": [0.05383, -0.56032, 0.38992, -0.56738, 0.04747, 0.4264, -0.26112, -0.53745, 0.09506, 0.07529, 0.0974, 0.10334, 0.09066, 0.10036, 0.07692, 0.12751, 0.12981, 0.1123], "FUKUI+": [0.021, -0.027, -0.001, -0.046, 0.026, -0.184, 0.048, -0.292, -0.028, -0.028, -0.042, -0.066, 0.0, -0.049, -0.035, -0.109, -0.111, -0.078], "FUKUI-": [0.024, -0.074, -0.007, -0.125, 0.036, -0.03, 0.004, -0.166, -0.058, -0.064, -0.061, -0.07, -0.079, -0.069, -0.071, -0.057, -0.065, -0.069], "FUKUIrad": [0.022, -0.05, -0.004, -0.085, 0.031, -0.107, 0.026, -0.229, -0.043, -0.046, -0.051, -0.068, -0.039, -0.059, -0.053, -0.083, -0.088, -0.074], "s proportion": [0.971, 1.68, 0.987, 1.689, 0.971, 1.073, 1.016, 1.73, 0.968, 0.984, 0.964, 0.973, 0.971, 0.961, 0.982, 0.929, 0.928, 0.943], "p proportion": [2.854, 4.781, 2.619, 4.781, 2.861, 2.526, 3.103, 4.756, 0.0, 0.0, 0.0, 0.0, 0.0, 0.0, 0.0, 0.0, 0.0, 0.0], "d proportion": [0.0, 0.0, 0.0, 0.0, 0.0, 0.0, 0.0, 0.0, 0.0, 0.0, 0.0, 0.0, 0.0, 0.0, 0.0, 0.0, 0.0, 0.0], "Fermi-level/eV": -9.0026, "Coordination numbers": [3.654, 1.702, 3.654, 1.7, 3.646, 2.808, 3.754, 0.857, 0.924, 0.924, 0.925, 0.921, 0.924, 0.925, 0.924, 0.925, 0.925, 0.925], "Dispersion coefficient C6": [20.268, 19.068, 17.303, 19.461, 20.236, 23.155, 23.272, 20.505, 2.275, 2.503, 2.119, 2.834, 2.432, 2.116, 2.5, 1.867, 1.834, 2.036], "Total dispersion C6": 2593.554633, "Total dispersion C8": 54668.465212, "Polarizability alpha": [6.464, 5.896, 5.973, 5.956, 6.465, 7.884, 6.879, 6.071, 2.359, 2.474, 2.276, 2.633, 2.439, 2.275, 2.472, 2.137, 2.118, 2.231], "Total polarizability alpha": 74.999759, "Wiberg matrix": [[0.0, 0.9746825850763084, 0.0, 0.0, 0.0, 0.0, 0.0, 0.0, 0.9797351699877893, 0.9782548737502901, 0.9799139344966141, 0.0, 0.0, 0.0, 0.0, 0.0, 0.0, 0.0], [0.9746825850763084, 0.0, 1.0077106913346827, 0.0, 0.0, 0.0, 0.0, 0.0, 0.0, 0.0, 0.0, 0.0, 0.0, 0.0, 0.0, 0.0, 0.0, 0.0], [0.0, 1.0077106913346827, 0.0, 0.9498195593922637, 0.0, 0.9191043708705643, 0.0, 0.0, 0.0, 0.0, 0.0, 0.9432899956431104, 0.0, 0.0, 0.0, 0.0, 0.0, 0.0], [0.0, 0.0, 0.9498195593922637, 0.0, 0.986769782778897, 0.0, 0.0, 0.0, 0.0, 0.0, 0.0, 0.0, 0.0, 0.0, 0.0, 0.0, 0.0, 0.0], [0.0, 0.0, 0.0, 0.986769782778897, 0.0, 0.0, 0.0, 0.0, 0.0, 0.0, 0.0, 0.0, 0.9789044405125317, 0.9783554360454256, 0.9765049907714883, 0.0, 0.0, 0.0], [0.0, 0.0, 0.9191043708705643, 0.0, 0.0, 0.0, 1.0278811778570476, 1.880722068924511, 0.0, 0.0, 0.0, 0.0, 0.0, 0.0, 0.0, 0.0, 0.0, 0.0], [0.0, 0.0, 0.0, 0.0, 0.0, 1.0278811778570476, 0.0, 0.0, 0.0, 0.0, 0.0, 0.0, 0.0, 0.0, 0.0, 0.9497847736236561, 0.944896774727339, 0.9810461255210103], [0.0, 0.0, 0.0, 0.0, 0.0, 1.880722068924511, 0.0, 0.0, 0.0, 0.0, 0.0, 0.0, 0.0, 0.0, 0.0, 0.0, 0.0, 0.0], [0.9797351699877893, 0.0, 0.0, 0.0, 0.0, 0.0, 0.0, 0.0, 0.0, 0.0, 0.0, 0.0, 0.0, 0.0, 0.0, 0.0, 0.0, 0.0], [0.9782548737502901, 0.0, 0.0, 0.0, 0.0, 0.0, 0.0, 0.0, 0.0, 0.0, 0.0, 0.0, 0.0, 0.0, 0.0, 0.0, 0.0, 0.0], [0.9799139344966141, 0.0, 0.0, 0.0, 0.0, 0.0, 0.0, 0.0, 0.0, 0.0, 0.0, 0.0, 0.0, 0.0, 0.0, 0.0, 0.0, 0.0], [0.0, 0.0, 0.9432899956431104, 0.0, 0.0, 0.0, 0.0, 0.0, 0.0, 0.0, 0.0, 0.0, 0.0, 0.0, 0.0, 0.0, 0.0, 0.0], [0.0, 0.0, 0.0, 0.0, 0.9789044405125317, 0.0, 0.0, 0.0, 0.0, 0.0, 0.0, 0.0, 0.0, 0.0, 0.0, 0.0, 0.0, 0.0], [0.0, 0.0, 0.0, 0.0, 0.9783554360454256, 0.0, 0.0, 0.0, 0.0, 0.0, 0.0, 0.0, 0.0, 0.0, 0.0, 0.0, 0.0, 0.0], [0.0, 0.0, 0.0, 0.0, 0.9765049907714883, 0.0, 0.0, 0.0, 0.0, 0.0, 0.0, 0.0, 0.0, 0.0, 0.0, 0.0, 0.0, 0.0], [0.0, 0.0, 0.0, 0.0, 0.0, 0.0, 0.9497847736236561, 0.0, 0.0, 0.0, 0.0, 0.0, 0.0, 0.0, 0.0, 0.0, 0.0, 0.0], [0.0, 0.0, 0.0, 0.0, 0.0, 0.0, 0.944896774727339, 0.0, 0.0, 0.0, 0.0, 0.0, 0.0, 0.0, 0.0, 0.0, 0.0, 0.0], [0.0, 0.0, 0.0, 0.0, 0.0, 0.0, 0.9810461255210103, 0.0, 0.0, 0.0, 0.0, 0.0, 0.0, 0.0, 0.0, 0.0, 0.0, 0.0]], "Born radii": [], "Atomic SASAs": [], "Solvent H bonds": [], "Total SASA": NaN, "Total FOD": 0.0,