{"total energy": -21.77982658, "HOMO-LUMO gap/eV": 11.18236626, "electronic energy": -21.98979042, "dipole": [1.21575771, -0.60519052, -0.23334725], "partial charges": [0.04156656, -0.31867078, 0.08695362, -0.07914142, 0.08387421, -0.44962774, 0.03008011, 0.02874215, 0.05887254, 0.0203987, 0.02031583, 0.04158652, 0.06359752, 0.04347728, 0.01707434, 0.31090055], "atomic dipole moments": [[-0.19856013, -0.09120873, -0.03099105], [0.23505903, -0.16873581, 0.01027979], [-0.05389655, 0.2064414, 0.01202809], [0.06738357, 0.04009311, 0.09767833], [0.04326286, 0.18943395, -0.06729819], [0.15175743, -0.18990214, -0.03515674], [0.06854632, -0.02941638, -0.09478391], [0.04710043, -0.0487526, 0.09918152], [-0.01289659, 0.12349237, 0.01079683], [0.06481989, -0.03399353, -0.09271142], [0.04436093, -0.05242619, 0.09679179], [-0.00513343, -0.12276125, -0.01952244], [-0.04542579, 0.06325134, -0.10255605], [-0.111477, -0.04664401, -0.00947975], [0.0482736, -0.03885777, 0.09997759], [0.06927081, 0.02641221, -0.01496999]], "atomic quadrupole moments": [[0.37330018, 0.26044574, -0.12876551, 0.0963356, 0.04168631, -0.24453467], [0.06885832, 0.04577941, 0.09168929, 0.03101313, 0.02955299, -0.16054762], [-0.02953881, 0.12364478, 0.36823762, 0.04864208, 0.08969992, -0.33869881], [0.1909694, 0.05892209, -0.16978194, -0.09284542, 0.09879469, -0.02118746], [-0.22984931, -0.094891, 0.34970688, -0.15644657, 0.09193612, -0.11985757], [-0.05804418, -0.0412136, 0.17384118, -0.01950869, 0.01752165, -0.11579699], [0.01313345, -0.00410789, -0.04776073, -0.03924777, 0.02708958, 0.03462728], [-0.00318994, -0.00328016, -0.03346276, 0.03159293, -0.04370139, 0.0366527], [-0.02245171, 0.00173466, 0.07925961, 0.00415324, 0.01413361, -0.0568079], [-0.0170528, -0.00050197, -0.00479678, -0.03324983, 0.02065547, 0.02184958], [-0.03103272, -0.00017034, 0.00462094, 0.02137163, -0.02482867, 0.02641178], [-0.02091043, 0.00718563, 0.06844034, -0.01134555, 0.01747772, -0.04752991], [-0.00681808, -0.02008592, -0.01774193, 0.01614051, -0.04271687, 0.02456001], [0.03880862, 0.0269413, 0.00343083, 0.01081844, 0.01515082, -0.04223945], [-0.01789954, -0.02238139, -0.00182703, 0.03318415, -0.00564031, 0.01972657], [0.06823777, 0.07103277, 0.00914844, -0.02840537, -0.00637252, -0.07738621]], "number of molecular orbitals": 34, "number of electrons": 38, "number of unpaired electrons": 0, "orbital energies/eV": [-19.33638607, -18.30614567, -17.83329013, -17.00648118, -16.66763293, -16.15839371, -15.44498847, -15.22258812, -14.78326747, -14.62693221, -14.0838535, -13.71844473, -13.54002305, -12.91063436, -12.729037, -12.51958822, -11.85279761, -11.16555378, -10.84051242, 0.34185384, 1.9075093, 2.41290918, 2.85823765, 3.19313079, 3.63916991, 3.86883453, 4.00553261, 4.89646122, 5.05964566, 5.79648944, 6.02047329, 6.15351537, 7.19833584, 7.82106212], "fractional occupation": [2.0, 2.0, 2.0, 2.0, 2.0, 2.0, 2.0, 2.0, 2.0, 2.0, 2.0, 2.0, 2.0, 2.0, 2.0, 2.0, 2.0, 2.0, 2.0, 0.0, 0.0, 0.0, 0.0, 0.0, 0.0, 0.0, 0.0, 0.0, 0.0, 0.0, 0.0, 0.0, 0.0, 0.0], "program call": "xtb /tmp/scratch/tmpnf2uq7x_/508422_58c103_xyzopt.xyz --pop --wbo --acc 0.2 --gfn 2 --chrg 0 --uhf 0 --etemp 300 --input /tmp/scratch/tmpnf2uq7x_/508422_58c103_xtb.inp", "method": "GFN2-xTB", "xtb version": "6.3.3 (7355c4f)", "Dipole module/D": 3.502, "Total charge": 0, "Transition dipole module/D": NaN, "HOMO": -10.8405, "LUMO": 0.3419, "HOMO occupancy": 2.0, "LUMO occupancy": 0, "mulliken charges": [0.17407, -0.46698, 0.19736, -0.0826, 0.20564, -0.57112, 0.01524, 0.01402, 0.0363, 0.01324, 0.0092, 0.02625, 0.04978, 0.02508, 0.00456, 0.34995], "cm5 charges": [0.05232, -0.58614, 0.11562, -0.18931, 0.12132, -0.7869, 0.07402, 0.07274, 0.09712, 0.07519, 0.07191, 0.08188, 0.10999, 0.08863, 0.06669, 0.53491], "FUKUI+": [0.002, -0.154, -0.012, 0.02, 0.011, -0.07, -0.079, -0.078, -0.091, -0.096, -0.082, -0.133, -0.064, -0.068, -0.052, -0.054], "FUKUI-": [0.038, -0.121, 0.032, 0.01, 0.019, -0.157, -0.091, -0.083, -0.06, -0.105, -0.089, -0.068, -0.066, -0.091, -0.123, -0.045], "FUKUIrad": [0.02, -0.137, 0.01, 0.015, 0.015, -0.114, -0.085, -0.081, -0.076, -0.1, -0.086, -0.1, -0.065, -0.079, -0.087, -0.05], "s proportion": [0.968, 1.685, 0.995, 1.039, 0.985, 1.694, 0.985, 0.986, 0.964, 0.987, 0.991, 0.974, 0.95, 0.975, 0.995, 0.65], "p proportion": [2.857, 4.782, 2.808, 3.043, 2.81, 4.877, 0.0, 0.0, 0.0, 0.0, 0.0, 0.0, 0.0, 0.0, 0.0, 0.0], "d proportion": [0.0, 0.0, 0.0, 0.0, 0.0, 0.0, 0.0, 0.0, 0.0, 0.0, 0.0, 0.0, 0.0, 0.0, 0.0, 0.0], "Fermi-level/eV": -5.2493, "Coordination numbers": [3.653, 1.701, 3.703, 3.799, 3.674, 1.655, 0.924, 0.924, 0.925, 0.923, 0.923, 0.924, 0.924, 0.924, 0.923, 0.805], "Dispersion coefficient C6": [20.177, 19.323, 19.282, 22.013, 19.406, 21.836, 2.585, 2.605, 2.212, 2.728, 2.729, 2.428, 2.157, 2.403, 2.779, 0.689], "Total dispersion C6": 1766.10045, "Total dispersion C8": 35892.711932, "Polarizability alpha": [6.45, 5.935, 6.279, 6.68, 6.312, 6.308, 2.515, 2.524, 2.326, 2.583, 2.583, 2.437, 2.297, 2.424, 2.607, 1.304], "Total polarizability alpha": 61.563858, "Wiberg matrix": [[0.0, 0.9944215224005666, 0.0, 0.0, 0.0, 0.0, 0.9770807380217277, 0.9770234699979587, 0.9799768811247995, 0.0, 0.0, 0.0, 0.0, 0.0, 0.0, 0.0], [0.9944215224005666, 0.0, 0.977468907543215, 0.0, 0.0, 0.0, 0.0, 0.0, 0.0, 0.0, 0.0, 0.0, 0.0, 0.0, 0.0, 0.0], [0.0, 0.977468907543215, 0.0, 1.0041709595308974, 0.0, 0.0, 0.0, 0.0, 0.0, 0.968114345481299, 0.9668845877157993, 0.0, 0.0, 0.0, 0.0, 0.0], [0.0, 0.0, 1.0041709595308974, 0.0, 0.9981511885078391, 0.0, 0.0, 0.0, 0.0, 0.0, 0.0, 0.9750019078402296, 0.9734766957618481, 0.0, 0.0, 0.0], [0.0, 0.0, 0.0, 0.9981511885078391, 0.0, 1.0128865592396707, 0.0, 0.0, 0.0, 0.0, 0.0, 0.0, 0.0, 0.9730851727236051, 0.9668138266668012, 0.0], [0.0, 0.0, 0.0, 0.0, 1.0128865592396707, 0.0, 0.0, 0.0, 0.0, 0.0, 0.0, 0.0, 0.0, 0.0, 0.0, 0.8721480694724077], [0.9770807380217277, 0.0, 0.0, 0.0, 0.0, 0.0, 0.0, 0.0, 0.0, 0.0, 0.0, 0.0, 0.0, 0.0, 0.0, 0.0], [0.9770234699979587, 0.0, 0.0, 0.0, 0.0, 0.0, 0.0, 0.0, 0.0, 0.0, 0.0, 0.0, 0.0, 0.0, 0.0, 0.0], [0.9799768811247995, 0.0, 0.0, 0.0, 0.0, 0.0, 0.0, 0.0, 0.0, 0.0, 0.0, 0.0, 0.0, 0.0, 0.0, 0.0], [0.0, 0.0, 0.968114345481299, 0.0, 0.0, 0.0, 0.0, 0.0, 0.0, 0.0, 0.0, 0.0, 0.0, 0.0, 0.0, 0.0], [0.0, 0.0, 0.9668845877157993, 0.0, 0.0, 0.0, 0.0, 0.0, 0.0, 0.0, 0.0, 0.0, 0.0, 0.0, 0.0, 0.0], [0.0, 0.0, 0.0, 0.9750019078402296, 0.0, 0.0, 0.0, 0.0, 0.0, 0.0, 0.0, 0.0, 0.0, 0.0, 0.0, 0.0], [0.0, 0.0, 0.0, 0.9734766957618481, 0.0, 0.0, 0.0, 0.0, 0.0, 0.0, 0.0, 0.0, 0.0, 0.0, 0.0, 0.0], [0.0, 0.0, 0.0, 0.0, 0.9730851727236051, 0.0, 0.0, 0.0, 0.0, 0.0, 0.0, 0.0, 0.0, 0.0, 0.0, 0.0], [0.0, 0.0, 0.0, 0.0, 0.9668138266668012, 0.0, 0.0, 0.0, 0.0, 0.0, 0.0, 0.0, 0.0, 0.0, 0.0, 0.0], [0.0, 0.0, 0.0, 0.0, 0.0, 0.8721480694724077, 0.0, 0.0, 0.0, 0.0, 0.0, 0.0, 0.0, 0.0, 0.0, 0.0]], "Born radii": [], "Atomic SASAs": [], "Solvent H bonds": [], "Total SASA": NaN, "Total FOD": 0.0, "FOD": [0.0, 0.0, 0.0, 0.0, 0.0, 0.0, 0.0, 0.0, 0.0, 0.0, 0.0, 0.0, 0.0, 0.0, 0.0, 0.0], "FOD s proportion": [0.0, 0.0, 0.0, 0.0, 0.0, 0.0, 0.0, 0.0, 0.0, 0.0, 0.0, 0.0, 0.0, 0.0, 0.0, 0.0], "FOD p proportion": [0.0, 0.0, 0.0, 0.0, 0.0, 0.0, 0.0, 0.0, 0.0, 0.0, 0.0, 0.0, 0.0, 0.0, 0.0, 0.0], "FOD d proportion": [0.0, 0.0, 0.0, 0.0, 0.0, 0.0, 0.0, 0.0, 0.0, 0.0, 0.0, 0.0, 0.0, 0.0, 0.0, 0.0],