{"total energy": -20.9876078, "HOMO-LUMO gap/eV": 4.61783891, "electronic energy": -21.29693644, "dipole": [0.00724733, 0.08657225, 0.00396772], "partial charges": [-0.1139297, 0.10709076, -0.07979866, -0.07979865, 0.10709076, -0.1139297, -0.21018659, 0.05636506, 0.05077175, 0.05636498, 0.02822909, 0.02822909, 0.056365, 0.05636504, 0.05077175], "atomic dipole moments": [[0.06254992, -0.03469795, -0.01799463], [0.14503624, 0.21866827, -0.02173836], [0.01864588, -0.01876741, -0.00592697], [-0.02154583, -0.01587331, 0.0043392], [-0.10690587, 0.23680999, 0.04261505], [-0.06757505, -0.02532797, 0.01524315], [-0.01855543, -0.22164984, -0.01015926], [0.01641386, 0.06896998, 0.10757651], [-0.09266984, -0.08501757, 0.01754526], [-0.03387734, 0.08237599, -0.09308862], [-0.10520364, -0.12074509, 0.01829835], [0.08384766, -0.13435821, -0.02999091], [-0.00392407, 0.0802194, -0.10073937], [0.04636591, 0.06681293, 0.09992603], [0.07741047, -0.09726462, -0.02589859]], "atomic quadrupole moments": [[0.11937293, -0.11099939, -0.02696484, -0.06514423, 0.03343112, -0.09240809], [0.20830117, 0.1296189, -0.38849594, 0.00299071, -0.0708484, 0.18019477], [-0.11001524, 0.02144159, -0.24599185, 0.12700618, -0.04793704, 0.35600709], [-0.12277374, -0.05430104, -0.23501763, 0.12514293, -0.02822127, 0.35779137], [0.14923173, -0.22105525, -0.33768732, -0.0056357, 0.02043174, 0.18845559], [0.15271579, 0.0869446, -0.05564464, -0.06027469, -0.01809349, -0.09707116], [-0.03479406, 0.00810714, 0.06250219, 0.00240187, 0.00397315, -0.02770813], [-0.02968427, 0.00917806, -0.01383705, 0.02307245, 0.05730005, 0.04352132], [0.03518804, 0.06088165, 0.01936363, -0.01947871, -0.01003886, -0.05455167], [-0.03382331, -0.02002432, 0.00202598, 0.01334582, -0.06102906, 0.03179733], [0.0138851, 0.01518569, 0.02983432, -0.01434585, 0.00135496, -0.04371942], [0.00957023, -0.01043012, 0.03354576, -0.01497599, 0.00802273, -0.04311599], [-0.03244865, -0.00674788, 0.00010717, 0.01210441, -0.06435626, 0.03234148], [-0.02663461, 0.02217023, -0.01572423, 0.02495912, 0.05378934, 0.04235883], [0.0150923, -0.05842266, 0.03664941, -0.02241256, 0.02101616, -0.05174172]], "number of molecular orbitals": 36, "number of electrons": 38, "number of unpaired electrons": 0, "orbital energies/eV": [-19.71023123, -17.86439639, -17.49076283, -16.62065303, -16.07117368, -15.71750304, -15.20805767, -15.08789607, -14.31030259, -13.35121679, -13.34719705, -13.20337296, -12.91101977, -12.70185485, -12.60759181, -12.27650698, -12.01336409, -11.16683562, -9.94102825, -5.32318934, -3.92858888, 1.81184354, 2.97232808, 3.68943152, 4.19635134, 4.76124014, 4.78079701, 5.77500029, 5.96761757, 5.97566033, 6.00543764, 6.90141744, 9.0950492, 12.73453672, 13.96533952, 19.36988046], "fractional occupation": [2.0, 2.0, 2.0, 2.0, 2.0, 2.0, 2.0, 2.0, 2.0, 2.0, 2.0, 2.0, 2.0, 2.0, 2.0, 2.0, 2.0, 2.0, 2.0, 0.0, 0.0, 0.0, 0.0, 0.0, 0.0, 0.0, 0.0, 0.0, 0.0, 0.0, 0.0, 0.0, 0.0, 0.0, 0.0, 0.0], "program call": "xtb /tmp/scratch/tmpffrs0jd4/508464_2b8c12_xyzopt.xyz --pop --wbo --acc 0.2 --gfn 2 --chrg 0 --uhf 0 --etemp 300 --input /tmp/scratch/tmpffrs0jd4/508464_2b8c12_xtb.inp", "method": "GFN2-xTB", "xtb version": "6.3.3 (7355c4f)", "Dipole module/D": 0.221, "Total charge": 0, "Transition dipole module/D": NaN, "HOMO": -9.941, "LUMO": -5.3232, "HOMO occupancy": 2.0, "LUMO occupancy": 0, "mulliken charges": [-0.09465, 0.21542, -0.1045, -0.1045, 0.21542, -0.09465, -0.36135, 0.04776, 0.03676, 0.04776, 0.03213, 0.03213, 0.04776, 0.04776, 0.03676], "cm5 charges": [-0.23727, 0.22637, -0.15567, -0.15567, 0.22637, -0.23727, -0.43213, 0.10152, 0.0901, 0.10152, 0.08949, 0.08949, 0.10152, 0.10152, 0.0901], "FUKUI+": [0.036, -0.109, -0.045, -0.045, -0.109, 0.036, -0.139, -0.072, -0.062, -0.072, -0.106, -0.106, -0.072, -0.072, -0.062], "FUKUI-": [0.025, -0.084, -0.052, -0.052, -0.084, 0.025, -0.066, -0.099, -0.066, -0.099, -0.09, -0.09, -0.099, -0.099, -0.066], "FUKUIrad": [0.031, -0.096, -0.049, -0.049, -0.096, 0.031, -0.102, -0.086, -0.064, -0.086, -0.098, -0.098, -0.086, -0.086, -0.064], "s proportion": [1.003, 1.023, 1.048, 1.048, 1.023, 1.003, 1.691, 0.952, 0.963, 0.952, 0.968, 0.968, 0.952, 0.952, 0.963], "p proportion": [3.091, 2.761, 3.057, 3.057, 2.761, 3.091, 4.67, 0.0, 0.0, 0.0, 0.0, 0.0, 0.0, 0.0, 0.0], "d proportion": [0.0, 0.0, 0.0, 0.0, 0.0, 0.0, 0.0, 0.0, 0.0, 0.0, 0.0, 0.0, 0.0, 0.0, 0.0], "Fermi-level/eV": -7.6321, "Coordination numbers": [3.753, 3.084, 3.013, 3.013, 3.084, 3.753, 1.731, 0.925, 0.925, 0.925, 0.926, 0.926, 0.925, 0.925, 0.925], "Dispersion coefficient C6": [22.74, 25.548, 29.974, 29.974, 25.548, 22.74, 17.489, 2.242, 2.31, 2.242, 2.611, 2.611, 2.242, 2.242, 2.31], "Total dispersion C6": 2203.803457, "Total dispersion C8": 50860.164791, "Polarizability alpha": [6.8, 8.286, 8.981, 8.981, 8.286, 6.8, 5.647, 2.342, 2.377, 2.342, 2.527, 2.527, 2.342, 2.342, 2.377], "Total polarizability alpha": 72.95418, "Wiberg matrix": [[0.0, 1.983220187063273, 0.0, 0.0, 0.0, 0.9786056366257817, 0.9784152683347225, 0.0, 0.0, 0.0, 0.0, 0.0, 0.0, 0.0, 0.0], [1.983220187063273, 0.0, 1.0184827861383974, 0.0, 0.0, 0.0, 0.0, 0.9716973197468619, 0.0, 0.0, 0.0, 0.0, 0.0, 0.0, 0.0], [0.0, 1.0184827861383974, 0.0, 0.9780464504807566, 0.0, 0.0, 0.0, 0.0, 0.9704126524948342, 0.9635440891972002, 0.0, 0.0, 0.0, 0.0, 0.0], [0.0, 0.0, 0.9780464504807566, 0.0, 0.9947076788917599, 0.0, 0.0, 0.0, 0.0, 0.0, 0.9537094051731622, 0.0, 0.0, 0.0, 0.0], [0.0, 0.0, 0.0, 0.9947076788917599, 0.0, 0.0, 0.0, 0.0, 0.0, 0.0, 0.0, 0.9890428729200077, 0.9813040937428228, 0.9877221202133237, 0.0], [0.9786056366257817, 0.0, 0.0, 0.0, 0.0, 0.0, 0.0, 0.0, 0.0, 0.0, 0.0, 0.0, 0.0, 0.0, 0.0], [0.9784152683347225, 0.0, 0.0, 0.0, 0.0, 0.0, 0.0, 0.0, 0.0, 0.0, 0.0, 0.0, 0.0, 0.0, 0.0], [0.0, 0.9716973197468619, 0.0, 0.0, 0.0, 0.0, 0.0, 0.0, 0.0, 0.0, 0.0, 0.0, 0.0, 0.0, 0.0], [0.0, 0.0, 0.9704126524948342, 0.0, 0.0, 0.0, 0.0, 0.0, 0.0, 0.0, 0.0, 0.0, 0.0, 0.0, 0.0], [0.0, 0.0, 0.9635440891972002, 0.0, 0.0, 0.0, 0.0, 0.0, 0.0, 0.0, 0.0, 0.0, 0.0, 0.0, 0.0], [0.0, 0.0, 0.0, 0.9537094051731622, 0.0, 0.0, 0.0, 0.0, 0.0, 0.0, 0.0, 0.0, 0.0, 0.0, 0.0], [0.0, 0.0, 0.0, 0.0, 0.9890428729200077, 0.0, 0.0, 0.0, 0.0, 0.0, 0.0, 0.0, 0.0, 0.0, 0.0], [0.0, 0.0, 0.0, 0.0, 0.9813040937428228, 0.0, 0.0, 0.0, 0.0, 0.0, 0.0, 0.0, 0.0, 0.0, 0.0], [0.0, 0.0, 0.0, 0.0, 0.9877221202133237, 0.0, 0.0, 0.0, 0.0, 0.0, 0.0, 0.0, 0.0, 0.0, 0.0], [0.0, 0.0, 0.0, 0.0, 0.0, 0.0, 0.0, 0.0, 0.0, 0.0, 0.0, 0.0, 0.0, 0.0, 0.0]], "Born radii": [], "Atomic SASAs": [], "Solvent H bonds": [], "Total SASA": NaN, "Total FOD": 0.0, "FOD": [0.0, 0.0, 0.0, 0.0, 0.0, 0.0, 0.0, 0.0, 0.0, 0.0, 0.0, 0.0, 0.0, 0.0, 0.0], "FOD s proportion": [0.0, 0.0, 0.0, 0.0, 0.0, 0.0, 0.0, 0.0, 0.0, 0.0, 0.0, 0.0, 0.0, 0.0, 0.0], "FOD p proportion": [0.0, 0.0, 0.0, 0.0, 0.0, 0.0, 0.0, 0.0, 0.0, 0.0, 0.0, 0.0, 0.0, 0.0, 0.0], "FOD d proportion": [0.0, 0.0, 0.0, 0.0, 0.0, 0.0, 0.0, 0.0, 0.0, 0.0, 0.0, 0.0, 0.0, 0.0, 0.0], "coordinates": [["-2.30028945639633", "0.80885565575460", "0.77079084202546"], ["-1.05632267205713", "0.07816003340005", "0.41020888882617"], ["-0.79459045729832", "-1.24833058862553", "0.25598427161727"], ["0.57731248333583", "-1.34711790860634", "-0.09444000380539"], ["1.05667173461049", "-0.07399143488939", "-0.12951201893945"], ["2.40733807338414", "0.46987110853933", "-0.43167550396522"], ["0.06675529156826", "0.79741059780555", "0.17680193272582"], ["-2.15238620777586", "1.38693799280090", "1.68243729816404"], ["-3.10794021865196", "0.09991920058372", "0.92584332304544"], ["-2.57981096151086", "1.50087592126431", "-0.02301621318393"], ["-1.48646813950611", "-2.05702351821150", "0.37534850026723"], ["1.12631054605756", "-2.24516321457850", "-0.29203189497454"], ["2.36433899688574", "1.14486219395777", "-1.28589564827634"], ["2.79175382984864", "1.03092041740937", "0.41956009204260"], ["3.08732715750591", "-0.34618645660434", "-0.65661286556916"]],