{"total energy": -16.69738556, "HOMO-LUMO gap/eV": 4.04943765, "electronic energy": -16.91651268, "dipole": [-0.09694216, 1.12223256, -0.6099627], "partial charges": [-0.10057554, -0.08254925, 0.24021519, -0.14131873, -0.35107729, 0.04949768, 0.03635714, 0.04949775, 0.05482307, 0.05482312, 0.06177091, 0.06676502, 0.06177093], "atomic dipole moments": [[0.08801392, 0.07144167, -0.03072314], [0.00196104, -0.0799424, 0.04302505], [0.00421926, -0.02310216, 0.01274814], [-0.07265206, -0.03299094, 0.0114325], [-0.00895178, 0.15009516, -0.08123518], [0.01126854, -0.11463161, -0.05334793], [-0.10483842, 0.05374485, -0.03783614], [-0.00412401, -0.01876619, 0.12547594], [0.00335974, 0.01882541, -0.12777337], [-0.01232538, 0.11651249, 0.0544485], [-0.00682994, 0.11885915, 0.05653074], [0.10787175, -0.0625803, 0.04283397], [0.00923631, 0.01879732, -0.13012004]], "atomic quadrupole moments": [[0.12546671, 0.16910319, -0.00765387, -0.06753421, -0.05807216, -0.11781284], [0.19099816, 0.03537447, -0.01704342, 0.01788598, -0.11492827, -0.17395474], [-0.27771569, -0.02267237, -0.12362889, -0.06507087, 0.39641029, 0.40134459], [0.0966056, 0.14334279, 0.00475897, -0.05751715, -0.05879726, -0.10136458], [-0.12855554, -0.0127786, -0.04695107, -0.02725673, 0.16757532, 0.17550661], [-0.03243533, -0.00714848, 0.05011945, -0.01777988, 0.05245283, -0.01768413], [0.04781916, -0.0452511, -0.00960478, 0.03325524, -0.02914202, -0.03821437], [-0.03644217, 0.01285023, -0.0435663, 0.00129051, -0.00874023, 0.08000848], [-0.01418635, 0.02285879, -0.0499995, -0.00231683, -0.0100627, 0.06418585], [-0.01056137, 0.00435847, 0.03983105, -0.01935186, 0.04867022, -0.02926968], [-0.03016114, -0.01697276, 0.05878024, -0.00227836, 0.05881621, -0.0286191], [0.04035347, -0.04441723, -0.00699159, 0.03164892, -0.0272529, -0.03336187], [-0.03155799, -0.00334042, -0.05684369, 0.00079939, -0.01765667, 0.08840169]], "number of molecular orbitals": 28, "number of electrons": 30, "number of unpaired electrons": 0, "orbital energies/eV": [-19.28548553, -17.47294846, -17.0428575, -15.99315615, -15.3979602, -14.89971923, -14.74997848, -13.95467336, -13.5932397, -13.14169405, -13.04737705, -12.69497696, -12.39712876, -12.11470027, -10.74414287, -6.69470521, 1.81121156, 3.39894542, 3.90358441, 4.24806974, 4.67947941, 4.82594055, 5.15206453, 5.65975195, 6.18523694, 7.4321492, 7.58081168, 17.38156186], "fractional occupation": [2.0, 2.0, 2.0, 2.0, 2.0, 2.0, 2.0, 2.0, 2.0, 2.0, 2.0, 2.0, 2.0, 2.0, 2.0, 0.0, 0.0, 0.0, 0.0, 0.0, 0.0, 0.0, 0.0, 0.0, 0.0, 0.0, 0.0, 0.0], "program call": "xtb /tmp/scratch/tmpu5n2ao7j/508423_49e42c_xyzopt.xyz --pop --wbo --acc 0.2 --gfn 2 --chrg 0 --uhf 0 --etemp 300 --input /tmp/scratch/tmpu5n2ao7j/508423_49e42c_xtb.inp", "method": "GFN2-xTB", "xtb version": "6.3.3 (7355c4f)", "Dipole module/D": 3.256, "Total charge": 0, "Transition dipole module/D": NaN, "HOMO": -10.7441, "LUMO": -6.6947, "HOMO occupancy": 2.0, "LUMO occupancy": 0, "mulliken charges": [-0.07293, -0.08379, 0.40508, -0.13438, -0.4845, 0.04323, 0.02803, 0.04323, 0.04405, 0.04405, 0.05222, 0.06348, 0.05222], "cm5 charges": [-0.22335, -0.18854, 0.4226, -0.27828, -0.53743, 0.09762, 0.0798, 0.09762, 0.10019, 0.10019, 0.10542, 0.11875, 0.10542], "FUKUI+": [0.032, 0.031, -0.195, 0.052, -0.299, -0.032, -0.063, -0.032, -0.1, -0.1, -0.108, -0.079, -0.108], "FUKUI-": [0.022, -0.019, -0.049, -0.005, -0.234, -0.067, -0.135, -0.067, -0.092, -0.092, -0.088, -0.085, -0.088], "FUKUIrad": [0.027, 0.006, -0.122, 0.024, -0.267, -0.049, -0.099, -0.049, -0.096, -0.096, -0.098, -0.082, -0.098], "s proportion": [1.001, 1.037, 1.066, 1.021, 1.728, 0.957, 0.972, 0.957, 0.956, 0.956, 0.948, 0.937, 0.948], "p proportion": [3.072, 3.046, 2.529, 3.113, 4.756, 0.0, 0.0, 0.0, 0.0, 0.0, 0.0, 0.0, 0.0], "d proportion": [0.0, 0.0, 0.0, 0.0, 0.0, 0.0, 0.0, 0.0, 0.0, 0.0, 0.0, 0.0, 0.0], "Fermi-level/eV": -8.7194, "Coordination numbers": [3.753, 3.802, 2.81, 3.753, 0.857, 0.925, 0.925, 0.925, 0.924, 0.924, 0.925, 0.925, 0.925], "Dispersion coefficient C6": [22.48, 22.074, 22.988, 23.282, 20.728, 2.326, 2.498, 2.326, 2.261, 2.261, 2.178, 2.121, 2.178], "Total dispersion C6": 1265.30335, "Total dispersion C8": 27046.998978, "Polarizability alpha": [6.761, 6.689, 7.855, 6.881, 6.104, 2.385, 2.472, 2.385, 2.351, 2.351, 2.308, 2.278, 2.308], "Total polarizability alpha": 53.128286, "Wiberg matrix": [[0.0, 1.020216825050156, 0.0, 0.0, 0.0, 0.9866283909869207, 0.9873670756911337, 0.9866283782044809, 0.0, 0.0, 0.0, 0.0, 0.0], [1.020216825050156, 0.0, 0.986817396641247, 0.0, 0.0, 0.0, 0.0, 0.0, 0.9543317221873313, 0.954331619678241, 0.0, 0.0, 0.0], [0.0, 0.986817396641247, 0.0, 0.9985621108239856, 1.8763238047528916, 0.0, 0.0, 0.0, 0.0, 0.0, 0.0, 0.0, 0.0], [0.0, 0.0, 0.9985621108239856, 0.0, 0.0, 0.0, 0.0, 0.0, 0.0, 0.0, 0.9646921868016788, 0.9837036440580369, 0.9646921638662674], [0.0, 0.0, 1.8763238047528916, 0.0, 0.0, 0.0, 0.0, 0.0, 0.0, 0.0, 0.0, 0.0, 0.0], [0.9866283909869207, 0.0, 0.0, 0.0, 0.0, 0.0, 0.0, 0.0, 0.0, 0.0, 0.0, 0.0, 0.0], [0.9873670756911337, 0.0, 0.0, 0.0, 0.0, 0.0, 0.0, 0.0, 0.0, 0.0, 0.0, 0.0, 0.0], [0.9866283782044809, 0.0, 0.0, 0.0, 0.0, 0.0, 0.0, 0.0, 0.0, 0.0, 0.0, 0.0, 0.0], [0.0, 0.9543317221873313, 0.0, 0.0, 0.0, 0.0, 0.0, 0.0, 0.0, 0.0, 0.0, 0.0, 0.0], [0.0, 0.954331619678241, 0.0, 0.0, 0.0, 0.0, 0.0, 0.0, 0.0, 0.0, 0.0, 0.0, 0.0], [0.0, 0.0, 0.0, 0.9646921868016788, 0.0, 0.0, 0.0, 0.0, 0.0, 0.0, 0.0, 0.0, 0.0], [0.0, 0.0, 0.0, 0.9837036440580369, 0.0, 0.0, 0.0, 0.0, 0.0, 0.0, 0.0, 0.0, 0.0], [0.0, 0.0, 0.0, 0.9646921638662674, 0.0, 0.0, 0.0, 0.0, 0.0, 0.0, 0.0, 0.0, 0.0]], "Born radii": [], "Atomic SASAs": [], "Solvent H bonds": [], "Total SASA": NaN, "Total FOD": 0.0, "FOD": [0.0, 0.0, 0.0, 0.0, 0.0, 0.0, 0.0, 0.0, 0.0, 0.0, 0.0, 0.0, 0.0], "FOD s proportion": [0.0, 0.0, 0.0, 0.0, 0.0, 0.0, 0.0, 0.0, 0.0, 0.0, 0.0, 0.0, 0.0], "FOD p proportion": [0.0, 0.0, 0.0, 0.0, 0.0, 0.0, 0.0, 0.0, 0.0, 0.0, 0.0, 0.0, 0.0], "FOD d proportion": [0.0, 0.0, 0.0, 0.0, 0.0, 0.0, 0.0, 0.0, 0.0, 0.0, 0.0, 0.0, 0.0], "coordinates": [["-1.81550047713551", "-0.56732820142648", "0.15232646486596"], ["-0.61318523245132", "0.29539248679012", "-0.20667687832123"], ["0.69563455270565", "-0.32562068510672", "0.23890098701920"], ["1.91870172610039", "0.49592203156800", "-0.09624359552150"], ["0.76070429437710", "-1.38229443642194", "0.81097489756402"], ["-1.72950981145566", "-1.54387569901865", "-0.31719100192623"], ["-2.73730503519467", "-0.09623990131339", "-0.17956444947481"], ["-1.86252512884816", "-0.71545155806634", "1.22812114899837"], ["-0.56464538433901", "0.45164121133999", "-1.28716751817479"], ["-0.69772374645090", "1.28045507308342", "0.25887093169944"], ["1.84862263902775", "1.47351667058374", "0.37539115110930"], ["2.81491983108197", "-0.01012205801054", "0.25218548148964"], ["1.98181177258239", "0.64400406599880", "-1.17194361932740"]],