{"total energy": -25.85360676, "HOMO-LUMO gap/eV": 11.8157156, "electronic energy": -26.06485437, "dipole": [-0.4484025, -0.10041343, -0.28987286], "partial charges": [0.03623883, -0.31739378, 0.39340755, -0.32435372, 0.03700946, -0.3448505, 0.04160846, 0.07197737, 0.03654363, 0.0538169, -0.00320039, 0.06427768, 0.05119586, 0.05595045, 0.06744146, 0.04679505, 0.0335357], "atomic dipole moments": [[0.11436051, -0.18869942, 0.12458206], [-0.26886297, -0.06815591, -0.06312837], [0.17386507, -0.04129007, -0.11062572], [0.06829182, 0.11402904, -0.2475212], [-0.23692499, 0.06326366, 0.06786357], [-0.09730381, -0.07435678, 0.25027205], [0.14400419, 0.19764076, 0.00387515], [0.0803416, 0.09265775, -0.00730174], [-0.09685385, 0.02766986, 0.06736571], [-0.03384399, -0.04675661, -0.11064168], [-0.0903603, 0.01557561, 0.05727764], [0.03541072, -0.08334681, 0.08268398], [-0.00929185, -0.04377722, -0.11731536], [0.06592904, 0.10769452, 0.00172442], [-0.00766153, -0.03868068, -0.11666824], [0.0516622, -0.08197665, 0.07760726], [-0.10635423, 0.03692618, 0.04403238]], "atomic quadrupole moments": [[-0.06518054, -0.28737582, 0.16945713, 0.17961682, -0.28882759, -0.10427659], [0.00053259, 0.02593703, 0.10013862, 0.05227868, -0.10602352, -0.1006712], [-0.20530162, 0.086836, 0.17744685, 0.22355081, -0.05707015, 0.02785477], [0.08360717, -0.10278188, -0.06596715, 0.00394517, -0.07793054, -0.01764002], [0.434869, -0.20054563, -0.23067641, -0.20536708, 0.04279249, -0.20419259], [-0.07410354, 0.13069393, 0.02568985, 0.01203159, 0.05465208, 0.04841369], [0.02974748, 0.39022357, 0.23132933, -0.0144738, 0.00045205, -0.26107681], [0.00040937, 0.05205193, 0.04886207, 0.00258504, -0.02550662, -0.04927144], [0.03044989, -0.03722423, -0.03621602, -0.04333436, 2.76e-06, 0.00576613], [-0.03511615, -0.00811485, -0.00896089, 0.03276095, 0.02714667, 0.04407704], [0.00764824, -0.00607604, -0.00719456, -0.00090931, 0.00572199, -0.00045369], [-0.00516842, -0.04330426, 0.00722294, 0.02245959, -0.06021266, -0.00205451], [-0.01063553, -0.00098697, -0.03613797, 0.00297276, 0.04353516, 0.0467735], [0.01312513, 0.03664925, 0.0362552, -0.00964716, 0.01056463, -0.04938033], [-0.04392945, 0.02556423, -0.01536216, 0.01186369, 0.04537916, 0.05929161], [-0.00504087, -0.01390333, 0.01919043, 0.03167324, -0.04492488, -0.01414956], [0.05109236, -0.02005699, -0.00519862, -0.04071799, 0.00678332, -0.04589375]], "number of molecular orbitals": 38, "number of electrons": 44, "number of unpaired electrons": 0, "orbital energies/eV": [-19.76251738, -19.44419691, -19.40901135, -18.08684929, -17.56779919, -17.2791277, -16.48051586, -16.16883417, -15.83823428, -15.58428196, -14.71733698, -14.58557001, -14.2022694, -14.18275219, -14.03474521, -13.42375916, -12.95823775, -12.78732873, -12.479276, -11.55829379, -11.45541499, -11.39882304, 0.41689256, 0.79450548, 1.57843887, 2.90852101, 3.07792988, 3.76220897, 3.96074902, 4.08734849, 4.34874693, 4.77482337, 5.35881499, 5.47576898, 5.83018845, 6.11891415, 7.07381693, 7.57670326], "fractional occupation": [2.0, 2.0, 2.0, 2.0, 2.0, 2.0, 2.0, 2.0, 2.0, 2.0, 2.0, 2.0, 2.0, 2.0, 2.0, 2.0, 2.0, 2.0, 2.0, 2.0, 2.0, 2.0, 0.0, 0.0, 0.0, 0.0, 0.0, 0.0, 0.0, 0.0, 0.0, 0.0, 0.0, 0.0, 0.0, 0.0, 0.0, 0.0], "program call": "xtb /tmp/scratch/tmpi64sv5sw/508437_3bdd6d_xyzopt.xyz --pop --wbo --acc 0.2 --gfn 2 --chrg 0 --uhf 0 --etemp 300 --input /tmp/scratch/tmpi64sv5sw/508437_3bdd6d_xtb.inp", "method": "GFN2-xTB", "xtb version": "6.3.3 (7355c4f)", "Dipole module/D": 1.381, "Total charge": 0, "Transition dipole module/D": NaN, "HOMO": -11.3988, "LUMO": 0.4169, "HOMO occupancy": 2.0, "LUMO occupancy": 0, "mulliken charges": [0.1729, -0.45635, 0.61312, -0.4623, 0.17486, -0.47353, 0.17149, 0.03622, 0.01282, 0.02894, 0.02224, 0.02651, 0.02775, 0.03077, 0.03524, 0.02695, 0.01238], "cm5 charges": [0.05197, -0.55334, 0.63206, -0.5596, 0.0541, -0.57305, 0.05028, 0.09745, 0.0724, 0.09176, 0.10515, 0.08764, 0.09165, 0.09399, 0.09637, 0.08935, 0.07183], "FUKUI+": [0.011, -0.116, -0.011, -0.071, -0.004, -0.095, -0.008, -0.075, -0.062, -0.06, -0.111, -0.073, -0.047, -0.058, -0.084, -0.066, -0.07], "FUKUI-": [0.029, -0.108, 0.028, -0.111, 0.026, -0.095, 0.03, -0.069, -0.086, -0.086, -0.084, -0.076, -0.075, -0.102, -0.071, -0.066, -0.084], "FUKUIrad": [0.02, -0.112, 0.009, -0.091, 0.011, -0.095, 0.011, -0.072, -0.074, -0.073, -0.098, -0.074, -0.061, -0.08, -0.077, -0.066, -0.077], "s proportion": [0.971, 1.673, 0.924, 1.679, 0.97, 1.683, 0.97, 0.964, 0.987, 0.971, 0.978, 0.973, 0.972, 0.969, 0.965, 0.973, 0.988], "p proportion": [2.856, 4.783, 2.462, 4.783, 2.855, 4.79, 2.858, 0.0, 0.0, 0.0, 0.0, 0.0, 0.0, 0.0, 0.0, 0.0, 0.0], "d proportion": [0.0, 0.0, 0.0, 0.0, 0.0, 0.0, 0.0, 0.0, 0.0, 0.0, 0.0, 0.0, 0.0, 0.0, 0.0, 0.0, 0.0], "Fermi-level/eV": -5.491, "Coordination numbers": [3.655, 1.702, 3.567, 1.701, 3.652, 1.701, 3.652, 0.925, 0.924, 0.924, 0.921, 0.925, 0.924, 0.924, 0.925, 0.924, 0.924], "Dispersion coefficient C6": [20.259, 19.3, 15.57, 19.424, 20.258, 19.795, 20.178, 2.064, 2.496, 2.273, 3.115, 2.15, 2.305, 2.247, 2.114, 2.36, 2.537], "Total dispersion C6": 2108.132165, "Total dispersion C8": 42513.264118, "Polarizability alpha": [6.462, 5.931, 5.745, 5.95, 6.464, 6.007, 6.451, 2.247, 2.47, 2.358, 2.76, 2.293, 2.374, 2.344, 2.274, 2.403, 2.491], "Total polarizability alpha": 67.024127, "Wiberg matrix": [[0.0, 0.9740569448256634, 0.0, 0.0, 0.0, 0.0, 0.0, 0.9800221045413072, 0.9779543856138939, 0.9794976381015221, 0.0, 0.0, 0.0, 0.0, 0.0, 0.0, 0.0], [0.9740569448256634, 0.0, 0.9883015044087924, 0.0, 0.0, 0.0, 0.0, 0.0, 0.0, 0.0, 0.0, 0.0, 0.0, 0.0, 0.0, 0.0, 0.0], [0.0, 0.9883015044087924, 0.0, 1.0018942678437575, 0.0, 0.9554182277943865, 0.0, 0.0, 0.0, 0.0, 0.9300643790072192, 0.0, 0.0, 0.0, 0.0, 0.0, 0.0], [0.0, 0.0, 1.0018942678437575, 0.0, 0.96294639256151, 0.0, 0.0, 0.0, 0.0, 0.0, 0.0, 0.0, 0.0, 0.0, 0.0, 0.0, 0.0], [0.0, 0.0, 0.0, 0.96294639256151, 0.0, 0.0, 0.0, 0.0, 0.0, 0.0, 0.0, 0.9819271615260274, 0.9806194561813788, 0.980672054514409, 0.0, 0.0, 0.0], [0.0, 0.0, 0.9554182277943865, 0.0, 0.0, 0.0, 0.9801856507849572, 0.0, 0.0, 0.0, 0.0, 0.0, 0.0, 0.0, 0.0, 0.0, 0.0], [0.0, 0.0, 0.0, 0.0, 0.0, 0.9801856507849572, 0.0, 0.0, 0.0, 0.0, 0.0, 0.0, 0.0, 0.0, 0.980248264054008, 0.9795015565288852, 0.9772781077032546], [0.9800221045413072, 0.0, 0.0, 0.0, 0.0, 0.0, 0.0, 0.0, 0.0, 0.0, 0.0, 0.0, 0.0, 0.0, 0.0, 0.0, 0.0], [0.9779543856138939, 0.0, 0.0, 0.0, 0.0, 0.0, 0.0, 0.0, 0.0, 0.0, 0.0, 0.0, 0.0, 0.0, 0.0, 0.0, 0.0], [0.9794976381015221, 0.0, 0.0, 0.0, 0.0, 0.0, 0.0, 0.0, 0.0, 0.0, 0.0, 0.0, 0.0, 0.0, 0.0, 0.0, 0.0], [0.0, 0.0, 0.9300643790072192, 0.0, 0.0, 0.0, 0.0, 0.0, 0.0, 0.0, 0.0, 0.0, 0.0, 0.0, 0.0, 0.0, 0.0], [0.0, 0.0, 0.0, 0.0, 0.9819271615260274, 0.0, 0.0, 0.0, 0.0, 0.0, 0.0, 0.0, 0.0, 0.0, 0.0, 0.0, 0.0], [0.0, 0.0, 0.0, 0.0, 0.9806194561813788, 0.0, 0.0, 0.0, 0.0, 0.0, 0.0, 0.0, 0.0, 0.0, 0.0, 0.0, 0.0], [0.0, 0.0, 0.0, 0.0, 0.980672054514409, 0.0, 0.0, 0.0, 0.0, 0.0, 0.0, 0.0, 0.0, 0.0, 0.0, 0.0, 0.0], [0.0, 0.0, 0.0, 0.0, 0.0, 0.0, 0.980248264054008, 0.0, 0.0, 0.0, 0.0, 0.0, 0.0, 0.0, 0.0, 0.0, 0.0], [0.0, 0.0, 0.0, 0.0, 0.0, 0.0, 0.9795015565288852, 0.0, 0.0, 0.0, 0.0, 0.0, 0.0, 0.0, 0.0, 0.0, 0.0], [0.0, 0.0, 0.0, 0.0, 0.0, 0.0, 0.9772781077032546, 0.0, 0.0, 0.0, 0.0, 0.0, 0.0, 0.0, 0.0, 0.0, 0.0]], "Born radii": [], "Atomic SASAs": [], "Solvent H bonds": [], "Total SASA": NaN, "Total FOD": 0.0, "FOD": [0.0, 0.0, 0.0, 0.0, 0.0, 0.0, 0.0, 0.0, 0.0, 0.0, 0.0, 0.0, 0.0, 0.0, 0.0, 0.0, 0.0], "FOD s proportion": [0.0, 0.0, 0.0, 0.0, 0.0, 0.0, 0.0, 0.0, 0.0, 0.0, 0.0, 0.0, 0.0, 0.0, 0.0, 0.0, 0.0], "FOD p proportion": [0.0, 0.0, 0.0, 0.0, 0.0, 0.0, 0.0, 0.0, 0.0, 0.0, 0.0, 0.0, 0.0, 0.0, 0.0, 0.0, 0.0], "FOD d proportion": [0.0, 0.0, 0.0, 0.0, 0.0, 0.0, 0.0, 0.0, 0.0, 0.0, 0.0, 0.0, 0.0, 0.0, 0.0, 0.0, 0.0],