{"total energy": -25.4743861, "HOMO-LUMO gap/eV": 3.24979094, "electronic energy": -25.9816365, "dipole": [4.54e-06, -5.88e-06, -2.9e-07], "partial charges": [-0.03025979, -0.03026223, -0.03516042, 0.01309441, -0.03516232, -0.03025945, -0.03025992, -0.03516148, 0.0130947, -0.03515993, 0.02892678, 0.02892922, 0.02994748, 0.02994719, 0.02892532, 0.02892702, 0.02994645, 0.02994697], "atomic dipole moments": [[0.01693949, -0.0258993, -0.00148731], [0.00949775, 0.0291799, 0.00435227], [-0.03369951, 0.00104295, -0.00303192], [-0.00091956, 0.00691586, 0.00073462], [0.03229577, 0.00922519, 0.00411903], [-0.01692645, 0.02589283, 0.00148777], [-0.00947965, -0.02916886, -0.00434926], [0.03368002, -0.00105215, 0.00302901], [0.00093456, -0.00690727, -0.0007322], [-0.03231203, -0.00922654, -0.00412072], [0.11651459, 0.08745688, 0.02128953], [0.13595663, -0.05618437, 0.00606366], [0.02092572, -0.14496172, -0.0152436], [0.01834453, -0.14528139, -0.0155232], [-0.11649089, -0.08748444, -0.02129053], [-0.13594111, 0.05621336, -0.00605883], [-0.02095433, 0.14495617, 0.01524021], [-0.01837567, 0.14527853, 0.01552]], "atomic quadrupole moments": [[-0.29044379, 0.01083582, -0.21053693, -0.07442718, -0.08545434, 0.50098073], [-0.28404729, -0.01230157, -0.2163897, -0.07657353, -0.08831513, 0.50043699], [-0.22696976, -0.02053475, -0.26045258, -0.07098758, -0.09277134, 0.48742234], [-0.1781996, 0.01065838, -0.20680158, -0.05272374, -0.07081644, 0.38500117], [-0.2443012, 0.04241326, -0.24457993, -0.06513917, -0.08499145, 0.48888113], [-0.29035911, 0.01081156, -0.21060843, -0.07442084, -0.08546328, 0.50096754], [-0.28398208, -0.01225298, -0.21644249, -0.07656058, -0.08831493, 0.50042458], [-0.22697193, -0.02046424, -0.26043281, -0.07097769, -0.09275979, 0.48740473], [-0.17822156, 0.01071101, -0.20677998, -0.05271967, -0.07080888, 0.38500154], [-0.24434517, 0.04249094, -0.24455393, -0.06513572, -0.08498332, 0.4888991], [0.0361514, -0.00549098, 0.03452128, 0.00957166, 0.01224843, -0.07067268], [0.0338778, 0.00282586, 0.03660034, 0.01034571, 0.01327393, -0.07047814], [0.03429918, -0.00058482, 0.03365136, 0.00972729, 0.01228379, -0.06795054], [0.0345904, -0.00163401, 0.03338627, 0.0096302, 0.01215426, -0.06797667], [0.0361784, -0.00549755, 0.03449671, 0.00957362, 0.01224513, -0.07067511], [0.03389681, 0.00284243, 0.03658463, 0.0103498, 0.01327401, -0.07048144], [0.03429658, -0.00056403, 0.03365695, 0.00972987, 0.01228681, -0.06795353], [0.03458048, -0.00161018, 0.03339272, 0.00963184, 0.01215693, -0.0679732]], "number of molecular orbitals": 48, "number of electrons": 48, "number of unpaired electrons": 0, "orbital energies/eV": [-17.6232069, -17.32495574, -16.90360201, -16.66814717, -16.48085992, -15.70287679, -15.65443131, -15.44503819, -14.34323762, -14.20866149, -14.05790508, -13.3610406, -13.3269408, -13.27483709, -12.87000855, -12.7844159, -12.51679563, -12.26423334, -11.96838374, -11.5446331, -11.30182617, -11.23870831, -10.84244492, -10.26860094, -7.01881, -6.16123546, -5.08852313, -3.88516372, -1.4648671, 3.00286849, 3.22479225, 3.94089179, 3.97444656, 4.55897097, 4.867253, 5.12211987, 5.65785101, 6.08100798, 8.90005773, 10.47827465, 10.56710072, 11.08513956, 12.97489534, 14.05772601, 14.52334486, 15.61370828, 18.86997352, 19.04779558], "fractional occupation": [2.0, 2.0, 2.0, 2.0, 2.0, 2.0, 2.0, 2.0, 2.0, 2.0, 2.0, 2.0, 2.0, 2.0, 2.0, 2.0, 2.0, 2.0, 2.0, 2.0, 2.0, 2.0, 2.0, 2.0, 0.0, 0.0, 0.0, 0.0, 0.0, 0.0, 0.0, 0.0, 0.0, 0.0, 0.0, 0.0, 0.0, 0.0, 0.0, 0.0, 0.0, 0.0, 0.0, 0.0, 0.0, 0.0, 0.0, 0.0], "program call": "xtb /tmp/scratch/tmporsv6jiy/509122_3d4389_xyzopt.xyz --pop --wbo --acc 0.2 --gfn 2 --chrg 0 --uhf 0 --etemp 300 --input /tmp/scratch/tmporsv6jiy/509122_3d4389_xtb.inp", "method": "GFN2-xTB", "xtb version": "6.3.3 (7355c4f)", "Dipole module/D": 0.0, "Total charge": 0, "Transition dipole module/D": NaN, "HOMO": -10.2686, "LUMO": -7.0188, "HOMO occupancy": 2.0, "LUMO occupancy": 0, "mulliken charges": [-0.02802, -0.02802, -0.03507, 0.0052, -0.03507, -0.02802, -0.02802, -0.03507, 0.0052, -0.03507, 0.02975, 0.02975, 0.03074, 0.03074, 0.02974, 0.02975, 0.03074, 0.03074], "cm5 charges": [-0.08425, -0.08426, -0.08873, -0.00246, -0.08873, -0.08425, -0.08425, -0.08873, -0.00246, -0.08873, 0.08619, 0.0862, 0.08802, 0.08802, 0.08619, 0.08619, 0.08802, 0.08802], "FUKUI+": [-0.036, -0.036, -0.055, -0.019, -0.055, -0.036, -0.036, -0.055, -0.019, -0.055, -0.076, -0.076, -0.073, -0.073, -0.076, -0.076, -0.073, -0.073], "FUKUI-": [-0.038, -0.038, -0.055, -0.02, -0.055, -0.038, -0.038, -0.055, -0.02, -0.055, -0.075, -0.075, -0.072, -0.072, -0.075, -0.075, -0.072, -0.072], "FUKUIrad": [-0.037, -0.037, -0.055, -0.02, -0.055, -0.037, -0.037, -0.055, -0.02, -0.055, -0.075, -0.075, -0.073, -0.073, -0.075, -0.075, -0.073, -0.073], "s proportion": [1.056, 1.056, 1.06, 1.075, 1.06, 1.056, 1.056, 1.06, 1.075, 1.06, 0.97, 0.97, 0.969, 0.969, 0.97, 0.97, 0.969, 0.969], "p proportion": [2.972, 2.972, 2.975, 2.92, 2.975, 2.972, 2.972, 2.975, 2.92, 2.975, 0.0, 0.0, 0.0, 0.0, 0.0, 0.0, 0.0, 0.0], "d proportion": [0.0, 0.0, 0.0, 0.0, 0.0, 0.0, 0.0, 0.0, 0.0, 0.0, 0.0, 0.0, 0.0, 0.0, 0.0, 0.0, 0.0, 0.0], "Fermi-level/eV": -8.6437, "Coordination numbers": [2.916, 2.916, 2.918, 2.987, 2.918, 2.916, 2.916, 2.918, 2.987, 2.918, 0.926, 0.926, 0.926, 0.926, 0.926, 0.926, 0.926, 0.926], "Dispersion coefficient C6": [28.755, 28.755, 28.875, 27.714, 28.875, 28.755, 28.755, 28.875, 27.714, 28.875, 2.602, 2.602, 2.587, 2.587, 2.602, 2.602, 2.587, 2.587], "Total dispersion C6": 4401.555069, "Total dispersion C8": 110435.83455, "Polarizability alpha": [8.793, 8.793, 8.812, 8.635, 8.812, 8.793, 8.793, 8.812, 8.635, 8.812, 2.522, 2.522, 2.515, 2.515, 2.522, 2.522, 2.515, 2.515], "Total polarizability alpha": 107.841875,