{"total energy": -25.39130418, "HOMO-LUMO gap/eV": 4.53859088, "electronic energy": -25.85245911, "dipole": [-0.1560919, 0.13462656, 0.03557035], "partial charges": [-0.10684062, 0.01041007, -0.0464987, -0.04316428, 0.00219447, -0.10549249, 0.00556209, -0.10584147, -0.05174133, 0.04349053, 0.03938767, 0.03958292, 0.02477614, 0.02510224, 0.0419051, 0.0372744, 0.0417869, 0.04239672, 0.03757704, 0.04251528, 0.02561731], "atomic dipole moments": [[-0.06262022, -0.01958767, 0.004782], [0.08927849, 0.02771114, 0.00050892], [-0.00120192, 0.00691203, 0.00163251], [-0.00128733, 0.00726324, 0.0006067], [-0.0843834, -0.01899958, -0.00130724], [0.06053014, 0.02600617, 0.0019823], [-0.06800992, 0.053925, 0.00538967], [0.04308755, -0.05064022, -0.00523588], [-0.00048256, -0.01376691, -0.00027823], [0.04257751, 0.00505307, 0.11988403], [0.07393968, -0.08074976, -0.06345361], [0.01325652, 0.11541596, -0.0500488], [0.10491208, -0.10172143, -0.01008645], [-0.03045788, -0.14149277, -0.01213174], [-0.06380542, 0.05248221, -0.09508782], [-0.00637953, -0.12474469, -0.01276044], [-0.0605235, 0.03159159, 0.10592701], [-0.07510298, -0.00091594, -0.10135029], [0.04988559, 0.11466501, 0.01050701], [-0.07410839, -0.02003343, 0.10007629], [0.0330285, 0.14070117, 0.01192981]], "atomic quadrupole moments": [[0.16432588, 0.07204574, -0.04815347, 0.00845534, 0.00675724, -0.11617241], [-0.096352, 0.07625672, -0.30705356, 0.01108473, -0.06388081, 0.40340555], [-0.23365491, 0.00251991, -0.23874842, 0.00885343, -0.06355755, 0.47240333], [-0.24176976, 0.01385166, -0.23638216, 0.00963773, -0.06355102, 0.47815192], [-0.08322167, 0.07376261, -0.30204189, 0.01121263, -0.06177576, 0.38526356], [0.15735518, 0.06518613, -0.04153419, 0.00234685, 0.00577318, -0.115821], [-0.19512648, -0.13783035, -0.20117858, -0.00484989, -0.05107162, 0.39630506], [0.06741996, -0.11839933, 0.04858934, -0.01233444, 0.01592716, -0.11600931], [-0.24026395, -0.00488838, -0.21452976, 0.00764266, -0.05784319, 0.45479371], [-0.02949362, 0.00400011, -0.04908631, 0.02896968, 0.00045035, 0.07857993], [0.00159718, -0.03483336, 0.01905615, -0.03652533, 0.05271557, -0.02065333], [-0.02526162, 0.00165532, 0.06091447, -0.00038566, -0.05416459, -0.03565285], [0.03717321, 0.00049268, 0.03428912, -0.00126806, 0.00928741, -0.07146233], [0.03839307, 0.00025931, 0.03486038, -0.00140541, 0.00957314, -0.07325345], [-0.01620564, -0.01469732, -0.01530797, 0.04525793, -0.04924962, 0.03151361], [-0.02408843, -0.00092565, 0.0823432, -0.00055466, 0.01462712, -0.05825477], [-0.01911587, -0.00431857, -0.03348862, -0.04524427, 0.03597506, 0.05260449], [-0.01114559, -0.0026961, -0.03385537, 0.06070566, 0.01169528, 0.04500096], [-0.00189124, 0.04337862, 0.06072717, 0.00369479, 0.01114539, -0.05883594], [-0.01248279, 0.00846175, -0.02656064, -0.05954048, -0.02519954, 0.03904343], [0.03572826, 0.00081439, 0.03653671, -0.00133442, 0.00959725, -0.07226497]], "number of molecular orbitals": 48, "number of electrons": 48, "number of unpaired electrons": 0, "orbital energies/eV": [-17.31260553, -16.84626303, -16.58775414, -16.29112449, -15.96447441, -15.61556469, -15.25242031, -14.83538867, -13.83829626, -13.75800849, -13.54176255, -13.2314364, -13.13333638, -12.78300902, -12.75871367, -12.63364031, -12.52777029, -12.43024387, -11.99917061, -11.98858556, -11.2746164, -11.15635764, -10.50471402, -10.19103298, -5.6524421, -5.60783203, -2.21707265, 2.77259439, 3.04206022, 3.81666632, 3.92844738, 4.21532187, 4.70384245, 5.12697664, 5.33853359, 5.64406953, 5.87360651, 5.99999627, 6.24241098, 6.57322326, 6.60516182, 7.06654631, 10.94340568, 11.52771472, 13.00846258, 13.18540494, 17.82057746, 17.96315771], "fractional occupation": [2.0, 2.0, 2.0, 2.0, 2.0, 2.0, 2.0, 2.0, 2.0, 2.0, 2.0, 2.0, 2.0, 2.0, 2.0, 2.0, 2.0, 2.0, 2.0, 2.0, 2.0, 2.0, 2.0, 2.0, 0.0, 0.0, 0.0, 0.0, 0.0, 0.0, 0.0, 0.0, 0.0, 0.0, 0.0, 0.0, 0.0, 0.0, 0.0, 0.0, 0.0, 0.0, 0.0, 0.0, 0.0, 0.0, 0.0, 0.0], "program call": "xtb /tmp/scratch/tmpkh89p653/509215_fbb763_xyzopt.xyz --pop --wbo --acc 0.2 --gfn 2 --chrg 0 --uhf 0 --etemp 300 --input /tmp/scratch/tmpkh89p653/509215_fbb763_xtb.inp", "method": "GFN2-xTB", "xtb version": "6.3.3 (7355c4f)", "Dipole module/D": 0.532, "Total charge": 0, "Transition dipole module/D": NaN, "HOMO": -10.191, "LUMO": -5.6524, "HOMO occupancy": 2.0, "LUMO occupancy": 0, "mulliken charges": [-0.08889, 0.01265, -0.04761, -0.03995, -0.00435, -0.08815, 0.00352, -0.08869, -0.05736, 0.03851, 0.03407, 0.0341, 0.02647, 0.02643, 0.03627, 0.03315, 0.03641, 0.03693, 0.03328, 0.03677, 0.02643], "cm5 charges": [-0.23439, -0.00541, -0.1019, -0.09419, -0.02039, -0.23391, -0.01245, -0.2345, -0.10962, 0.09065, 0.08682, 0.08683, 0.08372, 0.08377, 0.08914, 0.0862, 0.08922, 0.08977, 0.08634, 0.08966, 0.08463], "FUKUI+": [0.032, -0.076, -0.052, -0.047, -0.073, 0.031, -0.071, 0.031, -0.044, -0.058, -0.05, -0.05, -0.089, -0.087, -0.054, -0.047, -0.054, -0.054, -0.047, -0.054, -0.085], "FUKUI-": [0.024, -0.066, -0.044, -0.022, -0.073, 0.027, -0.048, 0.027, -0.016, -0.094, -0.063, -0.065, -0.07, -0.066, -0.082, -0.055, -0.083, -0.062, -0.048, -0.061, -0.061], "FUKUIrad": [0.028, -0.071, -0.048, -0.035, -0.073, 0.029, -0.06, 0.029, -0.03, -0.076, -0.056, -0.057, -0.079, -0.076, -0.068, -0.051, -0.069, -0.058, -0.047, -0.057, -0.073], "s proportion": [1.005, 1.079, 1.055, 1.056, 1.08, 1.005, 1.081, 1.005, 1.058, 0.961, 0.966, 0.966, 0.974, 0.974, 0.964, 0.967, 0.964, 0.963, 0.967, 0.963, 0.974], "p proportion": [3.084, 2.908, 2.993, 2.983, 2.924, 3.083, 2.915, 3.084, 2.999, 0.0, 0.0, 0.0, 0.0, 0.0, 0.0, 0.0, 0.0, 0.0, 0.0, 0.0, 0.0], "d proportion": [0.0, 0.0, 0.0, 0.0, 0.0, 0.0, 0.0, 0.0, 0.0, 0.0, 0.0, 0.0, 0.0, 0.0, 0.0, 0.0, 0.0, 0.0, 0.0, 0.0, 0.0], "Fermi-level/eV": -7.9217, "Coordination numbers": [3.758, 2.965, 2.924, 2.923, 2.97, 3.758, 2.969, 3.758, 2.93, 0.924, 0.925, 0.925, 0.926, 0.925, 0.925, 0.925, 0.925, 0.925, 0.925, 0.925, 0.925], "Dispersion coefficient C6": [22.594, 27.782, 29.155, 29.072, 27.973, 22.568, 27.894, 22.574, 29.285, 2.403, 2.457, 2.454, 2.662, 2.657, 2.424, 2.485, 2.425, 2.417, 2.481, 2.416, 2.649], "Total dispersion C6": 4247.420989, "Total dispersion C8": 98911.740515, "Polarizability alpha": [6.777, 8.646, 8.855, 8.842, 8.676, 6.773, 8.663, 6.774, 8.875, 2.424, 2.451, 2.45, 2.551, 2.549, 2.435, 2.465, 2.435, 2.431, 2.463, 2.431, 2.545], "Total polarizability alpha": 102.511271,