{"total energy": -25.38394992, "HOMO-LUMO gap/eV": 4.64384239, "electronic energy": -25.84326601, "dipole": [0.29196796, 0.12098618, -0.04291973], "partial charges": [-0.09539447, -0.05820465, 0.00357601, -0.03976152, -0.03613163, -0.03554212, -0.04121122, 0.00906989, -0.10570142, 0.03486457, 0.03256197, 0.03305539, 0.03749289, 0.03340565, 0.02666422, 0.02533767, 0.0255649, 0.02597052, 0.04452612, 0.03814792, 0.04170931], "atomic dipole moments": [[-0.05609779, 0.03083177, -0.07373328], [-0.0080297, -0.02140553, 0.1021505], [0.07953229, -0.00414966, -0.02749893], [0.00068322, 0.00844535, 0.00265831], [-0.00153602, 0.00067377, 0.00065421], [-0.00037362, -0.00101793, -0.00042066], [0.00557199, -0.00650091, -0.00418386], [0.05417388, 0.06728323, -0.00171024], [-0.03670232, -0.05778537, -0.00565334], [-0.04224956, -0.10704386, 0.04844091], [0.00301384, 0.08227117, 0.09247102], [0.11573313, -0.01741369, -0.04102952], [0.0471866, 0.1049222, -0.04892826], [-0.00030498, -0.08766247, -0.08772696], [0.04568093, -0.1288778, -0.0496093], [-0.08943917, -0.11679379, 0.00086532], [-0.13682133, 0.01532418, 0.05160873], [-0.04807167, 0.12786231, 0.04952549], [0.10967318, -0.02037729, 0.06006307], [-0.05812008, 0.09640777, 0.05518587], [0.02882922, 0.03581708, -0.11852475]], "atomic quadrupole moments": [[0.01069162, -0.06803759, -0.08959354, 0.16011058, -0.07988485, 0.07890192], [0.13975682, -0.08281878, -0.14453273, 0.05793624, -0.05489662, 0.00477591], [-0.025565, -0.08179972, -0.30331888, 0.12806587, -0.1580087, 0.32888388], [-0.16256565, -0.06852796, -0.21217673, 0.20878991, -0.15997233, 0.37474237], [-0.17731904, -0.06445061, -0.20772555, 0.22138779, -0.16136552, 0.38504459], [-0.18154512, -0.05951774, -0.20414751, 0.22462635, -0.16103724, 0.38569263], [-0.18080443, -0.04713118, -0.18647242, 0.21981518, -0.15533146, 0.36727685], [-0.16150086, 0.08146316, -0.12773388, 0.21684344, -0.16549019, 0.28923474], [0.02279484, 0.11920003, 0.0860725, -0.02366979, 0.00801287, -0.10886734], [-0.02233702, 0.04520726, 0.04776557, -0.00394887, -0.03819752, -0.02542855], [-0.04578802, -0.01010797, 0.02706395, 0.00589681, 0.06102061, 0.01872407], [0.06288875, -0.01768134, -0.05156681, -0.0424565, -1.854e-05, -0.01132194], [-0.01424017, 0.02170074, 0.04317063, -0.00798409, -0.02282687, -0.02893046], [-0.01696585, 0.00115206, 0.0137906, 0.00579054, 0.04833451, 0.00317526], [0.02729809, 0.00951994, 0.02969355, -0.03311479, 0.02355542, -0.05699164], [0.02569363, 0.00604108, 0.02903333, -0.03300327, 0.02421946, -0.05472696], [0.02309135, 0.00929881, 0.03270583, -0.03104901, 0.02390761, -0.05579718], [0.02686067, 0.01018086, 0.03026944, -0.03265824, 0.02320602, -0.05713011], [0.04032649, -0.02752086, -0.02116431, 0.05552704, -0.01118226, -0.01916218], [9.057e-05, -0.03572933, 0.03048627, -0.03651885, 0.04511987, -0.03057684], [-0.04816668, 0.01118751, -0.02930131, -0.02296729, -0.01945195, 0.07746799]], "number of molecular orbitals": 48, "number of electrons": 48, "number of unpaired electrons": 0, "orbital energies/eV": [-17.37237115, -16.87717644, -16.70856904, -16.32603424, -16.01543943, -15.59964886, -15.2866269, -14.94546073, -14.09382764, -13.85565283, -13.5923895, -13.3188107, -13.1424668, -12.99870206, -12.79332888, -12.68949936, -12.39158805, -12.30493659, -12.2003076, -11.82902825, -11.24367177, -11.17316277, -10.63789817, -10.4366961, -5.79285371, -5.75671315, -2.3323213, 2.75812459, 2.98360508, 3.63732779, 3.78269746, 4.05234084, 4.13150561, 4.77493679, 5.00577876, 5.2624796, 5.56419307, 5.83554392, 6.26821762, 6.41599611, 7.36541088, 7.72020897, 11.079578, 11.30043003, 12.74920671, 12.86239428, 17.56016529, 18.08976214], "fractional occupation": [2.0, 2.0, 2.0, 2.0, 2.0, 2.0, 2.0, 2.0, 2.0, 2.0, 2.0, 2.0, 2.0, 2.0, 2.0, 2.0, 2.0, 2.0, 2.0, 2.0, 2.0, 2.0, 2.0, 2.0, 0.0, 0.0, 0.0, 0.0, 0.0, 0.0, 0.0, 0.0, 0.0, 0.0, 0.0, 0.0, 0.0, 0.0, 0.0, 0.0, 0.0, 0.0, 0.0, 0.0, 0.0, 0.0, 0.0, 0.0], "program call": "xtb /tmp/scratch/tmp39e939yt/509282_69ff97_xyzopt.xyz --pop --wbo --acc 0.2 --gfn 2 --chrg 0 --uhf 0 --etemp 300 --input /tmp/scratch/tmp39e939yt/509282_69ff97_xtb.inp", "method": "GFN2-xTB", "xtb version": "6.3.3 (7355c4f)", "Dipole module/D": 0.811, "Total charge": 0, "Transition dipole module/D": NaN, "HOMO": -10.4367, "LUMO": -5.7929, "HOMO occupancy": 2.0, "LUMO occupancy": 0, "mulliken charges": [-0.08064, -0.04317, -0.00574, -0.04028, -0.0326, -0.0315, -0.04232, 0.00352, -0.08931, 0.02988, 0.02876, 0.02944, 0.02769, 0.02863, 0.02708, 0.0272, 0.02723, 0.02696, 0.03697, 0.03403, 0.03819], "cm5 charges": [-0.23228, -0.15041, -0.01997, -0.09467, -0.08895, -0.08785, -0.0967, -0.01245, -0.23553, 0.08258, 0.08156, 0.081, 0.08459, 0.0846, 0.08467, 0.08363, 0.08367, 0.08432, 0.09026, 0.08715, 0.09079], "FUKUI+": [0.014, 0.017, -0.079, -0.047, -0.055, -0.062, -0.047, -0.073, 0.031, -0.019, -0.018, -0.046, -0.045, -0.045, -0.09, -0.093, -0.095, -0.09, -0.054, -0.047, -0.056], "FUKUI-": [0.006, 0.007, -0.061, -0.021, -0.053, -0.054, -0.022, -0.062, 0.026, -0.037, -0.037, -0.06, -0.047, -0.071, -0.066, -0.078, -0.078, -0.068, -0.079, -0.058, -0.088], "FUKUIrad": [0.01, 0.012, -0.07, -0.034, -0.054, -0.058, -0.034, -0.067, 0.028, -0.028, -0.028, -0.053, -0.046, -0.058, -0.078, -0.086, -0.087, -0.079, -0.066, -0.053, -0.072], "s proportion": [1.006, 1.025, 1.085, 1.057, 1.054, 1.054, 1.058, 1.083, 1.006, 0.97, 0.971, 0.971, 0.972, 0.971, 0.973, 0.973, 0.973, 0.973, 0.963, 0.966, 0.962], "p proportion": [3.075, 3.018, 2.921, 2.983, 2.979, 2.978, 2.985, 2.914, 3.084, 0.0, 0.0, 0.0, 0.0, 0.0, 0.0, 0.0, 0.0, 0.0, 0.0, 0.0, 0.0], "d proportion": [0.0, 0.0, 0.0, 0.0, 0.0, 0.0, 0.0, 0.0, 0.0, 0.0, 0.0, 0.0, 0.0, 0.0, 0.0, 0.0, 0.0, 0.0, 0.0, 0.0, 0.0], "Fermi-level/eV": -8.1148, "Coordination numbers": [3.753, 3.807, 2.974, 2.926, 2.918, 2.919, 2.926, 2.969, 3.757, 0.925, 0.925, 0.925, 0.924, 0.924, 0.925, 0.926, 0.926, 0.925, 0.925, 0.925, 0.924], "Dispersion coefficient C6": [22.38, 21.616, 27.94, 28.988, 28.899, 28.885, 29.024, 27.812, 22.572, 2.518, 2.55, 2.543, 2.483, 2.539, 2.634, 2.654, 2.65, 2.644, 2.389, 2.474, 2.426], "Total dispersion C6": 4259.735563, "Total dispersion C8": 99014.091942, "Polarizability alpha": [6.746, 6.619, 8.67, 8.83, 8.815, 8.813, 8.835, 8.65, 6.774, 2.482, 2.497, 2.494, 2.464, 2.492, 2.538, 2.547, 2.546, 2.543, 2.417, 2.46, 2.436], "Total polarizability alpha": 102.667541,