{"total energy": -25.38543786, "HOMO-LUMO gap/eV": 4.55782949, "electronic energy": -25.84555032, "dipole": [-0.02102413, -0.04540613, -0.04158121], "partial charges": [-0.09677167, -0.05689678, 0.00807008, -0.03961718, -0.04146696, 0.01282859, -0.10764887, -0.04146696, -0.03961719, 0.03406297, 0.03495096, 0.03495095, 0.03373164, 0.03373163, 0.02648707, 0.02631284, 0.0404605, 0.04046048, 0.044638, 0.02631284, 0.02648707], "atomic dipole moments": [[-0.04795693, 0.06022038, 0.0617232], [-0.01830607, -0.07380285, -0.06896179], [0.08802945, 0.01678164, 0.00840958], [0.00015604, 0.00529814, -0.00583434], [-0.00202204, 0.00548065, -0.00734738], [-0.08941366, -0.01591023, -0.00745655], [0.06609675, 0.00833773, 0.00223955], [-0.00087022, -0.00721823, 0.00593716], [0.00113844, -0.00553363, 0.00549696], [0.12185338, 0.02096393, 0.00947491], [-0.02250396, -0.11969415, 0.02717397], [-0.03510681, 0.01925806, -0.11818706], [0.0377789, -0.02094112, 0.11678159], [0.02513676, 0.118444, -0.02903233], [0.07721885, -0.07470188, 0.09896449], [-0.06138884, -0.10102323, 0.08592433], [-0.04975602, -0.03921813, 0.10972672], [-0.06265325, 0.10298004, -0.03903018], [-0.01972293, -0.09190746, -0.08614525], [-0.07737907, 0.0752757, -0.09850543], [0.06123796, 0.10149416, -0.08535771]], "atomic quadrupole moments": [[-0.02293652, -0.11196545, 0.00763528, -0.11612296, 0.13919625, 0.01530124], [0.13857026, -0.04796538, -0.06953114, -0.0738308, 0.11372651, -0.06903913], [-0.05477871, -0.05590695, 0.03823234, -0.078702, 0.37225747, 0.01654637], [-0.21410609, -0.10479128, 0.11495006, -0.09666581, 0.35676652, 0.09915603], [-0.21324856, -0.09839473, 0.11650975, -0.10200597, 0.35396492, 0.09673882], [-0.05434353, -0.0558129, 0.03775893, -0.07811783, 0.36593186, 0.0165846], [0.17312894, 0.05671449, -0.08330702, 0.03303644, -0.01655517, -0.08982192], [-0.21235772, -0.10303346, 0.11050825, -0.09664684, 0.35466141, 0.10184947], [-0.21528889, -0.09822895, 0.11402692, -0.1033956, 0.35624284, 0.10126197], [0.07666037, 0.02548003, -0.03587022, 0.01290143, 0.01652061, -0.04079015], [-0.0412013, 0.0229513, 0.0688471, -0.01845567, -0.02967709, -0.0276458], [-0.03257516, -0.01996653, -0.03337448, 0.03534855, -0.02094339, 0.06594964], [-0.01367078, -0.00887937, -0.03508673, 0.01729617, -0.0212449, 0.04875751], [-0.01760855, 0.00901866, 0.04892503, -0.00888422, -0.0269164, -0.03131648], [0.0333091, 0.01547162, -0.01760069, 0.01479201, -0.05209701, -0.01570842], [0.03336744, 0.01541508, -0.01770021, 0.01502023, -0.05182651, -0.01566723], [-0.01470091, 0.01304649, -0.04667883, -0.03016011, -0.0393734, 0.06137974], [-0.00607107, -0.03898718, 0.05166389, 0.01497083, -0.03968466, -0.04559282], [-0.03559954, 0.00559366, 0.02128096, 0.00410255, 0.06760931, 0.01431858], [0.03334401, 0.0155411, -0.01763109, 0.01488314, -0.05184083, -0.01571293], [0.03334174, 0.01529779, -0.01773703, 0.01498481, -0.05207526, -0.01560471]], "number of molecular orbitals": 48, "number of electrons": 48, "number of unpaired electrons": 0, "orbital energies/eV": [-17.352395, -16.93704365, -16.55004827, -16.45439359, -15.99803462, -15.41759147, -15.41685167, -14.98395424, -14.02542165, -13.82609614, -13.47832244, -13.33822897, -13.16990045, -13.06603887, -12.80026178, -12.76307052, -12.38294038, -12.2184261, -12.11569816, -11.76263566, -11.29154371, -11.17674328, -10.73868492, -10.35203803, -5.79420855, -5.73849896, -2.32523531, 2.81021156, 2.99231437, 3.74885714, 3.85927086, 4.25896681, 4.62868087, 4.68927517, 5.08929091, 5.31314598, 5.51340996, 5.51363279, 6.17263981, 6.4083896, 7.0854193, 7.48633204, 10.90768632, 11.63541464, 12.58407314, 13.0763994, 17.62317109, 18.07271571], "fractional occupation": [2.0, 2.0, 2.0, 2.0, 2.0, 2.0, 2.0, 2.0, 2.0, 2.0, 2.0, 2.0, 2.0, 2.0, 2.0, 2.0, 2.0, 2.0, 2.0, 2.0, 2.0, 2.0, 2.0, 2.0, 0.0, 0.0, 0.0, 0.0, 0.0, 0.0, 0.0, 0.0, 0.0, 0.0, 0.0, 0.0, 0.0, 0.0, 0.0, 0.0, 0.0, 0.0, 0.0, 0.0, 0.0, 0.0, 0.0, 0.0], "program call": "xtb /tmp/scratch/tmphwyzl5cm/509295_b8887e_xyzopt.xyz --pop --wbo --acc 0.2 --gfn 2 --chrg 0 --uhf 0 --etemp 300 --input /tmp/scratch/tmphwyzl5cm/509295_b8887e_xtb.inp", "method": "GFN2-xTB", "xtb version": "6.3.3 (7355c4f)", "Dipole module/D": 0.165, "Total charge": 0, "Transition dipole module/D": NaN, "HOMO": -10.352, "LUMO": -5.7942, "HOMO occupancy": 2.0, "LUMO occupancy": 0, "mulliken charges": [-0.08052, -0.0422, 0.00272, -0.0395, -0.04191, 0.01128, -0.08921, -0.04191, -0.0395, 0.02929, 0.02911, 0.02911, 0.02806, 0.02806, 0.02719, 0.02702, 0.03473, 0.03473, 0.03926, 0.02702, 0.02719], "cm5 charges": [-0.23185, -0.14904, -0.01369, -0.0938, -0.09618, -0.00685, -0.23474, -0.09618, -0.0938, 0.08084, 0.08173, 0.08173, 0.08384, 0.08384, 0.0846, 0.08428, 0.0875, 0.0875, 0.09139, 0.08428, 0.0846], "FUKUI+": [0.014, 0.017, -0.081, -0.05, -0.05, -0.082, 0.033, -0.05, -0.05, -0.045, -0.019, -0.019, -0.046, -0.046, -0.091, -0.091, -0.052, -0.052, -0.061, -0.091, -0.091], "FUKUI-": [0.002, 0.003, -0.072, -0.03, -0.03, -0.073, 0.024, -0.03, -0.03, -0.061, -0.036, -0.036, -0.061, -0.061, -0.067, -0.068, -0.07, -0.07, -0.103, -0.068, -0.067], "FUKUIrad": [0.008, 0.01, -0.076, -0.04, -0.04, -0.077, 0.029, -0.04, -0.04, -0.053, -0.027, -0.027, -0.053, -0.053, -0.079, -0.079, -0.061, -0.061, -0.082, -0.079, -0.079], "s proportion": [1.006, 1.025, 1.083, 1.057, 1.057, 1.08, 1.005, 1.057, 1.057, 0.971, 0.971, 0.971, 0.972, 0.972, 0.973, 0.973, 0.965, 0.965, 0.961, 0.973, 0.973], "p proportion": [3.075, 3.017, 2.915, 2.983, 2.985, 2.908, 3.084, 2.985, 2.983, 0.0, 0.0, 0.0, 0.0, 0.0, 0.0, 0.0, 0.0, 0.0, 0.0, 0.0, 0.0], "d proportion": [0.0, 0.0, 0.0, 0.0, 0.0, 0.0, 0.0, 0.0, 0.0, 0.0, 0.0, 0.0, 0.0, 0.0, 0.0, 0.0, 0.0, 0.0, 0.0, 0.0, 0.0], "Fermi-level/eV": -8.0731, "Coordination numbers": [3.753, 3.806, 2.971, 2.924, 2.924, 2.967, 3.757, 2.924, 2.924, 0.925, 0.925, 0.925, 0.924, 0.924, 0.926, 0.926, 0.925, 0.925, 0.924, 0.926, 0.926], "Dispersion coefficient C6": [22.406, 21.592, 27.835, 28.985, 29.03, 27.725, 22.61, 29.03, 28.985, 2.529, 2.517, 2.517, 2.534, 2.534, 2.637, 2.639, 2.443, 2.443, 2.388, 2.639, 2.637], "Total dispersion C6": 4258.837839, "Total dispersion C8": 99008.275335, "Polarizability alpha": [6.75, 6.615, 8.654, 8.829, 8.836, 8.637, 6.779, 8.836, 8.829, 2.487, 2.481, 2.481, 2.489, 2.489, 2.539, 2.541, 2.444, 2.444, 2.417, 2.541, 2.539], "Total polarizability alpha": 102.656863,