{"total energy": -21.15860884, "HOMO-LUMO gap/eV": 3.61898007, "electronic energy": -21.58046391, "dipole": [-0.00624826, 5.757e-05, 0.00020429], "partial charges": [-0.08578533, -0.03025694, 0.0145951, -0.03243249, -0.02993778, -0.03037661, -0.02988919, -0.03398609, 0.0387189, 0.03615837, 0.03304558, 0.03404978, 0.02896357, 0.02897665, 0.02873266, 0.02942384], "atomic dipole moments": [[0.05125427, 0.03851336, 0.00257467], [-0.10580254, -0.01400345, 0.00194457], [0.04235281, -0.01063423, -0.00257356], [0.00205865, -0.01487846, -0.00172655], [-0.00354636, -0.00442935, -0.00037653], [0.0028089, 6.771e-05, -8.461e-05], [-0.00190369, 0.00439843, 0.00055015], [0.00616009, 0.01077323, 0.00099064], [-0.00772049, 0.14606539, 0.01639849], [0.13294256, -0.05995036, -0.01101868], [0.02186356, -0.1400681, -0.01622179], [0.09875403, 0.10750629, 0.0087332], [-0.03794024, 0.14064164, 0.01689144], [-0.14283742, 0.03686981, 0.00878293], [-0.10267291, -0.10490824, -0.00830457], [0.0364083, -0.14075951, -0.01685161]], "atomic quadrupole moments": [[-0.32962097, -0.04800455, -0.29631082, 0.02661856, -0.10171651, 0.62593179], [-0.22705359, -0.09456517, -0.30208897, 0.014857, -0.0899585, 0.52914256], [-0.14788717, -0.03790525, -0.25724051, 0.01419599, -0.07342627, 0.40512767], [-0.24409027, -0.00020589, -0.25422188, 0.02461434, -0.08489181, 0.49831216], [-0.26055298, 0.00560932, -0.24601027, 0.02610032, -0.08506321, 0.50656325], [-0.26520435, 0.00153176, -0.24080394, 0.02577821, -0.08426283, 0.50600829], [-0.26436277, -0.0065345, -0.24290793, 0.02489179, -0.084364, 0.50727071], [-0.2434369, -0.0046236, -0.24736542, 0.02386929, -0.08307346, 0.49080232], [0.01393672, -0.00829707, 0.05021841, -0.00354596, 0.01309993, -0.06415513], [0.04871417, -0.00948325, 0.02188564, -0.00502845, 0.01068923, -0.07059981], [0.0478536, 0.00449331, 0.03090683, -0.00372197, 0.01214293, -0.07876043], [0.04011074, -0.00243316, 0.03099446, -0.0039622, 0.01159574, -0.0711052], [0.04055267, 0.00192431, 0.03183177, -0.00353166, 0.01168911, -0.07238443], [0.0329978, 0.00194178, 0.03750419, -0.0032228, 0.01211281, -0.07050199], [0.03697634, -0.00328774, 0.03458593, -0.00397055, 0.01207936, -0.07156227], [0.03804083, 0.0014817, 0.03315534, -0.00346255, 0.01171527, -0.07119618]], "number of molecular orbitals": 40, "number of electrons": 40, "number of unpaired electrons": 0, "orbital energies/eV": [-17.50278678, -16.99491726, -16.65636282, -16.46451188, -15.68981284, -15.50405203, -14.85607202, -14.31049766, -13.78076964, -13.39505681, -13.22107443, -13.06371849, -12.93307878, -12.69795733, -11.99303056, -11.81135437, -11.46553645, -11.34888784, -10.96330404, -10.42732781, -6.80834775, -5.99614937, -4.63538186, -2.05448248, 2.92663849, 3.37583771, 3.43640251, 4.12101887, 5.04731413, 5.23572815, 5.32193272, 6.50050311, 9.62316519, 10.97720906, 11.55015741, 12.34082555, 12.86832772, 15.8193187, 18.01373338, 18.73494642], "fractional occupation": [2.0, 2.0, 2.0, 2.0, 2.0, 2.0, 2.0, 2.0, 2.0, 2.0, 2.0, 2.0, 2.0, 2.0, 2.0, 2.0, 2.0, 2.0, 2.0, 2.0, 0.0, 0.0, 0.0, 0.0, 0.0, 0.0, 0.0, 0.0, 0.0, 0.0, 0.0, 0.0, 0.0, 0.0, 0.0, 0.0, 0.0, 0.0, 0.0, 0.0], "program call": "xtb /tmp/scratch/tmp_zs00_37/509356_d2560a_xyzopt.xyz --pop --wbo --acc 0.2 --gfn 2 --chrg 0 --uhf 0 --etemp 300 --input /tmp/scratch/tmp_zs00_37/509356_d2560a_xtb.inp", "method": "GFN2-xTB", "xtb version": "6.3.3 (7355c4f)", "Dipole module/D": 0.016, "Total charge": 0, "Transition dipole module/D": NaN, "HOMO": -10.4273, "LUMO": -6.8083, "HOMO occupancy": 2.0, "LUMO occupancy": 0, "mulliken charges": [-0.07338, -0.02442, 0.00765, -0.0346, -0.02684, -0.0292, -0.02698, -0.03536, 0.03223, 0.03359, 0.02787, 0.03161, 0.02921, 0.0295, 0.0293, 0.02981], "cm5 charges": [-0.17714, -0.08248, -0.00407, -0.08856, -0.08318, -0.08562, -0.08329, -0.08935, 0.08687, 0.08709, 0.08541, 0.08982, 0.08567, 0.08591, 0.08574, 0.08719], "FUKUI+": [-0.072, -0.044, -0.062, -0.032, -0.026, -0.068, -0.029, -0.032, -0.084, -0.099, -0.081, -0.063, -0.075, -0.086, -0.077, -0.07], "FUKUI-": [-0.073, -0.042, -0.063, -0.034, -0.031, -0.07, -0.032, -0.035, -0.079, -0.095, -0.077, -0.063, -0.075, -0.084, -0.076, -0.07], "FUKUIrad": [-0.072, -0.043, -0.062, -0.033, -0.029, -0.069, -0.03, -0.034, -0.082, -0.097, -0.079, -0.063, -0.075, -0.085, -0.076, -0.07], "s proportion": [1.046, 1.063, 1.077, 1.059, 1.056, 1.056, 1.055, 1.061, 0.968, 0.966, 0.972, 0.968, 0.971, 0.971, 0.971, 0.97], "p proportion": [3.028, 2.962, 2.916, 2.976, 2.971, 2.973, 2.972, 2.974, 0.0, 0.0, 0.0, 0.0, 0.0, 0.0, 0.0, 0.0], "d proportion": [0.0, 0.0, 0.0, 0.0, 0.0, 0.0, 0.0, 0.0, 0.0, 0.0, 0.0, 0.0, 0.0, 0.0, 0.0, 0.0], "Fermi-level/eV": -8.6178, "Coordination numbers": [2.837, 2.896, 2.97, 2.924, 2.918, 2.92, 2.917, 2.929, 0.926, 0.926, 0.925, 0.926, 0.926, 0.926, 0.926, 0.925], "Dispersion coefficient C6": [30.139, 28.754, 27.683, 28.809, 28.748, 28.758, 28.746, 28.847, 2.466, 2.5, 2.543, 2.529, 2.601, 2.601, 2.604, 2.594], "Total dispersion C6": 3103.776684, "Total dispersion C8": 75802.841201, "Polarizability alpha": [8.997, 8.792, 8.63, 8.802, 8.792, 8.794, 8.792, 8.808, 2.456, 2.473, 2.494, 2.487, 2.522, 2.522, 2.524, 2.519], "Total polarizability alpha": 90.403332, "Wiberg matrix": [[0.0, 1.9012459821522751, 0.0, 0.0, 0.0, 0.0, 0.0, 0.0, 0.9727651288056338, 0.9783096407748156, 0.0, 0.0, 0.0, 0.0, 0.0, 0.0], [1.9012459821522751, 0.0, 1.0912614195847614, 0.0, 0.0, 0.0, 0.0, 0.0, 0.0, 0.0, 0.9645666974470247, 0.0, 0.0, 0.0, 0.0, 0.0], [0.0, 1.0912614195847614, 0.0, 1.3739565546280257, 0.0, 0.10171796557852729, 0.0, 1.3766500546719402, 0.0, 0.0, 0.0, 0.0, 0.0, 0.0, 0.0, 0.0], [0.0, 0.0, 1.3739565546280257, 0.0, 1.4611325197528358, 0.0, 0.10641307912769149, 0.0, 0.0, 0.0, 0.0, 0.9661096608202647, 0.0, 0.0, 0.0, 0.0], [0.0, 0.0, 0.0, 1.4611325197528358, 0.0, 1.4284607582739115, 0.0, 0.10503272200855546, 0.0, 0.0, 0.0, 0.0, 0.9710886681360079, 0.0, 0.0, 0.0], [0.0, 0.0, 0.10171796557852729, 0.0, 1.4284607582739115, 0.0, 1.4330471997731145, 0.0, 0.0, 0.0, 0.0, 0.0, 0.0, 0.9717216996534009, 0.0, 0.0], [0.0, 0.0, 0.0, 0.10641307912769149, 0.0, 1.4330471997731145, 0.0, 1.4561582325238205, 0.0, 0.0, 0.0, 0.0, 0.0, 0.0, 0.9710805410264952, 0.0], [0.0, 0.0, 1.3766500546719402, 0.0, 0.10503272200855546, 0.0, 1.4561582325238205, 0.0, 0.0, 0.0, 0.0, 0.0, 0.0, 0.0, 0.0, 0.9688305249870021], [0.9727651288056338, 0.0, 0.0, 0.0, 0.0, 0.0, 0.0, 0.0, 0.0, 0.0, 0.0, 0.0, 0.0, 0.0, 0.0, 0.0], [0.9783096407748156, 0.0, 0.0, 0.0, 0.0, 0.0, 0.0, 0.0, 0.0, 0.0, 0.0, 0.0, 0.0, 0.0, 0.0, 0.0], [0.0, 0.9645666974470247, 0.0, 0.0, 0.0, 0.0, 0.0, 0.0, 0.0, 0.0, 0.0, 0.0, 0.0, 0.0, 0.0, 0.0], [0.0, 0.0, 0.0, 0.9661096608202647, 0.0, 0.0, 0.0, 0.0, 0.0, 0.0, 0.0, 0.0, 0.0, 0.0, 0.0, 0.0], [0.0, 0.0, 0.0, 0.0, 0.9710886681360079, 0.0, 0.0, 0.0, 0.0, 0.0, 0.0, 0.0, 0.0, 0.0, 0.0, 0.0], [0.0, 0.0, 0.0, 0.0, 0.0, 0.9717216996534009, 0.0, 0.0, 0.0, 0.0, 0.0, 0.0, 0.0, 0.0, 0.0, 0.0], [0.0, 0.0, 0.0, 0.0, 0.0, 0.0, 0.9710805410264952, 0.0, 0.0, 0.0, 0.0, 0.0, 0.0, 0.0, 0.0, 0.0], [0.0, 0.0, 0.0, 0.0, 0.0, 0.0, 0.0, 0.9688305249870021, 0.0, 0.0, 0.0, 0.0, 0.0, 0.0, 0.0, 0.0]], "Born radii": [], "Atomic SASAs": [], "Solvent H bonds": [], "Total SASA": NaN, "Total FOD": 0.0, "FOD": [0.0, 0.0, 0.0, 0.0, 0.0, 0.0, 0.0, 0.0, 0.0, 0.0, 0.0, 0.0, 0.0, 0.0, 0.0, 0.0], "FOD s proportion": [0.0, 0.0, 0.0, 0.0, 0.0, 0.0, 0.0, 0.0, 0.0, 0.0, 0.0, 0.0, 0.0, 0.0, 0.0, 0.0], "FOD p proportion": [0.0, 0.0, 0.0, 0.0, 0.0, 0.0, 0.0, 0.0, 0.0, 0.0, 0.0, 0.0, 0.0, 0.0, 0.0, 0.0], "FOD d proportion": [0.0, 0.0, 0.0, 0.0, 0.0, 0.0, 0.0, 0.0, 0.0, 0.0, 0.0, 0.0, 0.0, 0.0, 0.0, 0.0],