{"total energy": -25.38045048, "HOMO-LUMO gap/eV": 4.74101227, "electronic energy": -25.83957673, "dipole": [-0.184168, -0.0028445, -0.02291367], "partial charges": [-0.10161575, -0.01420207, -0.10161574, 0.0104521, -0.03418765, -0.03152605, -0.03349078, -0.03084848, -0.03845886, 0.03532752, 0.03263508, 0.03728147, 0.03005467, 0.03263508, 0.03532749, 0.03728146, 0.02935853, 0.02661961, 0.02648084, 0.02700204, 0.02548949], "atomic dipole moments": [[0.04614136, -0.08549825, 0.0069578], [-0.00728923, 0.03853446, -0.08820232], [0.03607923, 0.05717329, 0.07012061], [-0.08573624, -0.01079643, 0.0107284], [0.00065201, -0.00423254, 0.00966475], [0.00245166, -0.00106369, 0.00279358], [-0.00146569, -0.00014738, 9.948e-05], [-0.00091408, 0.00057093, -0.00143552], [0.00097322, 0.002617, -0.00575695], [-0.12107803, -0.01471686, 0.02133782], [0.04695496, 0.07718227, 0.08668306], [0.01295616, 0.05529285, -0.11056127], [-0.02101221, -0.05000221, 0.10959702], [0.06013842, -0.1097441, 0.00392778], [-0.12069401, -0.02016094, 0.01892788], [0.01359393, 0.04624698, -0.11456606], [-0.08567874, 0.04259866, -0.10987138], [0.05404935, 0.0582946, -0.12306557], [0.1456659, 0.01686187, -0.01488206], [0.08922905, -0.04186677, 0.10878377], [-0.05248403, -0.05815872, 0.12300854]], "atomic quadrupole moments": [[-0.03912309, -0.14480259, 0.15902266, 0.00624845, -0.0086819, -0.11989958], [0.06218698, -0.03265592, 0.05331083, 0.06774594, 0.10016348, -0.11549781], [-0.06980203, 0.07767932, 0.01771052, 0.08883879, 0.15428344, 0.05209151], [-0.09250233, -0.01329563, 0.31013082, -0.05445452, 0.28634313, -0.21762849], [-0.2348189, -0.04625708, 0.37252643, -0.01265291, 0.28163941, -0.13770753], [-0.2574222, -0.04746273, 0.38527016, -0.01566955, 0.28300957, -0.12784796], [-0.25560622, -0.04571821, 0.38088283, -0.01831102, 0.27887896, -0.12527661], [-0.25591119, -0.04457274, 0.38573909, -0.02204818, 0.28368614, -0.12982791], [-0.23650234, -0.03780654, 0.36662187, -0.03031562, 0.27233148, -0.13011953], [0.07652564, 0.02007146, -0.02646986, -0.02334814, -0.00958306, -0.05005578], [-0.02302389, 0.02161982, 0.00430063, 0.04448597, 0.0510139, 0.01872326], [-0.04247998, -0.00176278, -0.02179482, -0.02384668, -0.04122856, 0.0642748], [-0.00828739, 0.00397579, -0.01268108, -0.00687554, -0.01928626, 0.02096847], [-0.01228642, -0.05613903, 0.05072617, 0.01533892, -0.00326881, -0.03843975], [0.07691331, 0.01802438, -0.04636399, -0.02611886, 0.00804357, -0.03054932], [-0.04527964, 0.01771616, -0.01133753, -0.0144497, -0.04756226, 0.05661716], [0.04076639, 0.00739215, -0.05575587, 0.00152055, -0.03910875, 0.01498949], [0.03924326, 0.00581916, -0.05585874, 0.00487191, -0.03970562, 0.01661548], [0.03302049, 0.00590549, -0.05373581, 0.00343423, -0.04092356, 0.02071532], [0.03720074, 0.00776706, -0.05489996, 5.558e-05, -0.04027252, 0.01769922], [0.03694144, 0.00608106, -0.05488624, 0.00378306, -0.04000787, 0.0179448]], "number of molecular orbitals": 48, "number of electrons": 48, "number of unpaired electrons": 0, "orbital energies/eV": [-17.40106645, -17.04468516, -16.53599427, -16.44310444, -15.99768086, -15.59649636, -15.42035861, -14.9148308, -14.28380313, -13.80965241, -13.54421649, -13.31285578, -13.15635636, -13.07799925, -12.81610494, -12.70494786, -12.52481604, -12.23737141, -11.99269462, -11.75666004, -11.24688914, -11.19988978, -10.82893455, -10.63443225, -5.89341998, -5.87559055, -2.38234695, 2.38092438, 2.83491778, 3.34554234, 3.56707654, 3.83962752, 4.20807729, 4.78996109, 5.21910422, 5.40681663, 5.49058889, 5.78935477, 6.28332029, 6.92978609, 7.07970682, 7.74217694, 11.1561497, 11.41029624, 12.39986049, 12.69768731, 17.33311984, 18.24555127], "fractional occupation": [2.0, 2.0, 2.0, 2.0, 2.0, 2.0, 2.0, 2.0, 2.0, 2.0, 2.0, 2.0, 2.0, 2.0, 2.0, 2.0, 2.0, 2.0, 2.0, 2.0, 2.0, 2.0, 2.0, 2.0, 0.0, 0.0, 0.0, 0.0, 0.0, 0.0, 0.0, 0.0, 0.0, 0.0, 0.0, 0.0, 0.0, 0.0, 0.0, 0.0, 0.0, 0.0, 0.0, 0.0, 0.0, 0.0, 0.0, 0.0], "program call": "xtb /tmp/scratch/tmp38u27jgi/509355_6ae0b0_xyzopt.xyz --pop --wbo --acc 0.2 --gfn 2 --chrg 0 --uhf 0 --etemp 300 --input /tmp/scratch/tmp38u27jgi/509355_6ae0b0_xtb.inp", "method": "GFN2-xTB", "xtb version": "6.3.3 (7355c4f)", "Dipole module/D": 0.472, "Total charge": 0, "Transition dipole module/D": NaN, "HOMO": -10.6344, "LUMO": -5.8934, "HOMO occupancy": 2.0, "LUMO occupancy": 0, "mulliken charges": [-0.08901, -0.00223, -0.08901, 0.00216, -0.03965, -0.02716, -0.03304, -0.02683, -0.0406, 0.03047, 0.03148, 0.02986, 0.0226, 0.03148, 0.03047, 0.02986, 0.02828, 0.02765, 0.02798, 0.02784, 0.02737], "cm5 charges": [-0.23887, -0.07104, -0.23887, -0.0124, -0.09434, -0.08354, -0.08945, -0.08316, -0.09497, 0.08279, 0.08416, 0.08341, 0.08195, 0.08416, 0.08279, 0.08341, 0.08653, 0.08408, 0.08439, 0.08426, 0.08471], "FUKUI+": [0.016, 0.006, 0.016, -0.084, -0.054, -0.053, -0.064, -0.056, -0.051, -0.044, -0.018, -0.018, -0.038, -0.018, -0.044, -0.018, -0.095, -0.096, -0.099, -0.096, -0.094], "FUKUI-": [0.009, -0.011, 0.009, -0.059, -0.031, -0.029, -0.064, -0.033, -0.029, -0.061, -0.051, -0.05, -0.07, -0.051, -0.061, -0.05, -0.066, -0.076, -0.08, -0.077, -0.067], "FUKUIrad": [0.012, -0.003, 0.012, -0.071, -0.043, -0.041, -0.064, -0.044, -0.04, -0.053, -0.034, -0.034, -0.054, -0.034, -0.053, -0.034, -0.08, -0.086, -0.09, -0.086, -0.08], "s proportion": [1.01, 1.05, 1.01, 1.088, 1.057, 1.055, 1.055, 1.055, 1.058, 0.97, 0.969, 0.97, 0.977, 0.969, 0.97, 0.97, 0.972, 0.972, 0.972, 0.972, 0.973], "p proportion": [3.079, 2.952, 3.079, 2.91, 2.983, 2.972, 2.978, 2.971, 2.982, 0.0, 0.0, 0.0, 0.0, 0.0, 0.0, 0.0, 0.0, 0.0, 0.0, 0.0, 0.0], "d proportion": [0.0, 0.0, 0.0, 0.0, 0.0, 0.0, 0.0, 0.0, 0.0, 0.0, 0.0, 0.0, 0.0, 0.0, 0.0, 0.0, 0.0, 0.0, 0.0, 0.0, 0.0], "Fermi-level/eV": -8.2639, "Coordination numbers": [3.756, 3.855, 3.756, 2.973, 2.925, 2.919, 2.92, 2.919, 2.926, 0.925, 0.925, 0.925, 0.924, 0.925, 0.925, 0.925, 0.926, 0.926, 0.926, 0.926, 0.925], "Dispersion coefficient C6": [22.495, 20.792, 22.495, 27.779, 28.851, 28.786, 28.834, 28.77, 28.956, 2.512, 2.549, 2.485, 2.586, 2.549, 2.512, 2.485, 2.595, 2.635, 2.637, 2.629, 2.651], "Total dispersion C6": 4267.22874, "Total dispersion C8": 99086.073297, "Polarizability alpha": [6.763, 6.485, 6.763, 8.645, 8.809, 8.798, 8.806, 8.796, 8.825, 2.479, 2.497, 2.465, 2.515, 2.497, 2.479, 2.465, 2.519, 2.538, 2.539, 2.536, 2.546], "Total polarizability alpha": 102.763953,