{"total energy": -15.87964065, "HOMO-LUMO gap/eV": 4.93438117, "electronic energy": -16.19655755, "dipole": [9.7e-07, 2.62e-06, 1.4e-07], "partial charges": [-0.02872249, -0.02871786, -0.02871562, -0.02871873, -0.02872204, -0.0287173, 0.02872025, 0.02871393, 0.02872502, 0.02871368, 0.02871947, 0.02872169], "atomic dipole moments": [[0.00304385, -0.00163517, 0.00031838], [0.0029697, 0.00180036, -5.537e-05], [-7.78e-05, 0.00343021, -0.00037338], [-0.00306944, 0.00162713, -0.00031881], [-0.00295591, -0.00179323, 5.512e-05], [8.438e-05, -0.0034323, 0.00037379], [-0.12884974, 0.06965684, -0.01352413], [-0.12564091, -0.07647234, 0.00238261], [0.00322656, -0.14619651, 0.01591501], [0.12884578, -0.06966368, 0.01352487], [0.12563226, 0.07648137, -0.00238376], [-0.00320451, 0.14620197, -0.0159144]], "atomic quadrupole moments": [[-0.25849297, -0.00194736, -0.24864255, -0.03601297, 0.08254672, 0.50713553], [-0.25829724, -0.00591553, -0.24887635, -0.03557669, 0.08238654, 0.5071736], [-0.25486136, -0.00371551, -0.25227124, -0.03565366, 0.08285677, 0.5071326], [-0.25846251, -0.00193955, -0.24866307, -0.03601246, 0.08254848, 0.50712558], [-0.25828115, -0.00594391, -0.24889001, -0.03557334, 0.08238609, 0.50717116], [-0.25487884, -0.00376336, -0.25226634, -0.03564988, 0.08285486, 0.50714518], [0.034375, 0.00333393, 0.03705068, 0.00464689, -0.011701, -0.07142568], [0.03463288, -0.00243016, 0.03673096, 0.00528004, -0.0119348, -0.07136384], [0.03956507, 0.00071895, 0.03187813, 0.00517083, -0.01126477, -0.07144319], [0.03437634, 0.00334055, 0.03705062, 0.00464628, -0.01170079, -0.07142696], [0.03464432, -0.00243022, 0.03672218, 0.00528068, -0.01193416, -0.0713665], [0.03956644, 0.00070149, 0.03187168, 0.00517255, -0.01126438, -0.07143812]], "number of molecular orbitals": 30, "number of electrons": 30, "number of unpaired electrons": 0, "orbital energies/eV": [-17.46052417, -16.63970693, -16.63964841, -15.48348377, -15.48334909, -14.45428116, -13.46965998, -13.31739367, -12.96226663, -12.96210324, -12.91893718, -11.46682448, -11.46673158, -10.95344781, -10.95333589, -6.01895472, -6.01891886, -2.44659835, 3.21051384, 3.74709382, 4.71993602, 4.72010859, 5.51577957, 5.51622269, 11.24408038, 11.24629304, 12.16245717, 12.16354949, 17.02786028, 18.34455066], "fractional occupation": [2.0, 2.0, 2.0, 2.0, 2.0, 2.0, 2.0, 2.0, 2.0, 2.0, 2.0, 2.0, 2.0, 2.0, 2.0, 0.0, 0.0, 0.0, 0.0, 0.0, 0.0, 0.0, 0.0, 0.0, 0.0, 0.0, 0.0, 0.0, 0.0, 0.0], "program call": "xtb /tmp/scratch/tmpg03ffkyn/509365_083657_xyzopt.xyz --pop --wbo --acc 0.2 --gfn 2 --chrg 0 --uhf 0 --etemp 300 --input /tmp/scratch/tmpg03ffkyn/509365_083657_xtb.inp", "method": "GFN2-xTB", "xtb version": "6.3.3 (7355c4f)", "Dipole module/D": 0.0, "Total charge": 0, "Transition dipole module/D": NaN, "HOMO": -10.9533, "LUMO": -6.019, "HOMO occupancy": 2.0, "LUMO occupancy": 0, "mulliken charges": [-0.02855, -0.02854, -0.02854, -0.02855, -0.02855, -0.02854, 0.02855, 0.02854, 0.02855, 0.02854, 0.02855, 0.02855], "cm5 charges": [-0.08496, -0.08495, -0.08495, -0.08495, -0.08496, -0.08495, 0.08496, 0.08495, 0.08496, 0.08495, 0.08496, 0.08496], "FUKUI+": [-0.062, -0.062, -0.062, -0.062, -0.062, -0.062, -0.105, -0.105, -0.105, -0.105, -0.105, -0.105], "FUKUI-": [-0.056, -0.056, -0.056, -0.056, -0.056, -0.056, -0.11, -0.11, -0.11, -0.11, -0.11, -0.11], "FUKUIrad": [-0.059, -0.059, -0.059, -0.059, -0.059, -0.059, -0.108, -0.108, -0.108, -0.108, -0.108, -0.108], "s proportion": [1.056, 1.056, 1.056, 1.056, 1.056, 1.056, 0.971, 0.971, 0.971, 0.971, 0.971, 0.971], "p proportion": [2.972, 2.972, 2.972, 2.972, 2.972, 2.972, 0.0, 0.0, 0.0, 0.0, 0.0, 0.0], "d proportion": [0.0, 0.0, 0.0, 0.0, 0.0, 0.0, 0.0, 0.0, 0.0, 0.0, 0.0, 0.0], "Fermi-level/eV": -8.4861, "Coordination numbers": [2.92, 2.92, 2.92, 2.92, 2.92, 2.92, 0.926, 0.926, 0.926, 0.926, 0.926, 0.926], "Dispersion coefficient C6": [28.718, 28.718, 28.718, 28.718, 28.718, 28.718, 2.605, 2.605, 2.604, 2.605, 2.605, 2.604], "Total dispersion C6": 1749.473956, "Total dispersion C8": 42661.70614, "Polarizability alpha": [8.788, 8.788, 8.788, 8.788, 8.788, 8.788, 2.524, 2.524, 2.524, 2.524, 2.524, 2.524], "Total polarizability alpha": 67.869922, "Wiberg matrix": [[0.0, 1.4412135390813348, 0.0, 0.11370661599650247, 0.0, 1.4412891222428572, 0.9715866026382136, 0.0, 0.0, 0.0, 0.0, 0.0], [1.4412135390813348, 0.0, 1.4412943204395852, 0.0, 0.11370476902058968, 0.0, 0.0, 0.9715836112104533, 0.0, 0.0, 0.0, 0.0], [0.0, 1.4412943204395852, 0.0, 1.4412212619187885, 0.0, 0.11370059275337266, 0.0, 0.0, 0.9715834084623336, 0.0, 0.0, 0.0], [0.11370661599650247, 0.0, 1.4412212619187885, 0.0, 1.4412847947139769, 0.0, 0.0, 0.0, 0.0, 0.9715843316413376, 0.0, 0.0], [0.0, 0.11370476902058968, 0.0, 1.4412847947139769, 0.0, 1.4412221511548602, 0.0, 0.0, 0.0, 0.0, 0.971585364226363, 0.0], [1.4412891222428572, 0.0, 0.11370059275337266, 0.0, 1.4412221511548602, 0.0, 0.0, 0.0, 0.0, 0.0, 0.0, 0.9715845709117735], [0.9715866026382136, 0.0, 0.0, 0.0, 0.0, 0.0, 0.0, 0.0, 0.0, 0.0, 0.0, 0.0], [0.0, 0.9715836112104533, 0.0, 0.0, 0.0, 0.0, 0.0, 0.0, 0.0, 0.0, 0.0, 0.0], [0.0, 0.0, 0.9715834084623336, 0.0, 0.0, 0.0, 0.0, 0.0, 0.0, 0.0, 0.0, 0.0], [0.0, 0.0, 0.0, 0.9715843316413376, 0.0, 0.0, 0.0, 0.0, 0.0, 0.0, 0.0, 0.0], [0.0, 0.0, 0.0, 0.0, 0.971585364226363, 0.0, 0.0, 0.0, 0.0, 0.0, 0.0, 0.0], [0.0, 0.0, 0.0, 0.0, 0.0, 0.9715845709117735, 0.0, 0.0, 0.0, 0.0, 0.0, 0.0]], "Born radii": [], "Atomic SASAs": [], "Solvent H bonds": [], "Total SASA": NaN, "Total FOD": 0.0, "FOD": [0.0, 0.0, 0.0, 0.0, 0.0, 0.0, 0.0, 0.0, 0.0, 0.0, 0.0, 0.0], "FOD s proportion": [0.0, 0.0, 0.0, 0.0, 0.0, 0.0, 0.0, 0.0, 0.0, 0.0, 0.0, 0.0], "FOD p proportion": [0.0, 0.0, 0.0, 0.0, 0.0, 0.0, 0.0, 0.0, 0.0, 0.0, 0.0, 0.0], "FOD d proportion": [0.0, 0.0, 0.0, 0.0, 0.0, 0.0, 0.0, 0.0, 0.0, 0.0, 0.0, 0.0], "coordinates": [["-1.21258839072273", "0.65607012770670", "-0.12733286516604"], ["-1.18238293934227", "-0.72006992709216", "0.02246766578744"], ["0.03019028007431", "-1.37614722698180", "0.14980025548531"], ["1.21256838706259", "-0.65605712743135", "0.12732977641273"], ["1.18240068269229", "0.72005416546017", "-0.02246588493627"], ["-0.03020585918503", "1.37614971737220", "-0.14980208604934"], ["-2.15892876495291", "1.16790716101253", "-0.22668730612018"], ["-2.10516378078813", "-1.28189014588697", "0.03998524449311"], ["0.05382215393494", "-2.44999948796967", "0.26669748163203"], ["2.15891050258743", "-1.16793226417962", "0.22668930528724"], ["2.10514181345634", "1.28189875735051", "-0.03998688816034"], ["-0.05376608481684", "2.45001625063945", "-0.26669669866568"]],