{"total energy": -18.94448693, "HOMO-LUMO gap/eV": 5.13904283, "electronic energy": -19.26249391, "dipole": [-0.11188596, -0.10153076, -0.02600061], "partial charges": [-0.09755123, -0.05020433, -0.05932326, 0.00540633, -0.10662643, -0.10872746, 0.03363328, 0.03053875, 0.03340272, 0.03037574, 0.03094066, 0.02276905, 0.03947219, 0.03964935, 0.0402804, 0.03495917, 0.04065437, 0.0403507], "atomic dipole moments": [[-0.06653477, 0.02077756, 0.06409779], [0.02396596, 0.00427275, -0.09630354], [0.12638034, -0.02601347, 0.061989], [-0.15112863, -0.06134794, -0.03863695], [0.01635856, 0.06206215, -0.01223953], [0.04448317, -0.03525357, 0.03118489], [0.03888412, 0.10146133, -0.06008912], [0.0968276, -0.05010568, 0.05888755], [-0.04234906, -0.0808648, -0.0847241], [-0.03293978, -0.10153877, 0.06212716], [0.04570939, 0.07860462, 0.08260851], [0.02284304, 0.13336558, -0.04214976], [-0.09455186, 0.00137782, 0.08371143], [0.0920482, -0.07151129, 0.04598089], [-0.04404724, -0.05751515, -0.10272572], [0.04020219, 0.1164787, -0.02350932], [-0.10590791, 0.0071617, 0.0674574], [-0.03075186, -0.05410817, -0.10916649]], "atomic quadrupole moments": [[0.07139605, -0.06634873, -0.10422142, -0.16850176, 0.05198978, 0.03282537], [0.12132253, -0.12326025, -0.12225988, -0.0640161, -0.0077018, 0.00093735], [-0.16002979, -0.24983195, -0.18074637, -0.17795959, 0.1443303, 0.34077616], [-0.27419633, -0.18377247, -0.01690935, -0.21726233, 0.07745007, 0.29110568], [-0.04440838, 0.07448569, 0.13107923, 0.00402588, -0.0640673, -0.08667085], [0.05537885, -0.08327092, -0.00464368, 0.10470409, -0.07596432, -0.05073517], [-0.03583475, 0.02391507, 0.0548746, -0.02551232, -0.04406321, -0.01903984], [0.02826758, -0.04354557, -0.03258022, 0.04425027, -0.02679035, 0.00431264], [-0.0142573, 0.03626576, 0.00538054, 0.02338474, 0.05757866, 0.00887675], [-0.00643582, 0.02284957, 0.03540345, -0.01622437, -0.03203311, -0.02896763], [-0.01370476, 0.01848131, 0.01247028, 0.02355129, 0.04017978, 0.00123449], [0.0256994, 0.02094396, 0.02163872, 0.04187072, -0.02901126, -0.04733812], [0.02418021, -0.01215955, -0.03401502, -0.06860728, 0.00537162, 0.0098348], [0.04526743, -0.03860186, -0.00692879, 0.04069687, -0.02753146, -0.03833864], [-0.04129264, 0.01576732, -0.0119568, 0.04186124, 0.03869624, 0.05324944], [-0.01522047, 0.04168945, 0.06360341, 0.00421435, -0.02479408, -0.04838294], [0.03931074, -0.00622341, -0.04236486, -0.06374435, -0.00762842, 0.00305413], [-0.04508403, 0.00581429, -0.0049245, 0.02498514, 0.05364766, 0.05000853]], "number of molecular orbitals": 36, "number of electrons": 36, "number of unpaired electrons": 0, "orbital energies/eV": [-16.90187466, -16.54138348, -15.94453938, -15.86336902, -15.20546999, -14.29946592, -13.78836578, -13.54177138, -13.38485516, -13.04101238, -12.73840314, -12.48744821, -12.40681447, -12.13641981, -11.97790055, -11.52293082, -11.26772063, -10.14638526, -5.00734243, 2.481835, 2.90813005, 3.5387963, 3.97517168, 4.48866085, 4.66472014, 5.22396722, 5.32855821, 5.72211313, 6.14919162, 6.25694227, 6.50166948, 6.80236873, 7.63479014, 8.02454558, 10.92270934, 18.16819508], "fractional occupation": [2.0, 2.0, 2.0, 2.0, 2.0, 2.0, 2.0, 2.0, 2.0, 2.0, 2.0, 2.0, 2.0, 2.0, 2.0, 2.0, 2.0, 2.0, 0.0, 0.0, 0.0, 0.0, 0.0, 0.0, 0.0, 0.0, 0.0, 0.0, 0.0, 0.0, 0.0, 0.0, 0.0, 0.0, 0.0, 0.0], "program call": "xtb /tmp/scratch/tmpi87k42i2/509489_e96a4f_xyzopt.xyz --pop --wbo --acc 0.2 --gfn 2 --chrg 0 --uhf 0 --etemp 300 --input /tmp/scratch/tmpi87k42i2/509489_e96a4f_xtb.inp", "method": "GFN2-xTB", "xtb version": "6.3.3 (7355c4f)", "Dipole module/D": 0.39, "Total charge": 0, "Transition dipole module/D": NaN, "HOMO": -10.1464, "LUMO": -5.0073, "HOMO occupancy": 2.0, "LUMO occupancy": 0, "mulliken charges": [-0.08192, -0.03244, -0.073, 0.00593, -0.09155, -0.08934, 0.02804, 0.0274, 0.02729, 0.02366, 0.02576, 0.02438, 0.03553, 0.03423, 0.03452, 0.03265, 0.03435, 0.03451], "cm5 charges": [-0.23361, -0.14188, -0.13366, -0.02074, -0.23818, -0.23583, 0.08031, 0.07891, 0.07973, 0.07998, 0.08059, 0.08213, 0.08787, 0.08802, 0.08715, 0.08561, 0.08675, 0.08687], "FUKUI+": [0.016, 0.02, -0.137, -0.165, 0.045, 0.047, -0.034, -0.059, -0.027, -0.054, -0.074, -0.119, -0.086, -0.059, -0.084, -0.058, -0.085, -0.085], "FUKUI-": [0.006, 0.004, -0.082, -0.084, 0.032, 0.031, -0.049, -0.07, -0.05, -0.057, -0.104, -0.085, -0.099, -0.054, -0.088, -0.059, -0.096, -0.097], "FUKUIrad": [0.011, 0.012, -0.109, -0.124, 0.038, 0.039, -0.042, -0.065, -0.039, -0.056, -0.089, -0.102, -0.093, -0.057, -0.086, -0.058, -0.09, -0.091], "s proportion": [1.006, 1.021, 1.061, 1.085, 1.004, 1.007, 0.972, 0.973, 0.973, 0.976, 0.974, 0.976, 0.964, 0.966, 0.965, 0.967, 0.966, 0.965], "p proportion": [3.076, 3.012, 3.012, 2.909, 3.087, 3.083, 0.0, 0.0, 0.0, 0.0, 0.0, 0.0, 0.0, 0.0, 0.0, 0.0, 0.0, 0.0], "d proportion": [0.0, 0.0, 0.0, 0.0, 0.0, 0.0, 0.0, 0.0, 0.0, 0.0, 0.0, 0.0, 0.0, 0.0, 0.0, 0.0, 0.0, 0.0], "Fermi-level/eV": -7.5769, "Coordination numbers": [3.753, 3.802, 2.897, 2.936, 3.758, 3.761, 0.925, 0.925, 0.925, 0.925, 0.924, 0.925, 0.924, 0.925, 0.925, 0.925, 0.925, 0.925], "Dispersion coefficient C6": [22.421, 21.473, 29.474, 27.902, 22.59, 22.626, 2.535, 2.579, 2.539, 2.581, 2.573, 2.692, 2.456, 2.453, 2.445, 2.517, 2.44, 2.444], "Total dispersion C6": 2358.781709, "Total dispersion C8": 50634.849713, "Polarizability alpha": [6.752, 6.597, 8.901, 8.663, 6.776, 6.781, 2.49, 2.511, 2.492, 2.512, 2.509, 2.566, 2.451, 2.449, 2.445, 2.481, 2.443, 2.445], "Total polarizability alpha": 74.264399, "Wiberg matrix": [[0.0, 1.0016467760455006, 0.0, 0.0, 0.0, 0.0, 0.9884686365922883, 0.9869213223353802, 0.9890457961521654, 0.0, 0.0, 0.0, 0.0, 0.0, 0.0, 0.0, 0.0, 0.0], [1.0016467760455006, 0.0, 1.0228009300016572, 0.0, 0.0, 0.0, 0.0, 0.0, 0.0, 0.9717976975638154, 0.9702325492733646, 0.0, 0.0, 0.0, 0.0, 0.0, 0.0, 0.0], [0.0, 1.0228009300016572, 0.0, 1.8870279222565536, 0.0, 0.0, 0.0, 0.0, 0.0, 0.0, 0.0, 0.9648497664192819, 0.0, 0.0, 0.0, 0.0, 0.0, 0.0], [0.0, 0.0, 1.8870279222565536, 0.0, 1.0231872668197022, 1.0207463430346555, 0.0, 0.0, 0.0, 0.0, 0.0, 0.0, 0.0, 0.0, 0.0, 0.0, 0.0, 0.0], [0.0, 0.0, 0.0, 1.0231872668197022, 0.0, 0.0, 0.0, 0.0, 0.0, 0.0, 0.0, 0.0, 0.9718820457869817, 0.9800252675458078, 0.9748368430550838, 0.0, 0.0, 0.0], [0.0, 0.0, 0.0, 1.0207463430346555, 0.0, 0.0, 0.0, 0.0, 0.0, 0.0, 0.0, 0.0, 0.0, 0.0, 0.0, 0.9854598855558393, 0.9741466803311472, 0.9738298885119913], [0.9884686365922883, 0.0, 0.0, 0.0, 0.0, 0.0, 0.0, 0.0, 0.0, 0.0, 0.0, 0.0, 0.0, 0.0, 0.0, 0.0, 0.0, 0.0], [0.9869213223353802, 0.0, 0.0, 0.0, 0.0, 0.0, 0.0, 0.0, 0.0, 0.0, 0.0, 0.0, 0.0, 0.0, 0.0, 0.0, 0.0, 0.0], [0.9890457961521654, 0.0, 0.0, 0.0, 0.0, 0.0, 0.0, 0.0, 0.0, 0.0, 0.0, 0.0, 0.0, 0.0, 0.0, 0.0, 0.0, 0.0], [0.0, 0.9717976975638154, 0.0, 0.0, 0.0, 0.0, 0.0, 0.0, 0.0, 0.0, 0.0, 0.0, 0.0, 0.0, 0.0, 0.0, 0.0, 0.0], [0.0, 0.9702325492733646, 0.0, 0.0, 0.0, 0.0, 0.0, 0.0, 0.0, 0.0, 0.0, 0.0, 0.0, 0.0, 0.0, 0.0, 0.0, 0.0], [0.0, 0.0, 0.9648497664192819, 0.0, 0.0, 0.0, 0.0, 0.0, 0.0, 0.0, 0.0, 0.0, 0.0, 0.0, 0.0, 0.0, 0.0, 0.0], [0.0, 0.0, 0.0, 0.0, 0.9718820457869817, 0.0, 0.0, 0.0, 0.0, 0.0, 0.0, 0.0, 0.0, 0.0, 0.0, 0.0, 0.0, 0.0], [0.0, 0.0, 0.0, 0.0, 0.9800252675458078, 0.0, 0.0, 0.0, 0.0, 0.0, 0.0, 0.0, 0.0, 0.0, 0.0, 0.0, 0.0, 0.0], [0.0, 0.0, 0.0, 0.0, 0.9748368430550838, 0.0, 0.0, 0.0, 0.0, 0.0, 0.0, 0.0, 0.0, 0.0, 0.0, 0.0, 0.0, 0.0], [0.0, 0.0, 0.0, 0.0, 0.0, 0.9854598855558393, 0.0, 0.0, 0.0, 0.0, 0.0, 0.0, 0.0, 0.0, 0.0, 0.0, 0.0, 0.0], [0.0, 0.0, 0.0, 0.0, 0.0, 0.9741466803311472, 0.0, 0.0, 0.0, 0.0, 0.0, 0.0, 0.0, 0.0, 0.0, 0.0, 0.0, 0.0], [0.0, 0.0, 0.0, 0.0, 0.0, 0.9738298885119913, 0.0, 0.0, 0.0, 0.0, 0.0, 0.0, 0.0, 0.0, 0.0, 0.0, 0.0, 0.0]], "Born radii": [], "Atomic SASAs": [], "Solvent H bonds": [], "Total SASA": NaN, "Total FOD": 0.0, "FOD": [0.0, 0.0, 0.0, 0.0, 0.0, 0.0, 0.0, 0.0, 0.0, 0.0, 0.0, 0.0, 0.0, 0.0, 0.0, 0.0, 0.0, 0.0],