{"total energy": -22.14558804, "HOMO-LUMO gap/eV": 12.77070332, "electronic energy": -22.47418146, "dipole": [0.02140931, 0.00180206, -0.01123964], "partial charges": [-0.10181288, -0.05508051, -0.02040359, -0.0612266, -0.05683667, -0.05513355, -0.05954517, 0.03188394, 0.03478191, 0.03227096, 0.02825126, 0.02985427, 0.02772188, 0.03132158, 0.0269071, 0.02622558, 0.02881567, 0.0262916, 0.02942107, 0.0248084, 0.03148374], "atomic dipole moments": [[-0.07920757, -0.04583817, -0.03233108], [0.00811129, 0.07335033, 0.08136724], [-0.01900833, 0.01215374, -0.09635408], [-0.07453195, -0.0855153, 0.011241], [0.06251385, -0.08168571, 0.04174419], [0.08948974, 0.02454818, -0.05685519], [0.00409122, 0.09501622, 0.05267182], [0.09835458, -0.04190281, -0.06146738], [-0.00779338, 0.12266967, -0.0166676], [0.01850301, -0.02095957, 0.12016243], [0.01253261, -0.12023264, 0.01505094], [-0.01424291, 0.02004497, -0.11992988], [0.01955508, -0.01296675, 0.12208632], [0.05371218, 0.04030245, -0.10646282], [0.03792091, 0.07451611, 0.09480747], [-0.05193769, 0.09421683, 0.06778495], [-0.03037773, 0.01523942, -0.1194298], [-0.1112876, -0.03255456, -0.05245044], [-0.0110738, -0.00054836, 0.12339074], [-0.00362653, -0.11242747, 0.05918175], [-0.00366954, -0.01863373, -0.12259657]], "atomic quadrupole moments": [[0.12777095, 0.13076404, -0.04767329, 0.08812115, 0.05733148, -0.08009766], [0.20288919, 0.04990731, -0.10898172, -0.04264632, 0.10859526, -0.09390748], [0.13429985, 0.00308415, 0.08854144, -0.04932434, 0.04647198, -0.22284129], [0.14287595, -0.06723479, 0.08793228, 0.04860561, -0.0719589, -0.23080823], [0.13877353, 0.08590888, 0.07514948, -0.00833599, -0.10363808, -0.21392302], [0.01458325, -0.06616862, 0.1816766, -0.10240628, -0.04202069, -0.19625985], [0.20318703, -0.02117625, 0.00666124, -0.00283506, 0.10341038, -0.20984827], [0.03518324, -0.03005392, -0.0259346, -0.04983114, 0.0363145, -0.00924863], [-0.03165699, -0.01602113, 0.0774727, 0.0127941, -0.02116983, -0.04581571], [-0.03873155, 0.01043242, -0.03886358, 0.01217197, -0.02830885, 0.07759513], [-0.01291393, -0.00927122, 0.05401691, 0.00219577, -0.02081573, -0.04110298], [-0.01627579, -0.00040832, -0.03526958, 0.00972116, -0.02536539, 0.05154536], [-0.0235247, 0.00304896, -0.00218563, 0.00823015, 0.00086267, 0.02571033], [-0.00312035, -0.00251613, -0.03578185, -0.02121662, -0.02462693, 0.0389022], [-0.02166898, -0.00441277, -0.0024976, 0.02031936, 0.0342667, 0.02416658], [-0.01725377, -0.02007782, 0.01218738, -0.01373744, 0.03949524, 0.00506638], [-0.00907595, 0.01718516, -0.04080832, 0.00781243, -0.00947712, 0.04988427], [0.0332077, 0.02255969, -0.03208603, 0.03484863, 0.00673958, -0.00112167], [-0.04129201, -0.0091627, -0.01352919, -0.003331, 0.00225438, 0.05482119], [-0.03773314, 0.00408865, 0.03574358, 0.0008848, -0.03801832, 0.00198956], [-0.01602106, -0.0033362, -0.04097448, 0.00249181, 0.00883064, 0.05699554]], "number of molecular orbitals": 42, "number of electrons": 42, "number of unpaired electrons": 0, "orbital energies/eV": [-17.22663895, -16.70857565, -16.22069864, -16.07761174, -15.35080411, -15.02727849, -14.7794469, -14.19904596, -13.97319884, -13.50169832, -13.11192657, -13.05977608, -12.9486748, -12.34068832, -11.96785219, -11.90431103, -11.82135331, -11.49724738, -11.43447786, -11.36875709, -11.20558155, 1.56512177, 1.82888076, 1.93877098, 3.13969862, 3.50843295, 3.61697975, 4.11918029, 4.26600208, 4.46130069, 4.91963752, 5.08854863, 5.25957546, 5.57501419, 5.67970518, 6.17796789, 6.70304195, 7.64970675, 7.83814389, 8.27972808, 8.74156555, 9.54955664], "fractional occupation": [2.0, 2.0, 2.0, 2.0, 2.0, 2.0, 2.0, 2.0, 2.0, 2.0, 2.0, 2.0, 2.0, 2.0, 2.0, 2.0, 2.0, 2.0, 2.0, 2.0, 2.0, 0.0, 0.0, 0.0, 0.0, 0.0, 0.0, 0.0, 0.0, 0.0, 0.0, 0.0, 0.0, 0.0, 0.0, 0.0, 0.0, 0.0, 0.0, 0.0, 0.0, 0.0], "program call": "xtb /tmp/scratch/tmp3kyeeujc/509449_ec0877_xyzopt.xyz --pop --wbo --acc 0.2 --gfn 2 --chrg 0 --uhf 0 --etemp 300 --input /tmp/scratch/tmp3kyeeujc/509449_ec0877_xtb.inp", "method": "GFN2-xTB", "xtb version": "6.3.3 (7355c4f)", "Dipole module/D": 0.062, "Total charge": 0, "Transition dipole module/D": NaN, "HOMO": -11.2056, "LUMO": 1.5651, "HOMO occupancy": 2.0, "LUMO occupancy": 0, "mulliken charges": [-0.08568, -0.04444, -0.01451, -0.0562, -0.0471, -0.04503, -0.05149, 0.02874, 0.02781, 0.02737, 0.02385, 0.02249, 0.02013, 0.02551, 0.02433, 0.02418, 0.02342, 0.02463, 0.0234, 0.0245, 0.02407], "cm5 charges": [-0.23826, -0.15589, -0.08468, -0.16475, -0.15704, -0.155, -0.15994, 0.08031, 0.08062, 0.07963, 0.07928, 0.07837, 0.0797, 0.08194, 0.07962, 0.07871, 0.07881, 0.0791, 0.0792, 0.0794, 0.08087], "FUKUI+": [0.005, -0.004, -0.042, -0.005, -0.004, 0.001, -0.015, -0.074, -0.041, -0.048, -0.074, -0.053, -0.075, -0.064, -0.076, -0.078, -0.066, -0.088, -0.062, -0.071, -0.064], "FUKUI-": [0.021, 0.009, -0.001, 0.01, 0.01, 0.011, 0.016, -0.064, -0.06, -0.066, -0.082, -0.08, -0.087, -0.08, -0.087, -0.088, -0.104, -0.073, -0.089, -0.057, -0.061], "FUKUIrad": [0.013, 0.003, -0.021, 0.003, 0.003, 0.006, 0.001, -0.069, -0.051, -0.057, -0.078, -0.066, -0.081, -0.072, -0.082, -0.083, -0.085, -0.081, -0.076, -0.064, -0.063], "s proportion": [1.005, 1.029, 1.058, 1.034, 1.029, 1.028, 1.032, 0.971, 0.972, 0.973, 0.976, 0.978, 0.98, 0.974, 0.976, 0.976, 0.977, 0.975, 0.977, 0.975, 0.976], "p proportion": [3.081, 3.016, 2.956, 3.022, 3.018, 3.017, 3.02, 0.0, 0.0, 0.0, 0.0, 0.0, 0.0, 0.0, 0.0, 0.0, 0.0, 0.0, 0.0, 0.0, 0.0], "d proportion": [0.0, 0.0, 0.0, 0.0, 0.0, 0.0, 0.0, 0.0, 0.0, 0.0, 0.0, 0.0, 0.0, 0.0, 0.0, 0.0, 0.0, 0.0, 0.0, 0.0, 0.0], "Fermi-level/eV": -4.8202, "Coordination numbers": [3.752, 3.801, 3.872, 3.819, 3.823, 3.826, 3.831, 0.925, 0.925, 0.925, 0.924, 0.924, 0.924, 0.925, 0.925, 0.925, 0.924, 0.925, 0.924, 0.925, 0.924], "Dispersion coefficient C6": [22.506, 21.563, 20.892, 21.661, 21.578, 21.544, 21.622, 2.56, 2.519, 2.554, 2.611, 2.589, 2.619, 2.568, 2.631, 2.641, 2.603, 2.64, 2.595, 2.661, 2.565], "Total dispersion C6": 3027.697684, "Total dispersion C8": 64079.419866, "Polarizability alpha": [6.765, 6.611, 6.499, 6.624, 6.61, 6.605, 6.616, 2.502, 2.482, 2.499, 2.527, 2.516, 2.531, 2.506, 2.536, 2.541, 2.523, 2.541, 2.519, 2.551, 2.505], "Total polarizability alpha": 81.610935,