{"total energy": -18.93857921, "HOMO-LUMO gap/eV": 5.2299482, "electronic energy": -19.25516899, "dipole": [0.02121534, 0.13095136, 0.03056369], "partial charges": [-0.10070135, -0.04052324, -0.04602005, -0.0568306, -0.04883379, -0.10142054, 0.04005385, 0.04046312, 0.04021951, 0.02358848, 0.02309919, 0.03511005, 0.0341624, 0.02935324, 0.02960021, 0.03261453, 0.03273725, 0.03332774], "atomic dipole moments": [[0.01715035, -0.05920968, -0.01458198], [-0.09364048, 0.10730336, 0.03294688], [0.13686484, 0.04082489, -0.01985377], [0.0074694, -0.05942771, 0.08107725], [0.02088915, 0.07309233, -0.08252971], [-0.07785951, -0.05537942, 0.00869552], [0.09009805, 0.08656041, 0.00742666], [-0.08282032, 0.03715714, -0.08783738], [-0.0612712, 0.00026033, 0.10979341], [-0.0956142, -0.10430128, 0.00385605], [0.02125419, -0.13834917, -0.02244811], [-0.0295524, 0.11968449, -0.00350921], [0.05974246, -0.02500121, -0.1050384], [0.03248897, -0.11865847, 0.00198823], [-0.05911812, 0.02377361, 0.10577214], [0.07606411, -0.02135347, 0.09536331], [-0.02937059, 0.11987263, 0.00057131], [0.06159687, -0.02367442, -0.10435523]], "atomic quadrupole moments": [[-0.04208612, -0.08083962, 0.13283205, -0.02599016, 0.04703589, -0.09074593], [-0.3925647, -0.06490068, -0.07258524, 0.16906219, -0.07433664, 0.46514994], [-0.24580887, 0.14941211, -0.21187256, 0.17919604, -0.12852855, 0.45768143], [0.09805557, 0.08382201, -0.08898355, 0.13533921, -0.06156141, -0.00907201], [0.12082631, 0.12690476, -0.10357758, 0.14191477, -0.07204928, -0.01724873], [0.11888495, 0.16479717, -0.00773187, -0.01299583, -0.01926949, -0.11115307], [0.0457586, 0.05436205, 0.01002439, -0.00128266, 0.00553458, -0.05578299], [0.00568475, -0.02006654, -0.02986365, 0.06618271, -0.01928015, 0.02417891], [-0.02438625, 0.00637428, -0.03147708, -0.05879808, -0.00424464, 0.05586333], [0.0426285, -0.003891, 0.02876034, -0.02600261, 0.01816122, -0.07138884], [0.04354647, -0.00107573, 0.02740722, -0.02955932, 0.01433745, -0.0709537], [-0.01178902, -0.02818233, 0.04906038, 0.00561478, 0.00903389, -0.03727137], [-0.00844039, -0.01004277, -0.02483788, -0.03644706, 0.02191394, 0.03327826], [-0.01393333, -0.02357884, 0.04956925, 0.00625694, 0.00905117, -0.03563592], [-0.00097685, -0.00809422, -0.0304546, -0.02958904, 0.02584994, 0.03143145], [0.00147547, -0.00619811, -0.037306, 0.05796678, -0.03004097, 0.03583053], [-0.01829609, -0.0351491, 0.07267363, -0.00495129, 0.00048935, -0.05437753], [-0.01689266, -0.00306073, -0.032131, -0.05079145, 0.03309255, 0.04902367]], "number of molecular orbitals": 36, "number of electrons": 36, "number of unpaired electrons": 0, "orbital energies/eV": [-16.89452519, -16.64647316, -16.1580529, -15.74763156, -15.14472993, -14.43107524, -14.0896337, -13.5468613, -13.29497088, -13.18022198, -12.96986092, -12.5529881, -12.34379936, -11.97446707, -11.88999609, -11.49023119, -11.27886562, -10.40157926, -5.17163106, 2.51910314, 3.11237686, 3.44007685, 3.64331785, 4.15786383, 4.26430851, 4.66202043, 5.06712435, 5.25642859, 6.01725955, 6.18130276, 6.91170604, 7.15125427, 7.47766105, 8.20984899, 11.31504577, 17.75423767], "fractional occupation": [2.0, 2.0, 2.0, 2.0, 2.0, 2.0, 2.0, 2.0, 2.0, 2.0, 2.0, 2.0, 2.0, 2.0, 2.0, 2.0, 2.0, 2.0, 0.0, 0.0, 0.0, 0.0, 0.0, 0.0, 0.0, 0.0, 0.0, 0.0, 0.0, 0.0, 0.0, 0.0, 0.0, 0.0, 0.0, 0.0], "program call": "xtb /tmp/scratch/tmp5ltvfowa/509612_94d550_xyzopt.xyz --pop --wbo --acc 0.2 --gfn 2 --chrg 0 --uhf 0 --etemp 300 --input /tmp/scratch/tmp5ltvfowa/509612_94d550_xtb.inp", "method": "GFN2-xTB", "xtb version": "6.3.3 (7355c4f)", "Dipole module/D": 0.346, "Total charge": 0, "Transition dipole module/D": NaN, "HOMO": -10.4016, "LUMO": -5.1716, "HOMO occupancy": 2.0, "LUMO occupancy": 0, "mulliken charges": [-0.08309, -0.03774, -0.04835, -0.04404, -0.03555, -0.08639, 0.03157, 0.03565, 0.03472, 0.02425, 0.02466, 0.0256, 0.02787, 0.02302, 0.02297, 0.0297, 0.02755, 0.0276], "cm5 charges": [-0.23122, -0.10259, -0.11145, -0.15183, -0.14827, -0.23893, 0.08503, 0.08735, 0.08649, 0.08042, 0.08143, 0.08272, 0.08344, 0.07831, 0.07842, 0.08126, 0.07968, 0.07973], "FUKUI+": [0.047, -0.151, -0.146, 0.023, -0.0, 0.017, -0.066, -0.094, -0.092, -0.13, -0.129, -0.057, -0.08, -0.03, -0.022, -0.04, -0.023, -0.026], "FUKUI-": [0.025, -0.069, -0.062, 0.003, -0.004, 0.019, -0.052, -0.109, -0.1, -0.085, -0.081, -0.056, -0.099, -0.059, -0.07, -0.085, -0.051, -0.065], "FUKUIrad": [0.036, -0.11, -0.104, 0.013, -0.002, 0.018, -0.059, -0.101, -0.096, -0.108, -0.105, -0.056, -0.089, -0.044, -0.046, -0.062, -0.037, -0.046], "s proportion": [1.0, 1.06, 1.062, 1.025, 1.027, 1.005, 0.968, 0.964, 0.965, 0.976, 0.975, 0.974, 0.972, 0.977, 0.977, 0.97, 0.972, 0.972], "p proportion": [3.083, 2.978, 2.986, 3.019, 3.009, 3.081, 0.0, 0.0, 0.0, 0.0, 0.0, 0.0, 0.0, 0.0, 0.0, 0.0, 0.0, 0.0], "d proportion": [0.0, 0.0, 0.0, 0.0, 0.0, 0.0, 0.0, 0.0, 0.0, 0.0, 0.0, 0.0, 0.0, 0.0, 0.0, 0.0, 0.0, 0.0], "Fermi-level/eV": -7.7866, "Coordination numbers": [3.754, 2.886, 2.89, 3.805, 3.802, 3.752, 0.925, 0.924, 0.925, 0.925, 0.925, 0.925, 0.924, 0.924, 0.924, 0.925, 0.925, 0.925], "Dispersion coefficient C6": [22.481, 29.005, 29.141, 21.592, 21.448, 22.498, 2.448, 2.443, 2.446, 2.679, 2.687, 2.515, 2.528, 2.596, 2.592, 2.55, 2.548, 2.54], "Total dispersion C6": 2364.203381, "Total dispersion C8": 50684.975858, "Polarizability alpha": [6.761, 8.829, 8.85, 6.615, 6.594, 6.764, 2.447, 2.444, 2.446, 2.56, 2.563, 2.48, 2.487, 2.52, 2.518, 2.497, 2.496, 2.492], "Total polarizability alpha": 74.362153, "Wiberg matrix": [[0.0, 1.0377931697908795, 0.0, 0.0, 0.0, 0.0, 0.9806627363144795, 0.9700713348037479, 0.9731021916276275, 0.0, 0.0, 0.0, 0.0, 0.0, 0.0, 0.0, 0.0, 0.0], [1.0377931697908795, 0.0, 1.9262231421914495, 0.0, 0.0, 0.0, 0.0, 0.0, 0.0, 0.9674101182927443, 0.0, 0.0, 0.0, 0.0, 0.0, 0.0, 0.0, 0.0], [0.0, 1.9262231421914495, 0.0, 1.0245698640473524, 0.0, 0.0, 0.0, 0.0, 0.0, 0.0, 0.9672917589564488, 0.0, 0.0, 0.0, 0.0, 0.0, 0.0, 0.0], [0.0, 0.0, 1.0245698640473524, 0.0, 0.9897030770978126, 0.0, 0.0, 0.0, 0.0, 0.0, 0.0, 0.9708693091517633, 0.9667720664236907, 0.0, 0.0, 0.0, 0.0, 0.0], [0.0, 0.0, 0.0, 0.9897030770978126, 0.0, 1.018654832044839, 0.0, 0.0, 0.0, 0.0, 0.0, 0.0, 0.0, 0.9789895940972008, 0.9795897771391108, 0.0, 0.0, 0.0], [0.0, 0.0, 0.0, 0.0, 1.018654832044839, 0.0, 0.0, 0.0, 0.0, 0.0, 0.0, 0.0, 0.0, 0.0, 0.0, 0.9869736687870269, 0.9879661735497488, 0.9878456451840719], [0.9806627363144795, 0.0, 0.0, 0.0, 0.0, 0.0, 0.0, 0.0, 0.0, 0.0, 0.0, 0.0, 0.0, 0.0, 0.0, 0.0, 0.0, 0.0], [0.9700713348037479, 0.0, 0.0, 0.0, 0.0, 0.0, 0.0, 0.0, 0.0, 0.0, 0.0, 0.0, 0.0, 0.0, 0.0, 0.0, 0.0, 0.0], [0.9731021916276275, 0.0, 0.0, 0.0, 0.0, 0.0, 0.0, 0.0, 0.0, 0.0, 0.0, 0.0, 0.0, 0.0, 0.0, 0.0, 0.0, 0.0], [0.0, 0.9674101182927443, 0.0, 0.0, 0.0, 0.0, 0.0, 0.0, 0.0, 0.0, 0.0, 0.0, 0.0, 0.0, 0.0, 0.0, 0.0, 0.0], [0.0, 0.0, 0.9672917589564488, 0.0, 0.0, 0.0, 0.0, 0.0, 0.0, 0.0, 0.0, 0.0, 0.0, 0.0, 0.0, 0.0, 0.0, 0.0], [0.0, 0.0, 0.0, 0.9708693091517633, 0.0, 0.0, 0.0, 0.0, 0.0, 0.0, 0.0, 0.0, 0.0, 0.0, 0.0, 0.0, 0.0, 0.0], [0.0, 0.0, 0.0, 0.9667720664236907, 0.0, 0.0, 0.0, 0.0, 0.0, 0.0, 0.0, 0.0, 0.0, 0.0, 0.0, 0.0, 0.0, 0.0], [0.0, 0.0, 0.0, 0.0, 0.9789895940972008, 0.0, 0.0, 0.0, 0.0, 0.0, 0.0, 0.0, 0.0, 0.0, 0.0, 0.0, 0.0, 0.0], [0.0, 0.0, 0.0, 0.0, 0.9795897771391108, 0.0, 0.0, 0.0, 0.0, 0.0, 0.0, 0.0, 0.0, 0.0, 0.0, 0.0, 0.0, 0.0], [0.0, 0.0, 0.0, 0.0, 0.0, 0.9869736687870269, 0.0, 0.0, 0.0, 0.0, 0.0, 0.0, 0.0, 0.0, 0.0, 0.0, 0.0, 0.0], [0.0, 0.0, 0.0, 0.0, 0.0, 0.9879661735497488, 0.0, 0.0, 0.0, 0.0, 0.0, 0.0, 0.0, 0.0, 0.0, 0.0, 0.0, 0.0], [0.0, 0.0, 0.0, 0.0, 0.0, 0.9878456451840719, 0.0, 0.0, 0.0, 0.0, 0.0, 0.0, 0.0, 0.0, 0.0, 0.0, 0.0, 0.0]], "Born radii": [], "Atomic SASAs": [], "Solvent H bonds": [], "Total SASA": NaN, "Total FOD": 0.0, "FOD": [0.0, 0.0, 0.0, 0.0, 0.0, 0.0, 0.0, 0.0, 0.0, 0.0, 0.0, 0.0, 0.0, 0.0, 0.0, 0.0, 0.0, 0.0],