{"total energy": -15.77390066, "HOMO-LUMO gap/eV": 5.25876275, "electronic energy": -16.04374814, "dipole": [0.00170505, 0.12574003, 0.01149636], "partial charges": [-0.10064253, -0.04040379, -0.04538905, -0.05055983, -0.09765696, 0.04029192, 0.03962909, 0.04029792, 0.02353697, 0.02409635, 0.03292595, 0.03377843, 0.03402457, 0.0319065, 0.03416445], "atomic dipole moments": [[-0.02409151, -0.05769164, -0.00518271], [0.10678259, 0.10150752, 0.00180685], [-0.13126748, 0.0479584, 0.03681077], [-0.01658722, -0.02903819, -0.09435917], [0.06007564, -0.01251764, 0.07423303], [0.06161811, 0.02978356, -0.10547861], [-0.07922111, 0.09376988, 0.02463397], [0.0859952, -0.0036339, 0.09242811], [0.08300486, -0.10724917, -0.04029315], [-0.03711073, -0.13474937, -0.02355163], [-0.06200203, -0.04989292, 0.0944419], [0.04212519, 0.10940292, 0.0385928], [-0.04847989, -0.10798954, -0.03798487], [-0.09284029, 0.0740721, 0.03560614], [0.05858425, 0.05220666, -0.09701084]], "atomic quadrupole moments": [[-0.020276, 0.10323394, 0.11625414, 0.00428998, 0.02959624, -0.09597814], [-0.37858202, 0.03892839, -0.06526721, 0.18947484, -0.13056612, 0.44384923], [-0.28438187, -0.1963066, -0.1763056, 0.12540898, -0.1149062, 0.46068747], [0.07854316, -0.13274039, -0.08875814, 0.10517194, 0.01712434, 0.01021497], [0.028651, -0.04023033, -0.11268616, 0.17688707, -0.03716921, 0.08403516], [-0.02509775, 0.01270278, -0.0276141, -0.057455, -0.01798682, 0.05271185], [0.0324974, -0.05326658, 0.01801013, -0.02003053, 0.02007436, -0.05050753], [0.00887457, -0.00807901, -0.03460331, 0.06915372, -0.00931446, 0.02572874], [0.04422515, 0.01096463, 0.02652296, -0.02404117, 0.01933698, -0.07074811], [0.04384139, 0.00897616, 0.02396738, -0.02781747, 0.02216072, -0.06780877], [-0.00399503, 0.01770012, -0.01230691, -0.03329342, -0.03332494, 0.01630195], [-0.00419528, 0.02901602, 0.04090729, 0.01612421, 0.01497287, -0.03671201], [-0.03182542, 0.03881789, 0.06326362, 0.02140473, 0.02225229, -0.03143819], [0.02067088, -0.06026603, -0.00464923, -0.02481393, 0.02992186, -0.01602165], [0.00042161, 0.0317297, -0.02890764, -0.04070239, -0.04237724, 0.02848603]], "number of molecular orbitals": 30, "number of electrons": 30, "number of unpaired electrons": 0, "orbital energies/eV": [-16.85265118, -16.47928529, -15.9471459, -15.39095866, -14.41334834, -13.99979746, -13.38339212, -13.23947788, -13.04516993, -12.62088363, -12.3517356, -12.12480463, -11.63346334, -11.27774724, -10.42491583, -5.16615309, 2.89929228, 3.30578192, 3.52142269, 3.90246557, 4.62397282, 4.93764222, 5.15490282, 5.77966963, 6.11146498, 6.72629657, 7.51546056, 7.90428956, 11.30005743, 17.77555338], "fractional occupation": [2.0, 2.0, 2.0, 2.0, 2.0, 2.0, 2.0, 2.0, 2.0, 2.0, 2.0, 2.0, 2.0, 2.0, 2.0, 0.0, 0.0, 0.0, 0.0, 0.0, 0.0, 0.0, 0.0, 0.0, 0.0, 0.0, 0.0, 0.0, 0.0, 0.0], "program call": "xtb /tmp/scratch/tmpkrx869v6/509706_bb2796_xyzopt.xyz --pop --wbo --acc 0.2 --gfn 2 --chrg 0 --uhf 0 --etemp 300 --input /tmp/scratch/tmpkrx869v6/509706_bb2796_xtb.inp", "method": "GFN2-xTB", "xtb version": "6.3.3 (7355c4f)", "Dipole module/D": 0.321, "Total charge": 0, "Transition dipole module/D": NaN, "HOMO": -10.4249, "LUMO": -5.1662, "HOMO occupancy": 2.0, "LUMO occupancy": 0, "mulliken charges": [-0.0831, -0.03764, -0.04933, -0.03626, -0.08154, 0.03476, 0.03146, 0.03553, 0.02409, 0.0247, 0.0275, 0.025, 0.0284, 0.02818, 0.02825], "cm5 charges": [-0.23121, -0.10247, -0.11245, -0.14566, -0.23325, 0.08652, 0.08488, 0.08723, 0.08026, 0.08148, 0.08231, 0.08138, 0.08064, 0.07971, 0.08063], "FUKUI+": [0.048, -0.152, -0.148, 0.022, 0.018, -0.093, -0.067, -0.095, -0.132, -0.131, -0.082, -0.059, -0.037, -0.063, -0.03], "FUKUI-": [0.026, -0.076, -0.072, 0.005, 0.012, -0.116, -0.062, -0.123, -0.094, -0.093, -0.126, -0.069, -0.068, -0.077, -0.068], "FUKUIrad": [0.037, -0.114, -0.11, 0.014, 0.015, -0.105, -0.064, -0.109, -0.113, -0.112, -0.104, -0.064, -0.053, -0.07, -0.049], "s proportion": [1.0, 1.06, 1.063, 1.021, 1.005, 0.965, 0.969, 0.964, 0.976, 0.975, 0.972, 0.975, 0.972, 0.972, 0.972], "p proportion": [3.083, 2.978, 2.987, 3.016, 3.076, 0.0, 0.0, 0.0, 0.0, 0.0, 0.0, 0.0, 0.0, 0.0, 0.0], "d proportion": [0.0, 0.0, 0.0, 0.0, 0.0, 0.0, 0.0, 0.0, 0.0, 0.0, 0.0, 0.0, 0.0, 0.0, 0.0], "Fermi-level/eV": -7.7955, "Coordination numbers": [3.754, 2.886, 2.89, 3.803, 3.754, 0.925, 0.925, 0.924, 0.925, 0.925, 0.924, 0.925, 0.925, 0.925, 0.925], "Dispersion coefficient C6": [22.48, 29.002, 29.125, 21.479, 22.422, 2.445, 2.454, 2.445, 2.68, 2.672, 2.545, 2.533, 2.53, 2.559, 2.528], "Total dispersion C6": 1661.867679, "Total dispersion C8": 35714.633122, "Polarizability alpha": [6.761, 8.829, 8.848, 6.598, 6.752, 2.445, 2.45, 2.445, 2.56, 2.556, 2.495, 2.489, 2.487, 2.502, 2.486], "Total polarizability alpha": 62.704228, "Wiberg matrix": [[0.0, 1.037761775998696, 0.0, 0.0, 0.0, 0.9729917670605589, 0.9806005081131509, 0.970189391545867, 0.0, 0.0, 0.0, 0.0, 0.0, 0.0, 0.0], [1.037761775998696, 0.0, 1.9277428218337789, 0.0, 0.0, 0.0, 0.0, 0.0, 0.9673972801707156, 0.0, 0.0, 0.0, 0.0, 0.0, 0.0], [0.0, 1.9277428218337789, 0.0, 1.0243846887510957, 0.0, 0.0, 0.0, 0.0, 0.0, 0.9671341583027383, 0.0, 0.0, 0.0, 0.0, 0.0], [0.0, 0.0, 1.0243846887510957, 0.0, 1.0021005414822264, 0.0, 0.0, 0.0, 0.0, 0.0, 0.9676351137649739, 0.9720071251580351, 0.0, 0.0, 0.0], [0.0, 0.0, 0.0, 1.0021005414822264, 0.0, 0.0, 0.0, 0.0, 0.0, 0.0, 0.0, 0.0, 0.9882872164306283, 0.9868793715633142, 0.9890366141922198], [0.9729917670605589, 0.0, 0.0, 0.0, 0.0, 0.0, 0.0, 0.0, 0.0, 0.0, 0.0, 0.0, 0.0, 0.0, 0.0], [0.9806005081131509, 0.0, 0.0, 0.0, 0.0, 0.0, 0.0, 0.0, 0.0, 0.0, 0.0, 0.0, 0.0, 0.0, 0.0], [0.970189391545867, 0.0, 0.0, 0.0, 0.0, 0.0, 0.0, 0.0, 0.0, 0.0, 0.0, 0.0, 0.0, 0.0, 0.0], [0.0, 0.9673972801707156, 0.0, 0.0, 0.0, 0.0, 0.0, 0.0, 0.0, 0.0, 0.0, 0.0, 0.0, 0.0, 0.0], [0.0, 0.0, 0.9671341583027383, 0.0, 0.0, 0.0, 0.0, 0.0, 0.0, 0.0, 0.0, 0.0, 0.0, 0.0, 0.0], [0.0, 0.0, 0.0, 0.9676351137649739, 0.0, 0.0, 0.0, 0.0, 0.0, 0.0, 0.0, 0.0, 0.0, 0.0, 0.0], [0.0, 0.0, 0.0, 0.9720071251580351, 0.0, 0.0, 0.0, 0.0, 0.0, 0.0, 0.0, 0.0, 0.0, 0.0, 0.0], [0.0, 0.0, 0.0, 0.0, 0.9882872164306283, 0.0, 0.0, 0.0, 0.0, 0.0, 0.0, 0.0, 0.0, 0.0, 0.0], [0.0, 0.0, 0.0, 0.0, 0.9868793715633142, 0.0, 0.0, 0.0, 0.0, 0.0, 0.0, 0.0, 0.0, 0.0, 0.0], [0.0, 0.0, 0.0, 0.0, 0.9890366141922198, 0.0, 0.0, 0.0, 0.0, 0.0, 0.0, 0.0, 0.0, 0.0, 0.0]], "Born radii": [], "Atomic SASAs": [], "Solvent H bonds": [], "Total SASA": NaN, "Total FOD": 0.0, "FOD": [0.0, 0.0, 0.0, 0.0, 0.0, 0.0, 0.0, 0.0, 0.0, 0.0, 0.0, 0.0, 0.0, 0.0, 0.0], "FOD s proportion": [0.0, 0.0, 0.0, 0.0, 0.0, 0.0, 0.0, 0.0, 0.0, 0.0, 0.0, 0.0, 0.0, 0.0, 0.0], "FOD p proportion": [0.0, 0.0, 0.0, 0.0, 0.0, 0.0, 0.0, 0.0, 0.0, 0.0, 0.0, 0.0, 0.0, 0.0, 0.0], "FOD d proportion": [0.0, 0.0, 0.0, 0.0, 0.0, 0.0, 0.0, 0.0, 0.0, 0.0, 0.0, 0.0, 0.0, 0.0, 0.0], "coordinates": [["2.02484913388622", "0.66696103384192", "0.31194709234394"], ["1.36016345368045", "-0.66204410727870", "0.15819815091508"], ["0.08504450277260", "-0.95656790513367", "0.35898228378054"], ["-1.01366932921630", "-0.02660711783288", "0.77202222806395"], ["-1.99673056344402", "0.19439677677199", "-0.37836409910130"], ["2.55282791371068", "0.92249954203807", "-0.60654320645111"], ["1.31723229591422", "1.45912820142008", "0.53558011573653"], ["2.76310572007909", "0.62217445245262", "1.11322162799847"], ["2.03127743795777", "-1.45544336669947", "-0.14883572805894"], ["-0.24220662265244", "-1.97531494185509", "0.18972467602025"], ["-1.54920156160970", "-0.46889304609281", "1.61698675862212"], ["-0.61408259320777", "0.93369905245621", "1.09731940869064"], ["-2.41905223792568", "-0.75312292509102", "-0.70626943627898"], ["-2.81030384708753", "0.84569507818192", "-0.06632720441996"], ["-1.48925370285760", "0.65344127282085", "-1.22402166786125"]],