{"total energy": -26.06970033, "HOMO-LUMO gap/eV": 3.7750579, "electronic energy": -26.39791717, "dipole": [-0.39386244, -0.72984274, -0.02468029], "partial charges": [0.03768456, -0.27238063, 0.35339356, -0.42995486, -0.09580092, 0.05089878, -0.11704658, -0.12476846, 0.05821704, 0.06233619, 0.05844742, 0.05437855, 0.04823232, 0.05898137, 0.05918033, 0.05846466, 0.08397065, 0.05576601], "atomic dipole moments": [[-0.20762949, -0.13857825, -0.00630425], [0.00453825, 0.24496488, 0.00300669], [0.18081418, -0.01939142, 0.00394552], [0.01611895, -0.19866238, -0.00202905], [0.09720173, 0.07004623, 0.00345117], [-0.12137564, 0.01290737, -0.00454996], [0.0537247, 0.06458756, 0.0017708], [0.02225938, -0.0925423, 0.00219747], [-0.00379894, 0.07528023, -0.10292062], [0.09591347, -0.08095564, 0.00155963], [-0.0088172, 0.07346273, 0.10396439], [0.05255485, -0.13536309, 0.00040267], [0.06018162, -0.11219531, 0.00599466], [-0.08395216, 0.00743756, 0.0969675], [-0.0693794, 0.00349475, -0.10815073], [-0.07074358, 0.01685606, 0.10657453], [0.09363348, 0.0932078, -0.00510003], [-0.08015147, 0.0118465, -0.09955759]], "atomic quadrupole moments": [[0.30903609, 0.36907472, -0.02434271, 0.0175656, 0.01114263, -0.28469338], [0.06909843, 0.04758051, 0.02442314, 0.00424234, 0.00234571, -0.09352157], [-0.11764832, -0.16699047, -0.32641167, -0.01442641, -0.01439128, 0.44405999], [-0.10369558, -0.01878861, -0.07588306, -0.00561018, -0.00360276, 0.17957864], [-0.25412352, 0.13735476, -0.14935153, -0.02241959, 0.00039235, 0.40347505], [-0.42916646, 0.05689483, -0.09863891, -0.03250529, -0.00492128, 0.52780537], [0.05211736, 0.14195278, 0.0718961, 0.00918677, 0.00739123, -0.12401346], [-0.02932042, -0.12737075, 0.13562323, 0.00158959, 0.00260202, -0.10630281], [-0.02148442, 0.02041342, -0.01125689, 0.00820451, -0.04822003, 0.0327413], [0.05317081, -0.04663782, 0.00640402, 0.00227951, -0.00057746, -0.05957483], [-0.02061818, 0.018339, -0.01296158, -0.01040715, 0.04825059, 0.03357976], [0.03327305, 0.00179385, 0.04092132, 0.00333756, 0.00076785, -0.07419437], [0.00524949, -0.04744511, 0.05170194, 0.00488542, -0.00552213, -0.05695143], [-0.00226045, -0.00807201, -0.02863282, -0.0683117, 0.01442495, 0.03089327], [-0.01909512, -0.00497747, -0.031301, 0.06070776, -0.01227761, 0.05039612], [-0.01342866, -0.00193015, -0.03375923, -0.0635618, 0.00834845, 0.04718789], [0.03323231, 0.0422098, 0.02050851, -0.00293397, -0.00477691, -0.05374082], [-0.00462617, 0.00058512, -0.02989073, 0.06992379, -0.00461323, 0.0345169]], "number of molecular orbitals": 42, "number of electrons": 46, "number of unpaired electrons": 0, "orbital energies/eV": [-19.89053137, -19.09695976, -18.09922104, -17.51394351, -16.67626286, -16.33959916, -16.26463063, -15.61786709, -15.53245423, -15.06015224, -14.44537582, -13.93650834, -13.82760308, -13.65191722, -13.53729358, -12.97653271, -12.82450019, -12.65626856, -12.36361592, -12.27224324, -11.91981835, -11.06444509, -10.88301005, -7.10795215, -4.12593101, 0.80850192, 2.67221171, 3.02020962, 3.77972993, 4.19011059, 4.66877272, 5.17375014, 5.3108412, 5.42217267, 5.7135121, 6.03582437, 6.04082114, 6.79680555, 7.40730637, 10.92308436, 14.81592167, 19.69040733], "fractional occupation": [2.0, 2.0, 2.0, 2.0, 2.0, 2.0, 2.0, 2.0, 2.0, 2.0, 2.0, 2.0, 2.0, 2.0, 2.0, 2.0, 2.0, 2.0, 2.0, 2.0, 2.0, 2.0, 2.0, 0.0, 0.0, 0.0, 0.0, 0.0, 0.0, 0.0, 0.0, 0.0, 0.0, 0.0, 0.0, 0.0, 0.0, 0.0, 0.0, 0.0, 0.0, 0.0], "program call": "xtb /tmp/scratch/tmpel09atu4/509763_ca3e69_xyzopt.xyz --pop --wbo --acc 0.2 --gfn 2 --chrg 0 --uhf 0 --etemp 300 --input /tmp/scratch/tmpel09atu4/509763_ca3e69_xtb.inp", "method": "GFN2-xTB", "xtb version": "6.3.3 (7355c4f)", "Dipole module/D": 2.109, "Total charge": 0, "Transition dipole module/D": NaN, "HOMO": -10.883, "LUMO": -7.108, "HOMO occupancy": 2.0, "LUMO occupancy": 0, "mulliken charges": [0.17687, -0.41997, 0.57485, -0.54551, -0.11783, 0.07008, -0.09502, -0.10161, 0.04064, 0.03357, 0.04082, 0.05015, 0.04063, 0.04618, 0.04709, 0.04572, 0.07119, 0.04216], "cm5 charges": [0.0567, -0.50949, 0.63008, -0.60148, -0.16572, 0.04492, -0.24151, -0.247, 0.10272, 0.09447, 0.10296, 0.11353, 0.09369, 0.09874, 0.09958, 0.0985, 0.1343, 0.09499], "FUKUI+": [0.033, -0.083, -0.078, -0.168, -0.046, -0.132, 0.039, 0.037, -0.037, -0.054, -0.037, -0.092, -0.052, -0.073, -0.074, -0.076, -0.034, -0.075], "FUKUI-": [0.026, -0.094, -0.011, -0.144, -0.058, -0.048, 0.017, 0.013, -0.064, -0.065, -0.065, -0.077, -0.053, -0.076, -0.077, -0.084, -0.061, -0.08], "FUKUIrad": [0.029, -0.089, -0.045, -0.156, -0.052, -0.09, 0.028, 0.025, -0.05, -0.059, -0.051, -0.085, -0.052, -0.075, -0.075, -0.08, -0.047, -0.077], "s proportion": [0.971, 1.688, 0.972, 1.723, 1.061, 1.104, 1.009, 1.008, 0.959, 0.966, 0.959, 0.95, 0.959, 0.954, 0.953, 0.954, 0.929, 0.958], "p proportion": [2.852, 4.732, 2.454, 4.822, 3.057, 2.826, 3.086, 3.093, 0.0, 0.0, 0.0, 0.0, 0.0, 0.0, 0.0, 0.0, 0.0, 0.0], "d proportion": [0.0, 0.0, 0.0, 0.0, 0.0, 0.0, 0.0, 0.0, 0.0, 0.0, 0.0, 0.0, 0.0, 0.0, 0.0, 0.0, 0.0, 0.0], "Fermi-level/eV": -8.9955, "Coordination numbers": [3.655, 1.706, 2.724, 0.856, 2.899, 2.939, 3.761, 3.758, 0.924, 0.925, 0.924, 0.926, 0.925, 0.925, 0.925, 0.925, 0.925, 0.925], "Dispersion coefficient C6": [20.232, 18.517, 21.0, 22.289, 30.408, 26.858, 22.788, 22.944, 2.22, 2.172, 2.217, 2.266, 2.342, 2.211, 2.209, 2.217, 1.938, 2.249], "Total dispersion C6": 2815.835742, "Total dispersion C8": 62149.496198, "Polarizability alpha": [6.458, 5.81, 7.502, 6.33, 9.041, 8.5, 6.805, 6.829, 2.33, 2.305, 2.329, 2.354, 2.393, 2.325, 2.324, 2.328, 2.177, 2.345], "Total polarizability alpha": 80.48506, "Wiberg matrix": [[0.0, 0.9661568328364671, 0.0, 0.0, 0.0, 0.0, 0.0, 0.0, 0.9767329491243222, 0.9823168324844705, 0.976699917499996, 0.0, 0.0, 0.0, 0.0, 0.0, 0.0, 0.0], [0.9661568328364671, 0.0, 1.0964081389566311, 0.16153181543133124, 0.0, 0.0, 0.0, 0.0, 0.0, 0.0, 0.0, 0.0, 0.0, 0.0, 0.0, 0.0, 0.0, 0.0], [0.0, 1.0964081389566311, 0.0, 1.7018007907474009, 1.0500751339494543, 0.0, 0.0, 0.0, 0.0, 0.0, 0.0, 0.0, 0.0, 0.0, 0.0, 0.0, 0.0, 0.0], [0.0, 0.16153181543133124, 1.7018007907474009, 0.0, 0.0, 0.0, 0.0, 0.0, 0.0, 0.0, 0.0, 0.0, 0.0, 0.0, 0.0, 0.0, 0.0, 0.0], [0.0, 0.0, 1.0500751339494543, 0.0, 0.0, 1.7826486292012653, 0.0, 0.0, 0.0, 0.0, 0.0, 0.9626199292245957, 0.0, 0.0, 0.0, 0.0, 0.0, 0.0], [0.0, 0.0, 0.0, 0.0, 1.7826486292012653, 0.0, 1.0335151291624427, 1.0397966601333246, 0.0, 0.0, 0.0, 0.0, 0.0, 0.0, 0.0, 0.0, 0.0, 0.0], [0.0, 0.0, 0.0, 0.0, 0.0, 1.0335151291624427, 0.0, 0.0, 0.0, 0.0, 0.0, 0.0, 0.9842057751149653, 0.9665666497572394, 0.9645344675780578, 0.0, 0.0, 0.0], [0.0, 0.0, 0.0, 0.0, 0.0, 1.0397966601333246, 0.0, 0.0, 0.0, 0.0, 0.0, 0.0, 0.0, 0.0, 0.0, 0.9599857155552511, 0.9720973829017133, 0.9652545501018479], [0.9767329491243222, 0.0, 0.0, 0.0, 0.0, 0.0, 0.0, 0.0, 0.0, 0.0, 0.0, 0.0, 0.0, 0.0, 0.0, 0.0, 0.0, 0.0], [0.9823168324844705, 0.0, 0.0, 0.0, 0.0, 0.0, 0.0, 0.0, 0.0, 0.0, 0.0, 0.0, 0.0, 0.0, 0.0, 0.0, 0.0, 0.0], [0.976699917499996, 0.0, 0.0, 0.0, 0.0, 0.0, 0.0, 0.0, 0.0, 0.0, 0.0, 0.0, 0.0, 0.0, 0.0, 0.0, 0.0, 0.0], [0.0, 0.0, 0.0, 0.0, 0.9626199292245957, 0.0, 0.0, 0.0, 0.0, 0.0, 0.0, 0.0, 0.0, 0.0, 0.0, 0.0, 0.0, 0.0], [0.0, 0.0, 0.0, 0.0, 0.0, 0.0, 0.9842057751149653, 0.0, 0.0, 0.0, 0.0, 0.0, 0.0, 0.0, 0.0, 0.0, 0.0, 0.0], [0.0, 0.0, 0.0, 0.0, 0.0, 0.0, 0.9665666497572394, 0.0, 0.0, 0.0, 0.0, 0.0, 0.0, 0.0, 0.0, 0.0, 0.0, 0.0], [0.0, 0.0, 0.0, 0.0, 0.0, 0.0, 0.9645344675780578, 0.0, 0.0, 0.0, 0.0, 0.0, 0.0, 0.0, 0.0, 0.0, 0.0, 0.0], [0.0, 0.0, 0.0, 0.0, 0.0, 0.0, 0.0, 0.9599857155552511, 0.0, 0.0, 0.0, 0.0, 0.0, 0.0, 0.0, 0.0, 0.0, 0.0], [0.0, 0.0, 0.0, 0.0, 0.0, 0.0, 0.0, 0.9720973829017133, 0.0, 0.0, 0.0, 0.0, 0.0, 0.0, 0.0, 0.0, 0.0, 0.0], [0.0, 0.0, 0.0, 0.0, 0.0, 0.0, 0.0, 0.9652545501018479, 0.0, 0.0, 0.0, 0.0, 0.0, 0.0, 0.0, 0.0, 0.0, 0.0]], "Born radii": [], "Atomic SASAs": [], "Solvent H bonds": [], "Total SASA": NaN, "Total FOD": 0.0,