{"total energy": -23.02563077, "HOMO-LUMO gap/eV": 3.98837699, "electronic energy": -23.33790923, "dipole": [-0.2107752, 1.19428507, 0.18146903], "partial charges": [-0.10457504, -0.05013615, -0.08812168, 0.23378729, -0.35113364, -0.08222172, -0.10023579, 0.03364496, 0.03364495, 0.0379733, 0.04470829, 0.0447083, 0.05356809, 0.05356826, 0.05275353, 0.05275383, 0.04955477, 0.04955457, 0.03620388], "atomic dipole moments": [[0.09069674, -0.04095814, -0.0110358], [-0.00849081, 0.12724996, 0.01852998], [0.01460999, -0.0869728, -0.01317267], [0.0046048, -0.02736663, -0.00414441], [-0.02744929, 0.16642044, 0.02517638], [0.01604796, -0.08679356, -0.01322997], [-0.10241536, 0.05659198, 0.01392686], [-0.02261459, 0.08357926, -0.08781005], [-0.01123895, 0.05560711, 0.10949453], [-0.08769637, -0.08796091, -0.00741416], [0.02066319, -0.08707983, 0.08776708], [0.00924925, -0.05901324, -0.11020356], [-0.00701997, 0.06086862, 0.11348014], [-0.01878749, 0.08980552, -0.09063143], [-0.00556473, 0.06086143, 0.11365361], [-0.01736001, 0.08986972, -0.09096334], [0.0061552, -0.05980491, -0.11165822], [0.01773871, -0.08829237, 0.08928527], [0.08928071, 0.08535261, 0.00695372]], "atomic quadrupole moments": [[0.17794297, -0.12802793, -0.05669117, -0.03565956, 0.01717097, -0.1212518], [0.23279727, 0.05070067, 0.01623369, -0.02095203, 0.03557014, -0.24903096], [0.19046068, 0.03747716, 0.04735469, -0.01976422, 0.03921804, -0.23781536], [-0.28033378, 0.00035203, -0.31163807, 0.05158223, -0.13118679, 0.59197185], [-0.12772949, -0.00191831, -0.1294017, 0.02244771, -0.05599899, 0.25713119], [0.19500771, 0.01258054, 0.03517757, -0.02311345, 0.03784485, -0.23018528], [0.19455999, -0.13929141, -0.05634119, -0.03922727, 0.0203671, -0.1382188], [-0.03497431, -0.01578236, 0.00802793, 0.00119106, -0.06565301, 0.02694638], [-0.03470849, -0.00919918, -0.02595463, 0.00446797, 0.05180677, 0.06066312], [0.01937294, 0.05664638, 0.03470959, 0.00373068, 0.00948231, -0.05408253], [-0.01447869, -0.00202894, -0.00423877, 0.00796734, -0.04610369, 0.01871746], [-0.015737, 0.00414894, -0.02701392, -0.00225071, 0.03251631, 0.04275092], [-0.02179127, 0.0215414, -0.02400464, -0.01063896, 0.04341183, 0.04579591], [-0.01802522, 0.01100691, 0.00503027, 0.02108113, -0.05666439, 0.01299495], [-0.00558518, -0.0118271, -0.03794095, 0.00031518, 0.04701225, 0.04352613], [-0.00558552, -0.01811524, -0.00701373, -0.00057644, -0.05987212, 0.01259925], [-0.0307993, -0.00852944, -0.02777744, 0.00418976, 0.04899822, 0.05857673], [-0.03104907, -0.01482697, 0.00470872, 0.00109376, -0.06329135, 0.02634035], [0.02390245, 0.05911134, 0.03169212, 0.00373531, 0.00911977, -0.05559457]], "number of molecular orbitals": 40, "number of electrons": 42, "number of unpaired electrons": 0, "orbital energies/eV": [-19.23595271, -17.47311162, -17.21075577, -16.60053065, -15.95754175, -15.37267499, -15.28501848, -14.92145398, -14.77692299, -13.94342255, -13.91824253, -13.43584148, -13.16918419, -12.98053278, -12.77230189, -12.47907161, -12.36251952, -12.10976619, -12.02593389, -11.6997083, -10.62877005, -6.64039306, 1.19103908, 3.16289027, 3.40404284, 3.65810027, 3.92728291, 3.98710958, 4.27685983, 4.51399212, 4.54795209, 5.12940019, 5.309147, 5.95552947, 6.4661759, 7.05900869, 7.44320452, 7.58764746, 8.10040761, 17.41819803], "fractional occupation": [2.0, 2.0, 2.0, 2.0, 2.0, 2.0, 2.0, 2.0, 2.0, 2.0, 2.0, 2.0, 2.0, 2.0, 2.0, 2.0, 2.0, 2.0, 2.0, 2.0, 2.0, 0.0, 0.0, 0.0, 0.0, 0.0, 0.0, 0.0, 0.0, 0.0, 0.0, 0.0, 0.0, 0.0, 0.0, 0.0, 0.0, 0.0, 0.0, 0.0], "program call": "xtb /tmp/scratch/tmpizit6ssj/509886_04ffd9_xyzopt.xyz --pop --wbo --acc 0.2 --gfn 2 --chrg 0 --uhf 0 --etemp 300 --input /tmp/scratch/tmpizit6ssj/509886_04ffd9_xtb.inp", "method": "GFN2-xTB", "xtb version": "6.3.3 (7355c4f)", "Dipole module/D": 3.117, "Total charge": 0, "Transition dipole module/D": NaN, "HOMO": -10.6288, "LUMO": -6.6404, "HOMO occupancy": 2.0, "LUMO occupancy": 0, "mulliken charges": [-0.08927, -0.0283, -0.09175, 0.39882, -0.48581, -0.08345, -0.07271, 0.02728, 0.02728, 0.03445, 0.03758, 0.03758, 0.04387, 0.04387, 0.04344, 0.04344, 0.04299, 0.04299, 0.02772], "cm5 charges": [-0.24174, -0.13974, -0.19483, 0.41807, -0.54054, -0.18825, -0.22315, 0.07941, 0.07941, 0.08613, 0.09516, 0.09516, 0.1007, 0.1007, 0.09958, 0.09958, 0.09743, 0.09743, 0.07949], "FUKUI+": [0.017, 0.013, 0.032, -0.191, -0.295, 0.03, 0.031, -0.024, -0.024, -0.039, -0.022, -0.022, -0.096, -0.096, -0.097, -0.097, -0.03, -0.03, -0.061], "FUKUI-": [0.013, 0.004, -0.013, -0.035, -0.174, -0.015, 0.019, -0.065, -0.065, -0.089, -0.059, -0.059, -0.067, -0.067, -0.07, -0.07, -0.047, -0.047, -0.096], "FUKUIrad": [0.015, 0.009, 0.009, -0.113, -0.234, 0.007, 0.025, -0.044, -0.044, -0.064, -0.041, -0.041, -0.082, -0.082, -0.083, -0.083, -0.038, -0.038, -0.078], "s proportion": [1.006, 1.022, 1.042, 1.07, 1.729, 1.038, 1.001, 0.973, 0.973, 0.966, 0.962, 0.962, 0.956, 0.956, 0.957, 0.957, 0.957, 0.957, 0.972], "p proportion": [3.083, 3.006, 3.05, 2.531, 4.757, 3.046, 3.072, 0.0, 0.0, 0.0, 0.0, 0.0, 0.0, 0.0, 0.0, 0.0, 0.0, 0.0, 0.0], "d proportion": [0.0, 0.0, 0.0, 0.0, 0.0, 0.0, 0.0, 0.0, 0.0, 0.0, 0.0, 0.0, 0.0, 0.0, 0.0, 0.0, 0.0, 0.0, 0.0], "Fermi-level/eV": -8.6346, "Coordination numbers": [3.752, 3.801, 3.804, 2.812, 0.857, 3.802, 3.753, 0.925, 0.925, 0.925, 0.924, 0.924, 0.924, 0.924, 0.924, 0.924, 0.925, 0.925, 0.925], "Dispersion coefficient C6": [22.558, 21.473, 22.178, 23.108, 20.729, 22.068, 22.474, 2.535, 2.535, 2.476, 2.387, 2.387, 2.276, 2.276, 2.286, 2.286, 2.325, 2.325, 2.5], "Total dispersion C6": 2631.563914, "Total dispersion C8": 56058.481097, "Polarizability alpha": [6.773, 6.597, 6.704, 7.876, 6.104, 6.688, 6.76, 2.49, 2.49, 2.461, 2.416, 2.416, 2.359, 2.359, 2.364, 2.364, 2.385, 2.385, 2.473], "Total polarizability alpha": 76.465347,