{"total energy": -14.76050929, "HOMO-LUMO gap/eV": 5.09225777, "electronic energy": -15.00796382, "dipole": [-0.0313452, -0.12715464, 0.02138165], "partial charges": [-0.0404645, -0.04046485, -0.05566305, -0.05733628, -0.05566302, 0.0250208, 0.02502088, 0.03302314, 0.03646754, 0.02937047, 0.03119822, 0.03302313, 0.03646753], "atomic dipole moments": [[-0.12813834, -0.03938658, 0.02491507], [0.09483556, -0.09377018, 0.02837002], [-0.09007615, 0.02798084, 0.01447099], [0.02157265, 0.08354224, -0.07721737], [0.09237902, -0.01652033, 0.01729819], [-0.0581439, 0.13535667, -0.05097013], [0.11538655, 0.09303219, -0.04828123], [0.09258052, -0.00484117, 0.08908939], [0.03342282, -0.07826811, -0.09449256], [-0.02929942, -0.12184256, -0.02699584], [0.00182181, 0.01537403, 0.12441551], [-0.08697833, 0.03895346, 0.08630704], [-0.06291959, -0.05477016, -0.09598535]], "atomic quadrupole moments": [[-0.33430535, 0.16756764, -0.0604755, 0.00025626, 0.21028254, 0.39478085], [-0.41818634, 0.01048787, 0.0211389, 0.07275172, 0.18984983, 0.39704744], [0.08445093, 0.01438254, 0.06287686, -0.09921078, -0.1405573, -0.14732779], [0.18241707, -0.0569817, -0.04731357, -0.03140969, -0.14980512, -0.1351035], [0.06656832, -0.01189815, 0.07676042, 0.02968111, -0.17246925, -0.14332875], [0.02525111, -0.01276274, 0.01649202, -0.0029493, -0.02794759, -0.04174313], [0.03436237, 0.00447533, 0.0075412, -0.0080576, -0.02640006, -0.04190357], [0.01633371, 0.00271101, -0.04753145, 0.03456038, -0.00378184, 0.03119773], [-0.02360595, -0.00096477, 0.00438534, -0.01794688, 0.04556892, 0.0192206], [-0.02360688, 0.01654325, 0.04195197, 0.00626543, 0.02627267, -0.01834508], [-0.00250721, -0.0110376, -0.04366908, 0.00440182, 0.02096495, 0.04617629], [0.00249517, -0.02825966, -0.03160056, -0.03305816, 0.01217837, 0.02910539], [-0.01900858, 0.01130631, -0.00187421, 0.03571723, 0.03268755, 0.02088279]], "number of molecular orbitals": 28, "number of electrons": 28, "number of unpaired electrons": 0, "orbital energies/eV": [-17.28074061, -16.25082209, -16.22958896, -15.06866888, -14.58347149, -14.1432713, -14.02338828, -12.87613219, -12.23014317, -12.10777639, -12.06261383, -11.91120547, -11.81015258, -10.30885382, -5.21659604, 2.01188098, 2.40760476, 3.29715435, 3.83301868, 3.88464038, 4.03938319, 5.39456224, 6.20091528, 6.3824273, 8.02794712, 8.91192266, 10.4671654, 18.05581228], "fractional occupation": [2.0, 2.0, 2.0, 2.0, 2.0, 2.0, 2.0, 2.0, 2.0, 2.0, 2.0, 2.0, 2.0, 2.0, 0.0, 0.0, 0.0, 0.0, 0.0, 0.0, 0.0, 0.0, 0.0, 0.0, 0.0, 0.0, 0.0, 0.0], "program call": "xtb /tmp/scratch/tmpjzhfdus4/510166_c8f1dc_xyzopt.xyz --pop --wbo --acc 0.2 --gfn 2 --chrg 0 --uhf 0 --etemp 300 --input /tmp/scratch/tmpjzhfdus4/510166_c8f1dc_xtb.inp", "method": "GFN2-xTB", "xtb version": "6.3.3 (7355c4f)", "Dipole module/D": 0.337, "Total charge": 0, "Transition dipole module/D": NaN, "HOMO": -10.3089, "LUMO": -5.2166, "HOMO occupancy": 2.0, "LUMO occupancy": 0, "mulliken charges": [-0.0457, -0.0457, -0.04276, -0.04702, -0.04276, 0.02931, 0.02931, 0.02744, 0.03032, 0.02438, 0.02542, 0.02744, 0.03032], "cm5 charges": [-0.10699, -0.10699, -0.14758, -0.15542, -0.14758, 0.08521, 0.08521, 0.08202, 0.08516, 0.07899, 0.08077, 0.08202, 0.08516], "FUKUI+": [-0.158, -0.158, 0.032, 0.025, 0.032, -0.137, -0.137, -0.092, -0.095, -0.07, -0.057, -0.092, -0.095], "FUKUI-": [-0.068, -0.068, 0.016, 0.016, 0.016, -0.094, -0.094, -0.121, -0.139, -0.089, -0.114, -0.121, -0.139], "FUKUIrad": [-0.113, -0.113, 0.024, 0.02, 0.024, -0.115, -0.115, -0.106, -0.117, -0.08, -0.086, -0.106, -0.117], "s proportion": [1.064, 1.064, 1.026, 1.03, 1.026, 0.971, 0.971, 0.973, 0.97, 0.976, 0.975, 0.973, 0.97], "p proportion": [2.981, 2.981, 3.016, 3.017, 3.016, 0.0, 0.0, 0.0, 0.0, 0.0, 0.0, 0.0, 0.0], "d proportion": [0.0, 0.0, 0.0, 0.0, 0.0, 0.0, 0.0, 0.0, 0.0, 0.0, 0.0, 0.0, 0.0], "Fermi-level/eV": -7.7627, "Coordination numbers": [2.938, 2.938, 3.842, 3.837, 3.842, 0.926, 0.926, 0.924, 0.924, 0.925, 0.924, 0.924, 0.924], "Dispersion coefficient C6": [29.005, 29.005, 21.543, 21.577, 21.543, 2.658, 2.658, 2.544, 2.497, 2.595, 2.569, 2.544, 2.497], "Total dispersion C6": 1403.75623, "Total dispersion C8": 31380.682728, "Polarizability alpha": [8.833, 8.833, 6.603, 6.608, 6.603, 2.55, 2.55, 2.494, 2.471, 2.519, 2.507, 2.494, 2.471], "Total polarizability alpha": 57.534496, "Wiberg matrix": [[0.0, 1.9313813856097586, 0.0, 0.0, 1.0227275715769917, 0.9703330717159304, 0.0, 0.0, 0.0, 0.0, 0.0, 0.0, 0.0], [1.9313813856097586, 0.0, 1.0227275084378993, 0.0, 0.0, 0.0, 0.9703330776081451, 0.0, 0.0, 0.0, 0.0, 0.0, 0.0], [0.0, 1.0227275084378993, 0.0, 1.0027297684227892, 0.0, 0.0, 0.0, 0.9715023259839104, 0.9630144018125077, 0.0, 0.0, 0.0, 0.0], [0.0, 0.0, 1.0027297684227892, 0.0, 1.0027297707405152, 0.0, 0.0, 0.0, 0.0, 0.9836310828200915, 0.9839774259659556, 0.0, 0.0], [1.0227275715769917, 0.0, 0.0, 1.0027297707405152, 0.0, 0.0, 0.0, 0.0, 0.0, 0.0, 0.0, 0.9715023138548889, 0.9630143708548592], [0.9703330717159304, 0.0, 0.0, 0.0, 0.0, 0.0, 0.0, 0.0, 0.0, 0.0, 0.0, 0.0, 0.0], [0.0, 0.9703330776081451, 0.0, 0.0, 0.0, 0.0, 0.0, 0.0, 0.0, 0.0, 0.0, 0.0, 0.0], [0.0, 0.0, 0.9715023259839104, 0.0, 0.0, 0.0, 0.0, 0.0, 0.0, 0.0, 0.0, 0.0, 0.0], [0.0, 0.0, 0.9630144018125077, 0.0, 0.0, 0.0, 0.0, 0.0, 0.0, 0.0, 0.0, 0.0, 0.0], [0.0, 0.0, 0.0, 0.9836310828200915, 0.0, 0.0, 0.0, 0.0, 0.0, 0.0, 0.0, 0.0, 0.0], [0.0, 0.0, 0.0, 0.9839774259659556, 0.0, 0.0, 0.0, 0.0, 0.0, 0.0, 0.0, 0.0, 0.0], [0.0, 0.0, 0.0, 0.0, 0.9715023138548889, 0.0, 0.0, 0.0, 0.0, 0.0, 0.0, 0.0, 0.0], [0.0, 0.0, 0.0, 0.0, 0.9630143708548592, 0.0, 0.0, 0.0, 0.0, 0.0, 0.0, 0.0, 0.0]], "Born radii": [], "Atomic SASAs": [], "Solvent H bonds": [], "Total SASA": NaN, "Total FOD": 0.0, "FOD": [0.0, 0.0, 0.0, 0.0, 0.0, 0.0, 0.0, 0.0, 0.0, 0.0, 0.0, 0.0, 0.0], "FOD s proportion": [0.0, 0.0, 0.0, 0.0, 0.0, 0.0, 0.0, 0.0, 0.0, 0.0, 0.0, 0.0, 0.0], "FOD p proportion": [0.0, 0.0, 0.0, 0.0, 0.0, 0.0, 0.0, 0.0, 0.0, 0.0, 0.0, 0.0, 0.0], "FOD d proportion": [0.0, 0.0, 0.0, 0.0, 0.0, 0.0, 0.0, 0.0, 0.0, 0.0, 0.0, 0.0, 0.0], "coordinates": [["-0.37980948492104", "1.19858708347374", "-0.49842768357897"], ["0.90329563943693", "0.88563487449447", "-0.47854529778105"], ["1.13665372957723", "-0.50370823040309", "0.03560699900393"], ["-0.23043213234781", "-0.90563183066682", "0.61606125484015"], ["-1.24142907814144", "0.07631181243565", "-0.00124329653672"], ["-0.80666195515823", "2.12443852189169", "-0.84420211621551"], ["1.71832332996671", "1.50858856739933", "-0.80507614851361"], ["1.93066252610018", "-0.53873253570963", "0.78297626746533"], ["1.43205310225080", "-1.15959524162813", "-0.78875887794914"], ["-0.47995542327882", "-1.94251780482342", "0.39821084967650"], ["-0.21745286771401", "-0.78357425388900", "1.69963368905851"], ["-1.98391280368816", "0.41604110123391", "0.72231698288384"], ["-1.78133358208233", "-0.37584306380870", "-0.83855262235327"]],