{"total energy": -22.14045727, "HOMO-LUMO gap/eV": 13.1268057, "electronic energy": -22.46597732, "dipole": [-0.00405256, 0.00480155, 3.897e-05], "partial charges": [-0.05469987, -0.05432104, -0.05469995, -0.05496177, -0.0542562, -0.05425613, -0.05496171, 0.03117936, 0.02369783, 0.02457477, 0.02457493, 0.02369787, 0.03117915, 0.03584262, 0.02380245, 0.02815672, 0.02382484, 0.02382487, 0.02815651, 0.03584239, 0.02380238], "atomic dipole moments": [[0.03316427, 0.05818042, 0.08485489], [-0.06638254, 0.07865738, 0.00064337], [-0.06361164, -0.02210574, -0.08455816], [-0.04298611, -0.03737723, 0.09526889], [0.00933659, -0.09042414, -0.05356678], [0.0879983, -0.0249076, 0.0526211], [0.04330034, 0.03700656, -0.09527156], [-0.01472409, 0.02967899, -0.11744773], [-0.02687567, -0.1175556, 0.00908523], [0.0674946, -0.0364375, -0.09371582], [0.02532839, -0.07354918, 0.09281626], [0.12032302, 0.00683039, -0.00999424], [-0.02583079, 0.01837677, 0.11784172], [-0.01387328, -0.037105, -0.11940064], [0.07520509, 0.0940799, -0.00126854], [0.01301744, 0.02438697, 0.11845134], [-0.02951043, 0.10375492, -0.05287668], [-0.09688793, 0.04601412, 0.05410485], [-0.02718476, -0.00760055, -0.11831359], [0.03987125, 0.00629819, 0.11914855], [-0.10536834, -0.05833976, 0.00156008]], "atomic quadrupole moments": [[0.20492735, -0.07274541, -0.11374457, -0.04321553, 0.10102504, -0.09118278], [0.10422394, 0.1062342, 0.06629647, 0.1021475, 0.08741677, -0.17052041], [-0.12735175, -0.01720099, 0.22113957, 0.09245684, -0.05645014, -0.09378782], [0.08169478, -0.16920422, -0.01825163, -0.03474395, -0.09440599, -0.06344316], [0.20394908, 0.05935104, -0.04334719, -0.06645589, 0.05834669, -0.1606019], [-0.01595242, 0.09592386, 0.17872059, 0.04609772, -0.0728423, -0.16276817], [-0.07309455, -0.14227465, 0.13525361, -0.1001928, -0.01533882, -0.06215907], [-0.01297686, -0.02004582, -0.02790176, -0.00237203, -0.03311801, 0.04087862], [0.00146501, 0.01229049, 0.04995742, -0.00322603, -0.01862386, -0.05142243], [0.01050912, 0.00660518, -0.03941738, -0.03013696, 0.02856477, 0.02890825], [-0.03544217, 0.01399884, 0.00757327, 0.02374684, -0.03482477, 0.0278689], [0.05234762, 0.00374877, -0.00124072, -0.01970576, 0.00039907, -0.05110689], [-0.03465345, -0.01610237, -0.00681451, -0.0325901, 0.00289966, 0.04146795], [-0.03121967, 0.00058106, -0.01014154, 0.01832041, 0.03461345, 0.04136121], [0.02706283, 0.0257447, 0.03377481, 0.01110422, 0.00049194, -0.06083764], [-0.00694861, 0.00372188, -0.04934189, 0.00871308, 0.00935765, 0.0562905], [-0.00383768, -0.01085724, 0.02752612, 0.01128222, -0.04806476, -0.02368844], [0.02230379, -0.01484505, 0.00027375, -0.04600044, 0.01954732, -0.02257753], [-0.04673129, 0.01048167, -0.00950653, 0.01162263, 0.006302, 0.05623782], [-0.00994065, -0.00320612, -0.03104511, 0.03758545, 0.01157747, 0.04098576], [0.0421474, 0.02324942, 0.0185094, 0.00174287, 0.01143648, -0.0606568]], "number of molecular orbitals": 42, "number of electrons": 42, "number of unpaired electrons": 0, "orbital energies/eV": [-17.01270791, -16.59425246, -16.55716997, -15.75145031, -15.73682908, -14.93279588, -14.61553341, -14.11083958, -13.74364353, -13.61245051, -13.3504068, -12.94971924, -12.94291966, -12.44425332, -12.42726096, -11.63583815, -11.61333164, -11.42674732, -11.27482296, -11.21390304, -11.12965087, 1.99715483, 2.57221544, 2.7239678, 2.75796633, 2.93077385, 2.95525651, 3.22145202, 3.58749804, 4.62814445, 4.97502756, 5.21189004, 5.3554973, 5.68709886, 6.33064099, 6.6592021, 6.66531511, 7.33708909, 8.10086014, 8.31570932, 8.41112821, 9.3343006], "fractional occupation": [2.0, 2.0, 2.0, 2.0, 2.0, 2.0, 2.0, 2.0, 2.0, 2.0, 2.0, 2.0, 2.0, 2.0, 2.0, 2.0, 2.0, 2.0, 2.0, 2.0, 2.0, 0.0, 0.0, 0.0, 0.0, 0.0, 0.0, 0.0, 0.0, 0.0, 0.0, 0.0, 0.0, 0.0, 0.0, 0.0, 0.0, 0.0, 0.0, 0.0, 0.0, 0.0], "program call": "xtb /tmp/scratch/tmpsuhbdfw4/510274_74e3ef_xyzopt.xyz --pop --wbo --acc 0.2 --gfn 2 --chrg 0 --uhf 0 --etemp 300 --input /tmp/scratch/tmpsuhbdfw4/510274_74e3ef_xtb.inp", "method": "GFN2-xTB", "xtb version": "6.3.3 (7355c4f)", "Dipole module/D": 0.016, "Total charge": 0, "Transition dipole module/D": NaN, "HOMO": -11.1297, "LUMO": 1.9972, "HOMO occupancy": 2.0, "LUMO occupancy": 0, "mulliken charges": [-0.04813, -0.04747, -0.04813, -0.04764, -0.04695, -0.04695, -0.04764, 0.02365, 0.02401, 0.02291, 0.02291, 0.02401, 0.02365, 0.02548, 0.02395, 0.02243, 0.02403, 0.02403, 0.02243, 0.02548, 0.02395], "cm5 charges": [-0.15932, -0.15872, -0.15932, -0.15871, -0.15827, -0.15827, -0.15871, 0.08037, 0.07883, 0.07798, 0.07798, 0.07883, 0.08037, 0.08243, 0.07883, 0.07845, 0.07879, 0.07879, 0.07845, 0.08243, 0.07883], "FUKUI+": [-0.0, 0.01, -0.0, -0.001, 0.009, 0.009, -0.001, -0.073, -0.062, -0.079, -0.079, -0.062, -0.073, -0.071, -0.069, -0.08, -0.08, -0.08, -0.08, -0.071, -0.069], "FUKUI-": [0.01, 0.011, 0.01, 0.005, 0.004, 0.004, 0.005, -0.083, -0.091, -0.091, -0.091, -0.091, -0.083, -0.047, -0.081, -0.051, -0.081, -0.081, -0.051, -0.047, -0.081], "FUKUIrad": [0.005, 0.01, 0.005, 0.002, 0.007, 0.007, 0.002, -0.078, -0.077, -0.085, -0.085, -0.077, -0.078, -0.059, -0.075, -0.065, -0.08, -0.08, -0.065, -0.059, -0.075], "s proportion": [1.03, 1.03, 1.03, 1.028, 1.03, 1.03, 1.028, 0.976, 0.976, 0.977, 0.977, 0.976, 0.976, 0.975, 0.976, 0.978, 0.976, 0.976, 0.978, 0.975, 0.976], "p proportion": [3.019, 3.018, 3.019, 3.02, 3.017, 3.017, 3.02, 0.0, 0.0, 0.0, 0.0, 0.0, 0.0, 0.0, 0.0, 0.0, 0.0, 0.0, 0.0, 0.0, 0.0], "d proportion": [0.0, 0.0, 0.0, 0.0, 0.0, 0.0, 0.0, 0.0, 0.0, 0.0, 0.0, 0.0, 0.0, 0.0, 0.0, 0.0, 0.0, 0.0, 0.0, 0.0, 0.0], "Fermi-level/eV": -4.5662, "Coordination numbers": [3.8, 3.799, 3.8, 3.8, 3.801, 3.801, 3.8, 0.924, 0.924, 0.924, 0.924, 0.924, 0.924, 0.924, 0.924, 0.924, 0.924, 0.924, 0.924, 0.924, 0.924], "Dispersion coefficient C6": [21.557, 21.551, 21.557, 21.562, 21.549, 21.549, 21.562, 2.57, 2.678, 2.665, 2.665, 2.678, 2.57, 2.505, 2.676, 2.613, 2.676, 2.676, 2.613, 2.505, 2.676], "Total dispersion C6": 3036.044654, "Total dispersion C8": 64164.799162, "Polarizability alpha": [6.611, 6.61, 6.611, 6.611, 6.609, 6.609, 6.611, 2.507, 2.559, 2.553, 2.553, 2.559, 2.507, 2.475, 2.558, 2.528, 2.558, 2.558, 2.528, 2.475, 2.558], "Total polarizability alpha": 81.748856,