{"total energy": -16.87794462, "HOMO-LUMO gap/eV": 4.70963789, "electronic energy": -17.18440881, "dipole": [4.67e-06, -1.2e-07, 8.8e-07], "partial charges": [-0.03884367, -0.03884371, -0.05055192, -0.03884372, -0.03884367, -0.05055194, 0.0221823, 0.02218228, 0.04193736, 0.04193736, 0.02218228, 0.0221823, 0.04193738, 0.04193738], "atomic dipole moments": [[0.12587545, 0.07221676, 0.00967413], [-0.12150076, 0.07904594, -0.01194924], [0.06690623, -0.00184702, 0.00584843], [-0.12587537, -0.07221686, -0.00967438], [0.12150084, -0.07904586, 0.01194898], [-0.06690631, 0.00184703, -0.00584829], [0.06512039, -0.12852604, 0.0079169], [-0.07244459, -0.12472844, -0.00410784], [-0.0850504, 0.00385744, 0.09293692], [-0.06773214, 0.0003603, -0.10629175], [-0.06512034, 0.12852606, -0.00791661], [0.07244464, 0.12472843, 0.00410814], [0.08505029, -0.00385744, -0.09293693], [0.06773202, -0.00036029, 0.10629182]], "atomic quadrupole moments": [[-0.35567128, 0.13253232, -0.13620231, -0.07661401, 0.02266961, 0.49187359], [-0.37036296, -0.12126436, -0.1221785, -0.07343579, 0.00036168, 0.49254147], [0.01906906, 0.00496009, 0.18042279, 0.01906536, -0.00626866, -0.19949185], [-0.35567136, 0.13253199, -0.1362023, -0.07661364, 0.02266916, 0.49187366], [-0.37036292, -0.12126471, -0.1221785, -0.07343619, 0.00036124, 0.49254142], [0.01906948, 0.00496007, 0.18042267, 0.0190653, -0.00626866, -0.19949215], [0.04256648, -0.00203681, 0.02962067, 0.01009012, -0.00198009, -0.07218715], [0.04277594, 0.00158025, 0.02942076, 0.01004485, -0.00166219, -0.07219669], [-0.00370231, -0.00123304, -0.01751424, -0.05529482, 0.00218268, 0.02121655], [-0.02175622, 0.00083904, -0.01761492, 0.04776269, -0.00052474, 0.03937113], [0.04256654, -0.00203686, 0.02962063, 0.01009015, -0.0019802, -0.07218717], [0.04277588, 0.00158021, 0.02942079, 0.01004482, -0.0016623, -0.07219667], [-0.00370211, -0.00123305, -0.01751425, -0.05529494, 0.00218268, 0.02121636], [-0.02175622, 0.00083904, -0.01761487, 0.04776271, -0.00052475, 0.03937109]], "number of molecular orbitals": 32, "number of electrons": 32, "number of unpaired electrons": 0, "orbital energies/eV": [-17.17654694, -16.53717792, -16.50625692, -15.67927455, -15.17035576, -14.26308208, -13.6264747, -13.62505518, -13.15686888, -13.0745682, -12.85128107, -12.5028344, -11.59058005, -11.07508797, -11.01254727, -10.0813549, -5.37171701, -4.99577678, 2.84504646, 2.89785043, 3.40550058, 3.58823379, 3.82490166, 4.58520925, 5.77186702, 6.26599304, 6.40571584, 7.44462701, 9.98747261, 11.94757927, 17.15341023, 18.1856785], "fractional occupation": [2.0, 2.0, 2.0, 2.0, 2.0, 2.0, 2.0, 2.0, 2.0, 2.0, 2.0, 2.0, 2.0, 2.0, 2.0, 2.0, 0.0, 0.0, 0.0, 0.0, 0.0, 0.0, 0.0, 0.0, 0.0, 0.0, 0.0, 0.0, 0.0, 0.0, 0.0, 0.0], "program call": "xtb /tmp/scratch/tmptyigy0jg/510632_cfd2f3_xyzopt.xyz --pop --wbo --acc 0.2 --gfn 2 --chrg 0 --uhf 0 --etemp 300 --input /tmp/scratch/tmptyigy0jg/510632_cfd2f3_xtb.inp", "method": "GFN2-xTB", "xtb version": "6.3.3 (7355c4f)", "Dipole module/D": 0.0, "Total charge": 0, "Transition dipole module/D": NaN, "HOMO": -10.0814, "LUMO": -5.3717, "HOMO occupancy": 2.0, "LUMO occupancy": 0, "mulliken charges": [-0.04309, -0.04309, -0.03623, -0.04309, -0.04309, -0.03623, 0.02611, 0.02611, 0.0351, 0.0351, 0.02611, 0.02611, 0.0351, 0.0351], "cm5 charges": [-0.10381, -0.10381, -0.13662, -0.10381, -0.10381, -0.13662, 0.08228, 0.08228, 0.08985, 0.08985, 0.08228, 0.08228, 0.08985, 0.08985], "FUKUI+": [-0.08, -0.08, 0.024, -0.08, -0.08, 0.024, -0.103, -0.103, -0.079, -0.079, -0.103, -0.103, -0.079, -0.079], "FUKUI-": [-0.05, -0.05, 0.017, -0.05, -0.05, 0.017, -0.083, -0.083, -0.126, -0.126, -0.083, -0.083, -0.126, -0.126], "FUKUIrad": [-0.065, -0.065, 0.021, -0.065, -0.065, 0.021, -0.093, -0.093, -0.103, -0.103, -0.093, -0.093, -0.103, -0.103], "s proportion": [1.059, 1.059, 1.018, 1.059, 1.059, 1.018, 0.974, 0.974, 0.965, 0.965, 0.974, 0.974, 0.965, 0.965], "p proportion": [2.984, 2.984, 3.018, 2.984, 2.984, 3.018, 0.0, 0.0, 0.0, 0.0, 0.0, 0.0, 0.0, 0.0], "d proportion": [0.0, 0.0, 0.0, 0.0, 0.0, 0.0, 0.0, 0.0, 0.0, 0.0, 0.0, 0.0, 0.0, 0.0], "Fermi-level/eV": -7.7265, "Coordination numbers": [2.893, 2.893, 3.811, 2.893, 2.893, 3.811, 0.925, 0.925, 0.924, 0.924, 0.925, 0.925, 0.924, 0.924], "Dispersion coefficient C6": [28.964, 28.964, 21.472, 28.964, 28.964, 21.472, 2.7, 2.7, 2.423, 2.423, 2.7, 2.7, 2.423, 2.423], "Total dispersion C6": 1896.110022, "Total dispersion C8": 44044.029385, "Polarizability alpha": [8.824, 8.824, 6.596, 8.824, 8.824, 6.596, 2.57, 2.57, 2.434, 2.434, 2.57, 2.57, 2.434, 2.434], "Total polarizability alpha": 68.503099, "Wiberg matrix": [[0.0, 1.9335503011540882, 0.0, 0.0, 0.0, 1.023362105341899, 0.9677443129157872, 0.0, 0.0, 0.0, 0.0, 0.0, 0.0, 0.0], [1.9335503011540882, 0.0, 1.0233620581228675, 0.0, 0.0, 0.0, 0.0, 0.9677443105857596, 0.0, 0.0, 0.0, 0.0, 0.0, 0.0], [0.0, 1.0233620581228675, 0.0, 1.023362055250673, 0.0, 0.0, 0.0, 0.0, 0.9483984622991256, 0.9483984677541362, 0.0, 0.0, 0.0, 0.0], [0.0, 0.0, 1.023362055250673, 0.0, 1.9335503011244648, 0.0, 0.0, 0.0, 0.0, 0.0, 0.9677443120697851, 0.0, 0.0, 0.0], [0.0, 0.0, 0.0, 1.9335503011244648, 0.0, 1.0233621082411928, 0.0, 0.0, 0.0, 0.0, 0.0, 0.9677443113935127, 0.0, 0.0], [1.023362105341899, 0.0, 0.0, 0.0, 1.0233621082411928, 0.0, 0.0, 0.0, 0.0, 0.0, 0.0, 0.0, 0.948398429326726, 0.9483984135803922], [0.9677443129157872, 0.0, 0.0, 0.0, 0.0, 0.0, 0.0, 0.0, 0.0, 0.0, 0.0, 0.0, 0.0, 0.0], [0.0, 0.9677443105857596, 0.0, 0.0, 0.0, 0.0, 0.0, 0.0, 0.0, 0.0, 0.0, 0.0, 0.0, 0.0], [0.0, 0.0, 0.9483984622991256, 0.0, 0.0, 0.0, 0.0, 0.0, 0.0, 0.0, 0.0, 0.0, 0.0, 0.0], [0.0, 0.0, 0.9483984677541362, 0.0, 0.0, 0.0, 0.0, 0.0, 0.0, 0.0, 0.0, 0.0, 0.0, 0.0], [0.0, 0.0, 0.0, 0.9677443120697851, 0.0, 0.0, 0.0, 0.0, 0.0, 0.0, 0.0, 0.0, 0.0, 0.0], [0.0, 0.0, 0.0, 0.0, 0.9677443113935127, 0.0, 0.0, 0.0, 0.0, 0.0, 0.0, 0.0, 0.0, 0.0], [0.0, 0.0, 0.0, 0.0, 0.0, 0.948398429326726, 0.0, 0.0, 0.0, 0.0, 0.0, 0.0, 0.0, 0.0], [0.0, 0.0, 0.0, 0.0, 0.0, 0.9483984135803922, 0.0, 0.0, 0.0, 0.0, 0.0, 0.0, 0.0, 0.0]], "Born radii": [], "Atomic SASAs": [], "Solvent H bonds": [], "Total SASA": NaN, "Total FOD": 0.0, "FOD": [0.0, 0.0, 0.0, 0.0, 0.0, 0.0, 0.0, 0.0, 0.0, 0.0, 0.0, 0.0, 0.0, 0.0], "FOD s proportion": [0.0, 0.0, 0.0, 0.0, 0.0, 0.0, 0.0, 0.0, 0.0, 0.0, 0.0, 0.0, 0.0, 0.0], "FOD p proportion": [0.0, 0.0, 0.0, 0.0, 0.0, 0.0, 0.0, 0.0, 0.0, 0.0, 0.0, 0.0, 0.0, 0.0], "FOD d proportion": [0.0, 0.0, 0.0, 0.0, 0.0, 0.0, 0.0, 0.0, 0.0, 0.0, 0.0, 0.0, 0.0, 0.0], "coordinates": [["0.62165055111798", "-1.26185102766420", "0.07618735776727"], ["-0.69358725507278", "-1.22554253400648", "-0.03877876119010"], ["-1.48529148221128", "0.04100299176511", "-0.12983078677671"], ["-0.62165035761210", "1.26185110416448", "-0.07618814998498"], ["0.69358745151757", "1.22554271129976", "0.03877796573480"], ["1.48529134247666", "-0.04100284688931", "0.12983052832184"], ["1.14260111205913", "-2.20824565270739", "0.13808479722947"], ["-1.26840343888997", "-2.14168758423308", "-0.07266349232352"], ["-2.21828202125111", "0.07447816097931", "0.68645731789720"], ["-2.06638355033699", "0.04380443587978", "-1.06098390558304"], ["-1.14260082777202", "2.20824585515303", "-0.13808438845585"], ["1.26840371655178", "2.14168766719808", "0.07266395017739"], ["2.21828197340517", "-0.07447801412720", "-0.68645738376034"], ["2.06638278601794", "-0.04380426681190", "1.06098395094656"]],