{"total energy": -18.98671586, "HOMO-LUMO gap/eV": 13.66056632, "electronic energy": -19.26764664, "dipole": [0.0, 0.0, 2e-08], "partial charges": [-0.05431884, -0.05431884, -0.05431884, -0.05431884, -0.05431884, -0.05431884, 0.02424525, 0.0300736, 0.0300736, 0.02424524, 0.02424525, 0.0300736, 0.02424524, 0.0300736, 0.02424525, 0.0300736, 0.02424524, 0.0300736], "atomic dipole moments": [[0.01322009, 0.07199344, -0.08165283], [-0.03929332, 0.0762532, 0.06831182], [-0.09898378, -0.02120324, -0.04216211], [-0.01322011, -0.0719935, 0.08165283], [0.03929329, -0.07625316, -0.06831181], [0.09898383, 0.02120325, 0.04216209], [-0.04753215, -0.11157449, -0.01646064], [0.02714288, 0.01165316, 0.11899687], [-0.02584646, -0.0190243, -0.11833352], [0.08197301, -0.08424892, 0.03408319], [0.10068135, 0.01153184, -0.06862512], [0.0327219, 0.0162871, 0.1170333], [0.04753215, 0.11157447, 0.01646065], [-0.02714288, -0.01165315, -0.11899687], [-0.08197303, 0.08424894, -0.03408319], [0.02584646, 0.0190243, 0.11833352], [-0.10068133, -0.01153183, 0.06862512], [-0.03272191, -0.0162871, -0.1170333]], "atomic quadrupole moments": [[0.15053769, -0.119074, -0.04448913, -0.09350266, -0.08206382, -0.10604856], [0.05917603, 0.13094896, 0.06590942, -0.13547889, 0.01873847, -0.12508545], [-0.00830963, -0.03338241, 0.20745049, 0.06670119, -0.0255944, -0.19914086], [0.15053761, -0.11907393, -0.04448904, -0.09350266, -0.08206387, -0.10604857], [0.05917605, 0.13094906, 0.06590938, -0.1354789, 0.01873843, -0.12508543], [-0.00830951, -0.03338238, 0.20745039, 0.06670116, -0.0255944, -0.19914088], [-0.00698293, 0.02897953, 0.04379222, 0.00474249, 0.02017411, -0.03680929], [-0.01238112, -0.00615531, -0.03814867, 0.01970664, 0.01901006, 0.05052978], [-0.02071684, 0.017042, -0.03245986, 0.02016057, 0.00404768, 0.0531767], [0.01657401, -0.03515052, 0.01149912, 0.01930607, -0.02691143, -0.02807314], [0.02184788, 0.0028137, -0.01956486, -0.04938035, -0.00714296, -0.00228302], [-0.040763, -0.00299929, -0.01332527, 0.0196459, 0.00955183, 0.05408827], [-0.00698293, 0.02897954, 0.04379224, 0.00474249, 0.02017411, -0.03680931], [-0.01238111, -0.00615531, -0.03814867, 0.01970664, 0.01901006, 0.05052978], [0.01657401, -0.0351505, 0.01149911, 0.01930608, -0.02691143, -0.02807312], [-0.02071684, 0.017042, -0.03245986, 0.02016057, 0.00404768, 0.0531767], [0.0218479, 0.0028137, -0.01956486, -0.04938036, -0.00714297, -0.00228304], [-0.04076301, -0.00299929, -0.01332526, 0.01964589, 0.00955183, 0.05408827]], "number of molecular orbitals": 36, "number of electrons": 36, "number of unpaired electrons": 0, "orbital energies/eV": [-17.11745034, -16.47200673, -16.47200673, -15.39022001, -15.39022001, -14.84051035, -14.11902758, -13.4698302, -13.46983019, -13.36099721, -12.67100275, -12.55542883, -12.55542881, -11.8106601, -11.81066009, -11.34185264, -11.13310146, -11.13310145, 2.52746487, 2.78355416, 2.78355417, 3.17491743, 3.17491751, 3.25511168, 3.85817835, 5.10114387, 5.10114394, 5.25907664, 5.46786031, 5.46786032, 6.80154492, 6.801545, 7.86487765, 7.88607577, 8.40923312, 8.40923313], "fractional occupation": [2.0, 2.0, 2.0, 2.0, 2.0, 2.0, 2.0, 2.0, 2.0, 2.0, 2.0, 2.0, 2.0, 2.0, 2.0, 2.0, 2.0, 2.0, 0.0, 0.0, 0.0, 0.0, 0.0, 0.0, 0.0, 0.0, 0.0, 0.0, 0.0, 0.0, 0.0, 0.0, 0.0, 0.0, 0.0, 0.0], "program call": "xtb /tmp/scratch/tmp3gnaq38r/510660_a7116d_xyzopt.xyz --pop --wbo --acc 0.2 --gfn 2 --chrg 0 --uhf 0 --etemp 300 --input /tmp/scratch/tmp3gnaq38r/510660_a7116d_xtb.inp", "method": "GFN2-xTB", "xtb version": "6.3.3 (7355c4f)", "Dipole module/D": 0.0, "Total charge": 0, "Transition dipole module/D": NaN, "HOMO": -11.1331, "LUMO": 2.5275, "HOMO occupancy": 2.0, "LUMO occupancy": 0, "mulliken charges": [-0.04634, -0.04634, -0.04634, -0.04634, -0.04634, -0.04634, 0.0235, 0.02284, 0.02284, 0.0235, 0.0235, 0.02284, 0.0235, 0.02284, 0.0235, 0.02284, 0.0235, 0.02284], "cm5 charges": [-0.15707, -0.15707, -0.15707, -0.15707, -0.15707, -0.15707, 0.07812, 0.07894, 0.07894, 0.07812, 0.07812, 0.07894, 0.07812, 0.07894, 0.07812, 0.07894, 0.07812, 0.07894], "FUKUI+": [0.011, 0.011, 0.011, 0.011, 0.011, 0.011, -0.084, -0.093, -0.093, -0.084, -0.084, -0.093, -0.084, -0.093, -0.084, -0.093, -0.084, -0.093], "FUKUI-": [0.0, 0.0, 0.0, 0.0, 0.0, 0.0, -0.101, -0.066, -0.066, -0.101, -0.101, -0.066, -0.101, -0.066, -0.101, -0.066, -0.101, -0.066], "FUKUIrad": [0.006, 0.006, 0.006, 0.006, 0.006, 0.006, -0.093, -0.08, -0.08, -0.093, -0.093, -0.08, -0.093, -0.08, -0.093, -0.08, -0.093, -0.08], "s proportion": [1.027, 1.027, 1.027, 1.027, 1.027, 1.027, 0.976, 0.977, 0.977, 0.976, 0.976, 0.977, 0.976, 0.977, 0.976, 0.977, 0.976, 0.977], "p proportion": [3.019, 3.019, 3.019, 3.019, 3.019, 3.019, 0.0, 0.0, 0.0, 0.0, 0.0, 0.0, 0.0, 0.0, 0.0, 0.0, 0.0, 0.0], "d proportion": [0.0, 0.0, 0.0, 0.0, 0.0, 0.0, 0.0, 0.0, 0.0, 0.0, 0.0, 0.0, 0.0, 0.0, 0.0, 0.0, 0.0, 0.0], "Fermi-level/eV": -4.3028, "Coordination numbers": [3.806, 3.806, 3.806, 3.806, 3.806, 3.806, 0.924, 0.924, 0.924, 0.924, 0.924, 0.924, 0.924, 0.924, 0.924, 0.924, 0.924, 0.924], "Dispersion coefficient C6": [21.546, 21.546, 21.546, 21.546, 21.546, 21.546, 2.67, 2.585, 2.585, 2.67, 2.67, 2.585, 2.67, 2.585, 2.67, 2.585, 2.67, 2.585], "Total dispersion C6": 2230.550133, "Total dispersion C8": 47136.015195, "Polarizability alpha": [6.608, 6.608, 6.608, 6.608, 6.608, 6.608, 2.555, 2.515, 2.515, 2.555, 2.555, 2.515, 2.555, 2.515, 2.555, 2.515, 2.555, 2.515], "Total polarizability alpha": 70.066191, "Wiberg matrix": [[0.0, 1.0089465926661285, 0.0, 0.0, 0.0, 1.0089465925917098, 0.9780227381948302, 0.9776956994379467, 0.0, 0.0, 0.0, 0.0, 0.0, 0.0, 0.0, 0.0, 0.0, 0.0], [1.0089465926661285, 0.0, 1.008946593444171, 0.0, 0.0, 0.0, 0.0, 0.0, 0.9776956989687084, 0.9780227396616331, 0.0, 0.0, 0.0, 0.0, 0.0, 0.0, 0.0, 0.0], [0.0, 1.008946593444171, 0.0, 1.0089465929013466, 0.0, 0.0, 0.0, 0.0, 0.0, 0.0, 0.9780227377338786, 0.977695699256396, 0.0, 0.0, 0.0, 0.0, 0.0, 0.0], [0.0, 0.0, 1.0089465929013466, 0.0, 1.0089465926256513, 0.0, 0.0, 0.0, 0.0, 0.0, 0.0, 0.0, 0.9780227397203859, 0.9776956991970471, 0.0, 0.0, 0.0, 0.0], [0.0, 0.0, 0.0, 1.0089465926256513, 0.0, 1.0089465929164914, 0.0, 0.0, 0.0, 0.0, 0.0, 0.0, 0.0, 0.0, 0.9780227380637394, 0.9776956995292545, 0.0, 0.0], [1.0089465925917098, 0.0, 0.0, 0.0, 1.0089465929164914, 0.0, 0.0, 0.0, 0.0, 0.0, 0.0, 0.0, 0.0, 0.0, 0.0, 0.0, 0.9780227398175594, 0.9776956992143071], [0.9780227381948302, 0.0, 0.0, 0.0, 0.0, 0.0, 0.0, 0.0, 0.0, 0.0, 0.0, 0.0, 0.0, 0.0, 0.0, 0.0, 0.0, 0.0], [0.9776956994379467, 0.0, 0.0, 0.0, 0.0, 0.0, 0.0, 0.0, 0.0, 0.0, 0.0, 0.0, 0.0, 0.0, 0.0, 0.0, 0.0, 0.0], [0.0, 0.9776956989687084, 0.0, 0.0, 0.0, 0.0, 0.0, 0.0, 0.0, 0.0, 0.0, 0.0, 0.0, 0.0, 0.0, 0.0, 0.0, 0.0], [0.0, 0.9780227396616331, 0.0, 0.0, 0.0, 0.0, 0.0, 0.0, 0.0, 0.0, 0.0, 0.0, 0.0, 0.0, 0.0, 0.0, 0.0, 0.0], [0.0, 0.0, 0.9780227377338786, 0.0, 0.0, 0.0, 0.0, 0.0, 0.0, 0.0, 0.0, 0.0, 0.0, 0.0, 0.0, 0.0, 0.0, 0.0], [0.0, 0.0, 0.977695699256396, 0.0, 0.0, 0.0, 0.0, 0.0, 0.0, 0.0, 0.0, 0.0, 0.0, 0.0, 0.0, 0.0, 0.0, 0.0], [0.0, 0.0, 0.0, 0.9780227397203859, 0.0, 0.0, 0.0, 0.0, 0.0, 0.0, 0.0, 0.0, 0.0, 0.0, 0.0, 0.0, 0.0, 0.0], [0.0, 0.0, 0.0, 0.9776956991970471, 0.0, 0.0, 0.0, 0.0, 0.0, 0.0, 0.0, 0.0, 0.0, 0.0, 0.0, 0.0, 0.0, 0.0], [0.0, 0.0, 0.0, 0.0, 0.9780227380637394, 0.0, 0.0, 0.0, 0.0, 0.0, 0.0, 0.0, 0.0, 0.0, 0.0, 0.0, 0.0, 0.0], [0.0, 0.0, 0.0, 0.0, 0.9776956995292545, 0.0, 0.0, 0.0, 0.0, 0.0, 0.0, 0.0, 0.0, 0.0, 0.0, 0.0, 0.0, 0.0], [0.0, 0.0, 0.0, 0.0, 0.0, 0.9780227398175594, 0.0, 0.0, 0.0, 0.0, 0.0, 0.0, 0.0, 0.0, 0.0, 0.0, 0.0, 0.0], [0.0, 0.0, 0.0, 0.0, 0.0, 0.9776956992143071, 0.0, 0.0, 0.0, 0.0, 0.0, 0.0, 0.0, 0.0, 0.0, 0.0, 0.0, 0.0]], "Born radii": [], "Atomic SASAs": [], "Solvent H bonds": [], "Total SASA": NaN, "Total FOD": 0.0, "FOD": [0.0, 0.0, 0.0, 0.0, 0.0, 0.0, 0.0, 0.0, 0.0, 0.0, 0.0, 0.0, 0.0, 0.0, 0.0, 0.0, 0.0, 0.0], "FOD s proportion": [0.0, 0.0, 0.0, 0.0, 0.0, 0.0, 0.0, 0.0, 0.0, 0.0, 0.0, 0.0, 0.0, 0.0, 0.0, 0.0, 0.0, 0.0],