{"total energy": -23.02666135, "HOMO-LUMO gap/eV": 4.03054765, "electronic energy": -23.33919503, "dipole": [0.16226285, -1.15493744, -0.5114843], "partial charges": [-0.10359302, -0.05374213, -0.05663575, -0.08776614, 0.24066113, -0.14108181, -0.35342345, 0.03395956, 0.03624485, 0.03624463, 0.02825918, 0.02825942, 0.04574194, 0.0457428, 0.05488639, 0.05488373, 0.06223309, 0.06223451, 0.06689109], "atomic dipole moments": [[0.08961143, -0.04224071, -0.01660126], [-0.01530905, 0.10273048, 0.04546667], [0.03624763, -0.11459074, -0.0502375], [-0.01495254, 0.08118991, 0.03586913], [-0.00247435, 0.02544109, 0.01126149], [-0.07943831, 0.01737701, 0.00577021], [0.02845273, -0.15434875, -0.06818032], [-0.08876148, -0.07772036, -0.0369193], [-0.01709753, 0.02443727, 0.1202976], [-0.01249691, 0.10614045, -0.06276123], [0.01209619, -0.02522655, -0.11856183], [0.00758976, -0.10528432, 0.06080567], [-0.00732768, 0.1092941, -0.06080658], [-0.01190521, 0.02789768, 0.12155897], [0.01032641, -0.11182858, 0.0634431], [0.01505659, -0.0276831, -0.12507195], [0.02073763, -0.02622357, -0.12744249], [0.01588246, -0.11272578, 0.06633971], [0.08893797, 0.08809003, 0.0415501]], "atomic quadrupole moments": [[0.17771643, -0.12502004, -0.05918731, -0.04806738, 0.02847737, -0.11852912], [0.2172767, 0.0242612, -0.02349549, 0.02224468, 0.0959828, -0.19378121], [0.24582748, 0.01526121, -0.0294531, 0.0196001, 0.10494046, -0.21637438], [0.19634606, 0.01054621, -0.00209113, 0.01572893, 0.10767254, -0.19425493], [-0.28181643, 0.01009239, -0.17902277, -0.01810649, -0.35661603, 0.46083919], [0.16095883, -0.11664459, -0.04656305, -0.04482725, 0.03354335, -0.11439578], [-0.12964921, 0.00355207, -0.0696334, -0.00833868, -0.14992812, 0.19928261], [0.02143076, 0.05193392, 0.01838229, 0.02511996, 0.03441687, -0.03981305], [-0.03426748, -0.0117346, -0.04601299, -0.0056797, 0.02047743, 0.08028047], [-0.03413939, -0.00804691, 0.0446978, -0.00708124, -0.06087003, -0.01055841], [-0.01802792, 0.0015659, -0.03843841, -0.00847548, 0.01114374, 0.05646633], [-0.01869082, -0.00251385, 0.02537125, 0.00548374, -0.04624643, -0.00668043], [-0.01764515, -0.00270404, 0.02223113, 0.00579759, -0.04535155, -0.00458598], [-0.01695396, 0.00177095, -0.0377921, -0.00875577, 0.00864583, 0.05474606], [-0.00869922, -0.01380437, 0.02816144, -0.00608905, -0.05657798, -0.01946223], [-0.00861238, -0.01532356, -0.05393229, -0.00887462, 0.01709336, 0.06254468], [-0.03337962, 0.00660099, -0.05071634, -0.01079506, 0.02851099, 0.08409595], [-0.03436981, 0.0006681, 0.05238363, 0.01027648, -0.06419086, -0.01801381], [0.01605864, 0.05015086, 0.01946453, 0.02405997, 0.03255936, -0.03552317]], "number of molecular orbitals": 40, "number of electrons": 42, "number of unpaired electrons": 0, "orbital energies/eV": [-19.28528056, -17.47517848, -17.12538573, -16.73675708, -15.97898636, -15.4097929, -15.23737994, -14.91011872, -14.6307456, -14.05111908, -14.03978835, -13.36433674, -13.22892203, -13.02669528, -13.00626922, -12.67327695, -12.16503442, -12.11192033, -11.88965919, -11.56541627, -10.72656065, -6.69601301, 1.26884751, 2.97055564, 3.30457791, 3.54962245, 3.9199509, 4.10396616, 4.5318864, 4.8295239, 5.03706906, 5.11059211, 5.18617455, 5.66706983, 6.52445233, 6.91274477, 6.99642877, 7.59770515, 8.35738713, 17.36451105], "fractional occupation": [2.0, 2.0, 2.0, 2.0, 2.0, 2.0, 2.0, 2.0, 2.0, 2.0, 2.0, 2.0, 2.0, 2.0, 2.0, 2.0, 2.0, 2.0, 2.0, 2.0, 2.0, 0.0, 0.0, 0.0, 0.0, 0.0, 0.0, 0.0, 0.0, 0.0, 0.0, 0.0, 0.0, 0.0, 0.0, 0.0, 0.0, 0.0, 0.0, 0.0], "program call": "xtb /tmp/scratch/tmp6p344wns/5138_0_xyzopt.xyz --pop --wbo --acc 0.2 --gfn 2 --chrg 0 --uhf 0 --etemp 300 --input /tmp/scratch/tmp6p344wns/5138_0_xtb.inp", "method": "GFN2-xTB", "xtb version": "6.3.3 (7355c4f)", "Dipole module/D": 3.237, "Total charge": 0, "Transition dipole module/D": NaN, "HOMO": -10.7266, "LUMO": -6.696, "HOMO occupancy": 2.0, "LUMO occupancy": 0, "mulliken charges": [-0.08483, -0.04234, -0.03665, -0.09031, 0.40617, -0.13393, -0.48468, 0.02997, 0.03052, 0.03052, 0.02122, 0.02122, 0.03805, 0.03806, 0.04439, 0.04438, 0.05236, 0.05236, 0.06352], "cm5 charges": [-0.23756, -0.15568, -0.14639, -0.19333, 0.42369, -0.27783, -0.53774, 0.08154, 0.08274, 0.08274, 0.07639, 0.07639, 0.09634, 0.09634, 0.10122, 0.10122, 0.10557, 0.10557, 0.11879], "FUKUI+": [0.012, 0.006, 0.014, 0.032, -0.194, 0.051, -0.297, -0.028, -0.014, -0.014, -0.019, -0.019, -0.022, -0.022, -0.097, -0.097, -0.107, -0.107, -0.078], "FUKUI-": [0.016, 0.002, 0.008, -0.009, -0.033, -0.002, -0.171, -0.077, -0.073, -0.073, -0.081, -0.081, -0.055, -0.055, -0.062, -0.062, -0.065, -0.065, -0.063], "FUKUIrad": [0.014, 0.004, 0.011, 0.012, -0.113, 0.025, -0.234, -0.053, -0.044, -0.044, -0.05, -0.05, -0.038, -0.038, -0.08, -0.08, -0.086, -0.086, -0.07], "s proportion": [1.005, 1.027, 1.027, 1.042, 1.065, 1.021, 1.728, 0.97, 0.969, 0.969, 0.979, 0.979, 0.962, 0.962, 0.956, 0.956, 0.948, 0.948, 0.936], "p proportion": [3.08, 3.016, 3.01, 3.049, 2.528, 3.113, 4.756, 0.0, 0.0, 0.0, 0.0, 0.0, 0.0, 0.0, 0.0, 0.0, 0.0, 0.0, 0.0], "d proportion": [0.0, 0.0, 0.0, 0.0, 0.0, 0.0, 0.0, 0.0, 0.0, 0.0, 0.0, 0.0, 0.0, 0.0, 0.0, 0.0, 0.0, 0.0, 0.0], "Fermi-level/eV": -8.7113, "Coordination numbers": [3.752, 3.801, 3.804, 3.804, 2.81, 3.753, 0.857, 0.925, 0.925, 0.925, 0.924, 0.924, 0.924, 0.924, 0.924, 0.924, 0.925, 0.925, 0.925], "Dispersion coefficient C6": [22.539, 21.539, 21.59, 22.171, 22.98, 23.278, 20.772, 2.531, 2.499, 2.499, 2.611, 2.611, 2.374, 2.374, 2.26, 2.26, 2.173, 2.173, 2.12], "Total dispersion C6": 2630.094977, "Total dispersion C8": 56058.835935, "Polarizability alpha": [6.77, 6.608, 6.615, 6.703, 7.854, 6.88, 6.111, 2.488, 2.472, 2.472, 2.527, 2.527, 2.409, 2.409, 2.351, 2.351, 2.305, 2.305, 2.277], "Total polarizability alpha": 76.435113,