{"total energy": -20.09784617, "HOMO-LUMO gap/eV": 3.97676179, "electronic energy": -20.55556755, "dipole": [-0.0968227, 0.01344136, 0.00566085], "partial charges": [-0.1004082, -0.02260148, 0.03857279, -0.02846384, -0.0282822, -0.02917905, -0.02831646, -0.02847531, 0.07513812, 0.03232546, 0.02914932, 0.02905322, 0.02915482, 0.0323328], "atomic dipole moments": [[0.3197601, -0.04459643, -0.01833635], [-0.37237858, 0.05221609, 0.02123133], [-0.00673578, 0.00096524, 0.00047286], [0.00315181, 0.00557984, -0.00149284], [-0.00369148, 0.00435488, -0.00064096], [0.00361485, -0.00058832, -0.00020583], [-0.00481879, -0.00318957, 0.00109258], [0.0016938, -0.0062969, 0.00123306], [0.20717673, -0.02941775, -0.01186782], [0.05944952, -0.13589909, 0.02426725], [-0.08868134, -0.1137091, 0.03256741], [-0.14639678, 0.02083804, 0.00843452], [-0.05692777, 0.13428222, -0.02413018], [0.09156251, 0.1145037, -0.0329977]], "atomic quadrupole moments": [[-1.0902816, 0.22998644, 0.51082067, 0.09736435, -0.0035923, 0.57946094], [-0.96298716, 0.2093928, 0.51056702, 0.07890575, -0.03100005, 0.45242014], [-0.18989076, 0.00289137, -0.23338886, 0.05694358, 0.15063396, 0.42327962], [-0.2446777, 0.03083897, -0.22793779, 0.06013237, 0.15804368, 0.47261549], [-0.25716852, 0.01364772, -0.22329562, 0.06581059, 0.16060656, 0.48046414], [-0.2577591, 0.01584673, -0.21877122, 0.06505818, 0.1584216, 0.47653032], [-0.25641186, 0.01600262, -0.22408885, 0.06520341, 0.16051482, 0.48050071], [-0.25378539, -0.00372138, -0.21775128, 0.06846402, 0.15905002, 0.47153667], [-0.02854106, 0.00632273, 0.01394203, 0.00244814, -0.00038695, 0.01459902], [0.03468717, 0.00123543, 0.02816513, -0.00935801, -0.02106076, -0.0628523], [0.03701571, -0.00602457, 0.02972433, -0.0083298, -0.02159893, -0.06674005], [0.03110398, -0.00070651, 0.03499929, -0.00894019, -0.02317624, -0.06610326], [0.03882088, 0.00064466, 0.02773651, -0.00994065, -0.02178223, -0.06655739], [0.03292127, -0.0052351, 0.03013459, -0.00779476, -0.02092402, -0.06305586]], "number of molecular orbitals": 38, "number of electrons": 38, "number of unpaired electrons": 0, "orbital energies/eV": [-17.6117544, -16.97565499, -16.75230072, -16.48015828, -15.69232007, -15.62338604, -14.73885112, -14.02537748, -13.56343914, -13.43810072, -13.18671914, -13.05731254, -12.96012474, -11.95238414, -11.73108044, -11.672863, -11.11141384, -11.07060443, -10.56510799, -6.5883462, -6.10615907, -4.20005013, -3.79773109, -1.65394433, 1.82610521, 3.39126469, 4.02280923, 4.63125507, 5.13892679, 5.69354141, 7.91405569, 11.26350315, 11.44670269, 12.26962619, 12.41755961, 16.96888816, 18.17435085, 39.31860598], "fractional occupation": [2.0, 2.0, 2.0, 2.0, 2.0, 2.0, 2.0, 2.0, 2.0, 2.0, 2.0, 2.0, 2.0, 2.0, 2.0, 2.0, 2.0, 2.0, 2.0, 0.0, 0.0, 0.0, 0.0, 0.0, 0.0, 0.0, 0.0, 0.0, 0.0, 0.0, 0.0, 0.0, 0.0, 0.0, 0.0, 0.0, 0.0, 0.0], "program call": "xtb /tmp/scratch/tmpktq1ka0p/516760_7866b0_xyzopt.xyz --pop --wbo --acc 0.2 --gfn 2 --chrg 0 --uhf 0 --etemp 300 --input /tmp/scratch/tmpktq1ka0p/516760_7866b0_xtb.inp", "method": "GFN2-xTB", "xtb version": "6.3.3 (7355c4f)", "Dipole module/D": 0.249, "Total charge": 0, "Transition dipole module/D": NaN, "HOMO": -10.5651, "LUMO": -6.5883, "HOMO occupancy": 2.0, "LUMO occupancy": 0, "mulliken charges": [-0.08848, -0.02361, 0.02828, -0.03057, -0.02597, -0.02909, -0.02599, -0.03057, 0.06174, 0.03505, 0.03154, 0.0311, 0.03154, 0.03505], "cm5 charges": [-0.14161, -0.02835, 0.02076, -0.08348, -0.08217, -0.08548, -0.0822, -0.08348, 0.11743, 0.09251, 0.08799, 0.08754, 0.088, 0.09252], "FUKUI+": [-0.108, -0.059, -0.086, -0.038, -0.031, -0.079, -0.032, -0.038, -0.105, -0.08, -0.085, -0.095, -0.085, -0.08], "FUKUI-": [-0.119, -0.08, -0.071, -0.039, -0.035, -0.074, -0.035, -0.039, -0.107, -0.075, -0.081, -0.089, -0.081, -0.075], "FUKUIrad": [-0.113, -0.069, -0.078, -0.039, -0.033, -0.076, -0.033, -0.039, -0.106, -0.077, -0.083, -0.092, -0.083, -0.077], "s proportion": [1.09, 1.104, 1.065, 1.059, 1.056, 1.057, 1.056, 1.059, 0.938, 0.965, 0.968, 0.969, 0.968, 0.965], "p proportion": [2.998, 2.919, 2.907, 2.971, 2.97, 2.972, 2.97, 2.971, 0.0, 0.0, 0.0, 0.0, 0.0, 0.0], "d proportion": [0.0, 0.0, 0.0, 0.0, 0.0, 0.0, 0.0, 0.0, 0.0, 0.0, 0.0, 0.0, 0.0, 0.0], "Fermi-level/eV": -8.5767, "Coordination numbers": [1.909, 1.981, 2.972, 2.927, 2.919, 2.92, 2.919, 2.927, 0.928, 0.926, 0.926, 0.926, 0.926, 0.926], "Dispersion coefficient C6": [33.882, 31.656, 27.132, 28.712, 28.707, 28.729, 28.708, 28.712, 2.03, 2.553, 2.598, 2.6, 2.598, 2.553], "Total dispersion C6": 2797.905643, "Total dispersion C8": 71023.03154, "Polarizability alpha": [9.401, 9.086, 8.544, 8.787, 8.786, 8.79, 8.786, 8.787, 2.228, 2.499, 2.521, 2.521, 2.521, 2.499], "Total polarizability alpha": 85.755925, "Wiberg matrix": [[0.0, 2.830775442654347, 0.0, 0.0, 0.0, 0.0, 0.0, 0.0, 0.9715892704225533, 0.0, 0.0, 0.0, 0.0, 0.0], [2.830775442654347, 0.0, 1.1069259442061894, 0.0, 0.0, 0.0, 0.0, 0.0, 0.0, 0.0, 0.0, 0.0, 0.0, 0.0], [0.0, 1.1069259442061894, 0.0, 1.3667218942141253, 0.0, 0.10234951396215815, 0.0, 1.3663607841335756, 0.0, 0.0, 0.0, 0.0, 0.0, 0.0], [0.0, 0.0, 1.3667218942141253, 0.0, 1.455371288218788, 0.0, 0.10695059591155023, 0.0, 0.0, 0.971062684867888, 0.0, 0.0, 0.0, 0.0], [0.0, 0.0, 0.0, 1.455371288218788, 0.0, 1.4325282506474664, 0.0, 0.1069206926349397, 0.0, 0.0, 0.9706803462406467, 0.0, 0.0, 0.0], [0.0, 0.0, 0.10234951396215815, 0.0, 1.4325282506474664, 0.0, 1.4320502959560386, 0.0, 0.0, 0.0, 0.0, 0.9717432477700317, 0.0, 0.0], [0.0, 0.0, 0.0, 0.10695059591155023, 0.0, 1.4320502959560386, 0.0, 1.4557999088878775, 0.0, 0.0, 0.0, 0.0, 0.9706900956668347, 0.0], [0.0, 0.0, 1.3663607841335756, 0.0, 0.1069206926349397, 0.0, 1.4557999088878775, 0.0, 0.0, 0.0, 0.0, 0.0, 0.0, 0.9710609733018662], [0.9715892704225533, 0.0, 0.0, 0.0, 0.0, 0.0, 0.0, 0.0, 0.0, 0.0, 0.0, 0.0, 0.0, 0.0], [0.0, 0.0, 0.0, 0.971062684867888, 0.0, 0.0, 0.0, 0.0, 0.0, 0.0, 0.0, 0.0, 0.0, 0.0], [0.0, 0.0, 0.0, 0.0, 0.9706803462406467, 0.0, 0.0, 0.0, 0.0, 0.0, 0.0, 0.0, 0.0, 0.0], [0.0, 0.0, 0.0, 0.0, 0.0, 0.9717432477700317, 0.0, 0.0, 0.0, 0.0, 0.0, 0.0, 0.0, 0.0], [0.0, 0.0, 0.0, 0.0, 0.0, 0.0, 0.9706900956668347, 0.0, 0.0, 0.0, 0.0, 0.0, 0.0, 0.0], [0.0, 0.0, 0.0, 0.0, 0.0, 0.0, 0.0, 0.9710609733018662, 0.0, 0.0, 0.0, 0.0, 0.0, 0.0]], "Born radii": [], "Atomic SASAs": [], "Solvent H bonds": [], "Total SASA": NaN, "Total FOD": 0.0, "FOD": [0.0, 0.0, 0.0, 0.0, 0.0, 0.0, 0.0, 0.0, 0.0, 0.0, 0.0, 0.0, 0.0, 0.0], "FOD s proportion": [0.0, 0.0, 0.0, 0.0, 0.0, 0.0, 0.0, 0.0, 0.0, 0.0, 0.0, 0.0, 0.0, 0.0], "FOD p proportion": [0.0, 0.0, 0.0, 0.0, 0.0, 0.0, 0.0, 0.0, 0.0, 0.0, 0.0, 0.0, 0.0, 0.0], "FOD d proportion": [0.0, 0.0, 0.0, 0.0, 0.0, 0.0, 0.0, 0.0, 0.0, 0.0, 0.0, 0.0, 0.0, 0.0], "coordinates": [["3.29715606216254", "-0.46351488756873", "-0.18992729700344"], ["2.11019827226267", "-0.29738369373269", "-0.12194334420130"], ["0.71027781201656", "-0.10045343851570", "-0.04092562452818"], ["-0.13215252554769", "-1.16890767342920", "0.26555601054112"], ["-1.49738328437382", "-0.97081069469170", "0.34309479986368"], ["-2.03440226117706", "0.28658326493369", "0.11731313155164"], ["-1.20053204077319", "1.35082704106765", "-0.18766240698607"], ["0.16595532813313", "1.16357429569889", "-0.26763344941575"], ["4.33410955415733", "-0.61026880614150", "-0.24941729302024"], ["0.29293000272367", "-2.14673839863448", "0.44042935779592"], ["-2.14719034579931", "-1.80061968208139", "0.58090811729190"], ["-3.10206591040126", "0.43773387942753", "0.17891618954719"], ["-1.61878209012048", "2.33132152989664", "-0.36371663525674"], ["0.82188142673686", "1.98865826377098", "-0.50499255617972"]],