{"total energy": -23.26880344, "HOMO-LUMO gap/eV": 3.8916885, "electronic energy": -23.77477705, "dipole": [-0.35070713, -0.03424091, -0.02238728], "partial charges": [-0.10292918, -0.02323846, 0.03300018, -0.03041613, -0.03894929, 0.01742599, -0.10835787, -0.03894798, -0.03041066, 0.07294321, 0.03113652, 0.02809437, 0.04221126, 0.0422118, 0.04700128, 0.02809507, 0.03112988], "atomic dipole moments": [[0.32258477, 0.03183144, -0.00087709], [-0.37356619, -0.03730899, 0.00098908], [-0.00702532, -0.00068492, 0.00049177], [0.00402291, 0.00590813, 0.00020417], [-0.00691955, 0.00996496, -0.00075303], [-0.08852566, -0.00890131, 0.00131702], [0.06683024, 0.0068053, -0.0060899], [-0.00480691, -0.01110732, -0.0011118], [0.00509806, -0.00499114, 1.865e-05], [0.20842595, 0.02147463, -0.00048515], [0.08802882, -0.12135606, -0.002323], [-0.0586697, -0.13502772, -0.00186394], [-0.05605905, 0.09735081, 0.05965321], [-0.03541418, -0.10849729, 0.05614831], [-0.04464557, -0.00243374, -0.12008911], [-0.08431727, 0.12067687, 0.00248961], [0.06217643, 0.13642389, 0.00206583]], "atomic quadrupole moments": [[-1.10753059, -0.1655592, 0.52535789, 0.00437775, -0.00024566, 0.5821727], [-0.9828159, -0.15236925, 0.52913494, 0.00350802, 0.00189364, 0.45368096], [-0.19155222, 0.00678847, -0.25798516, 0.00272161, -0.01178844, 0.44953737], [-0.26118616, 0.01779322, -0.2495798, 0.00438277, -0.01208914, 0.51076596], [-0.24529918, 0.00478569, -0.24930945, 0.0042233, -0.01098326, 0.49460863], [-0.08147492, 0.02619183, -0.34007721, 0.00134097, -0.01288105, 0.42155214], [0.18698018, 0.02593088, -0.06988838, 0.00501474, 0.0012625, -0.11709181], [-0.24358643, -0.00374093, -0.2509392, 0.00433043, -0.01352534, 0.49452562], [-0.25383349, -0.01872142, -0.2569099, 0.00385083, -0.01310603, 0.51074338], [-0.02885827, -0.00478784, 0.01423475, 7.006e-05, 1.024e-05, 0.01462352], [0.03441479, 0.00325471, 0.03434099, -0.00063644, 0.00159056, -0.06875578], [0.03810234, -0.00059029, 0.0335173, -0.00068859, 0.00174428, -0.07161963], [-0.01190371, -0.0284961, 0.03785703, -0.02440953, 0.05577203, -0.02595332], [-0.02111827, 0.01678875, 0.05091409, -0.01230801, -0.05697435, -0.02979582], [-0.02842607, 0.00158093, -0.04912126, 0.02989206, 0.0008387, 0.07754733], [0.03768454, 0.0014534, 0.03393511, -0.00064934, 0.00170823, -0.07161966], [0.03566787, -0.00295979, 0.0330784, -0.00076121, 0.00175864, -0.06874628]], "number of molecular orbitals": 44, "number of electrons": 44, "number of unpaired electrons": 0, "orbital energies/eV": [-17.55524426, -17.0244698, -16.66110986, -16.5628533, -16.13306811, -15.5874059, -15.37883562, -14.60897184, -13.79210388, -13.74771536, -13.50757601, -13.3577751, -12.96586619, -12.82796891, -12.79487424, -12.58243795, -11.67112323, -11.65168236, -11.57446933, -11.00570604, -10.96710117, -10.33219301, -6.44050451, -5.99549609, -4.1012964, -3.70991011, -1.55958521, 1.90847762, 2.90174221, 3.90466386, 4.16147537, 4.6159344, 5.28377943, 5.49477702, 6.03105534, 6.37958243, 7.9820895, 11.27772869, 11.4672787, 12.61956204, 12.67775203, 17.26475785, 18.04562978, 39.41663544], "fractional occupation": [2.0, 2.0, 2.0, 2.0, 2.0, 2.0, 2.0, 2.0, 2.0, 2.0, 2.0, 2.0, 2.0, 2.0, 2.0, 2.0, 2.0, 2.0, 2.0, 2.0, 2.0, 2.0, 0.0, 0.0, 0.0, 0.0, 0.0, 0.0, 0.0, 0.0, 0.0, 0.0, 0.0, 0.0, 0.0, 0.0, 0.0, 0.0, 0.0, 0.0, 0.0, 0.0, 0.0, 0.0], "program call": "xtb /tmp/scratch/tmpnyyhf_e9/516874_12f22e_xyzopt.xyz --pop --wbo --acc 0.2 --gfn 2 --chrg 0 --uhf 0 --etemp 300 --input /tmp/scratch/tmpnyyhf_e9/516874_12f22e_xtb.inp", "method": "GFN2-xTB", "xtb version": "6.3.3 (7355c4f)", "Dipole module/D": 0.897, "Total charge": 0, "Transition dipole module/D": NaN, "HOMO": -10.3322, "LUMO": -6.4405, "HOMO occupancy": 2.0, "LUMO occupancy": 0, "mulliken charges": [-0.09187, -0.02348, 0.02244, -0.02835, -0.04139, 0.016, -0.08927, -0.04139, -0.02835, 0.06072, 0.03439, 0.03051, 0.03667, 0.03667, 0.04182, 0.03051, 0.03438], "cm5 charges": [-0.14498, -0.02819, 0.01496, -0.08118, -0.09554, -0.00212, -0.23478, -0.09554, -0.08118, 0.1164, 0.09187, 0.0878, 0.08944, 0.08944, 0.09396, 0.0878, 0.09187], "FUKUI+": [-0.105, -0.057, -0.082, -0.036, -0.026, -0.095, 0.033, -0.026, -0.036, -0.101, -0.075, -0.078, -0.051, -0.051, -0.06, -0.078, -0.075], "FUKUI-": [-0.104, -0.065, -0.066, -0.031, -0.029, -0.07, 0.024, -0.029, -0.031, -0.094, -0.066, -0.068, -0.068, -0.068, -0.101, -0.068, -0.066], "FUKUIrad": [-0.104, -0.061, -0.074, -0.034, -0.028, -0.082, 0.028, -0.028, -0.034, -0.098, -0.071, -0.073, -0.059, -0.059, -0.081, -0.073, -0.071], "s proportion": [1.089, 1.104, 1.063, 1.058, 1.057, 1.082, 1.005, 1.057, 1.058, 0.939, 0.966, 0.969, 0.963, 0.963, 0.958, 0.969, 0.966], "p proportion": [3.002, 2.919, 2.915, 2.97, 2.984, 2.902, 3.084, 2.984, 2.97, 0.0, 0.0, 0.0, 0.0, 0.0, 0.0, 0.0, 0.0], "d proportion": [0.0, 0.0, 0.0, 0.0, 0.0, 0.0, 0.0, 0.0, 0.0, 0.0, 0.0, 0.0, 0.0, 0.0, 0.0, 0.0, 0.0], "Fermi-level/eV": -8.3863, "Coordination numbers": [1.909, 1.981, 2.972, 2.926, 2.924, 2.966, 3.758, 2.924, 2.926, 0.928, 0.926, 0.926, 0.925, 0.925, 0.924, 0.926, 0.926], "Dispersion coefficient C6": [33.955, 31.674, 27.259, 28.759, 28.968, 27.618, 22.623, 28.968, 28.759, 2.053, 2.57, 2.614, 2.42, 2.42, 2.358, 2.613, 2.57], "Total dispersion C6": 3679.727038, "Total dispersion C8": 91473.687561, "Polarizability alpha": [9.411, 9.089, 8.564, 8.795, 8.826, 8.62, 6.781, 8.826, 8.795, 2.241, 2.507, 2.528, 2.433, 2.433, 2.401, 2.528, 2.507], "Total polarizability alpha": 97.283665, "Wiberg matrix": [[0.0, 2.829492144189515, 0.0, 0.0, 0.0, 0.0, 0.0, 0.0, 0.0, 0.9719214288541247, 0.0, 0.0, 0.0, 0.0, 0.0, 0.0, 0.0], [2.829492144189515, 0.0, 1.107878559965238, 0.0, 0.0, 0.0, 0.0, 0.0, 0.0, 0.0, 0.0, 0.0, 0.0, 0.0, 0.0, 0.0, 0.0], [0.0, 1.107878559965238, 0.0, 1.363217163732421, 0.0, 0.0, 0.0, 0.0, 1.3632234319065784, 0.0, 0.0, 0.0, 0.0, 0.0, 0.0, 0.0, 0.0], [0.0, 0.0, 1.363217163732421, 0.0, 1.461390290612662, 0.0, 0.0, 0.10398363345208834, 0.0, 0.0, 0.9709083032344678, 0.0, 0.0, 0.0, 0.0, 0.0, 0.0], [0.0, 0.0, 0.0, 1.461390290612662, 0.0, 1.4027900595845022, 0.0, 0.0, 0.10398245317789452, 0.0, 0.0, 0.9689521419519967, 0.0, 0.0, 0.0, 0.0, 0.0], [0.0, 0.0, 0.0, 0.0, 1.4027900595845022, 0.0, 1.0262494122592876, 1.4027918387653615, 0.0, 0.0, 0.0, 0.0, 0.0, 0.0, 0.0, 0.0, 0.0], [0.0, 0.0, 0.0, 0.0, 0.0, 1.0262494122592876, 0.0, 0.0, 0.0, 0.0, 0.0, 0.0, 0.9818708101334882, 0.9818705538243837, 0.966875926830806, 0.0, 0.0], [0.0, 0.0, 0.0, 0.10398363345208834, 0.0, 1.4027918387653615, 0.0, 0.0, 1.4613848278684836, 0.0, 0.0, 0.0, 0.0, 0.0, 0.0, 0.9689524477869392, 0.0], [0.0, 0.0, 1.3632234319065784, 0.0, 0.10398245317789452, 0.0, 0.0, 1.4613848278684836, 0.0, 0.0, 0.0, 0.0, 0.0, 0.0, 0.0, 0.0, 0.9709079968579034], [0.9719214288541247, 0.0, 0.0, 0.0, 0.0, 0.0, 0.0, 0.0, 0.0, 0.0, 0.0, 0.0, 0.0, 0.0, 0.0, 0.0, 0.0], [0.0, 0.0, 0.0, 0.9709083032344678, 0.0, 0.0, 0.0, 0.0, 0.0, 0.0, 0.0, 0.0, 0.0, 0.0, 0.0, 0.0, 0.0], [0.0, 0.0, 0.0, 0.0, 0.9689521419519967, 0.0, 0.0, 0.0, 0.0, 0.0, 0.0, 0.0, 0.0, 0.0, 0.0, 0.0, 0.0], [0.0, 0.0, 0.0, 0.0, 0.0, 0.0, 0.9818708101334882, 0.0, 0.0, 0.0, 0.0, 0.0, 0.0, 0.0, 0.0, 0.0, 0.0], [0.0, 0.0, 0.0, 0.0, 0.0, 0.0, 0.9818705538243837, 0.0, 0.0, 0.0, 0.0, 0.0, 0.0, 0.0, 0.0, 0.0, 0.0], [0.0, 0.0, 0.0, 0.0, 0.0, 0.0, 0.966875926830806, 0.0, 0.0, 0.0, 0.0, 0.0, 0.0, 0.0, 0.0, 0.0, 0.0], [0.0, 0.0, 0.0, 0.0, 0.0, 0.0, 0.0, 0.9689524477869392, 0.0, 0.0, 0.0, 0.0, 0.0, 0.0, 0.0, 0.0, 0.0], [0.0, 0.0, 0.0, 0.0, 0.0, 0.0, 0.0, 0.0, 0.9709079968579034, 0.0, 0.0, 0.0, 0.0, 0.0, 0.0, 0.0, 0.0]], "Born radii": [], "Atomic SASAs": [], "Solvent H bonds": [], "Total SASA": NaN, "Total FOD": 0.0, "FOD": [0.0, 0.0, 0.0, 0.0, 0.0, 0.0, 0.0, 0.0, 0.0, 0.0, 0.0, 0.0, 0.0, 0.0, 0.0, 0.0, 0.0], "FOD s proportion": [0.0, 0.0, 0.0, 0.0, 0.0, 0.0, 0.0, 0.0, 0.0, 0.0, 0.0, 0.0, 0.0, 0.0, 0.0, 0.0, 0.0], "FOD p proportion": [0.0, 0.0, 0.0, 0.0, 0.0, 0.0, 0.0, 0.0, 0.0, 0.0, 0.0, 0.0, 0.0, 0.0, 0.0, 0.0, 0.0],