{"total energy": -26.42551201, "HOMO-LUMO gap/eV": 4.66130903, "electronic energy": -26.97729053, "dipole": [-0.11269327, -0.02759847, -0.02956742], "partial charges": [-0.11511478, -0.02638986, -0.03453437, -0.05655049, 0.0121712, -0.03794584, -0.03051731, -0.03301779, -0.03051714, -0.03794597, 0.07069065, 0.0501217, 0.05011727, 0.03943862, 0.03943338, 0.02820231, 0.02817215, 0.02781146, 0.02817228, 0.02820253], "atomic dipole moments": [[0.31752103, 0.06382725, 0.06578655], [-0.41653124, -0.08287071, -0.08557304], [-0.03918018, 0.05175973, 0.07018392], [-0.01022288, -0.06360131, -0.08280576], [0.08279168, 0.01877132, 0.0199517], [-0.00212665, 0.00627436, -0.00481958], [-0.00132952, 0.00250564, -0.00141591], [0.00224463, 0.0010413, 0.00123901], [-0.00113424, -0.00209372, 0.00209182], [-0.00158164, -0.00641146, 0.00485396], [0.20176378, 0.0389906, 0.04011787], [-0.0306097, 0.0395164, -0.1202107], [-0.02345534, -0.12787299, 0.00742527], [0.02436915, 0.1248607, -0.00754645], [0.03139954, -0.03877682, 0.11727202], [0.07267817, -0.08661891, 0.09359913], [-0.06533473, -0.11634519, 0.06180709], [-0.14091607, -0.03024917, -0.03173816], [-0.07403966, 0.08659992, -0.09297207], [0.06394886, 0.11688105, -0.06160244]], "atomic quadrupole moments": [[-0.99039183, -0.30894228, 0.49489774, -0.31939374, -0.05515405, 0.49549409], [-0.84306345, -0.26545341, 0.42164326, -0.27440745, -0.04914966, 0.42142019], [0.08960878, -0.0650777, -0.08475146, -0.10037051, 0.13012738, -0.00485733], [0.16318925, -0.04217514, -0.11508719, -0.07565106, 0.11106369, -0.04810207], [-0.03048295, -0.07677422, -0.08660241, -0.11880733, 0.35315683, 0.11708536], [-0.17573597, -0.12653326, -0.0096469, -0.16455739, 0.3279588, 0.18538287], [-0.1916032, -0.13377422, -0.00515287, -0.17498576, 0.3382884, 0.19675607], [-0.19205343, -0.13015655, -0.0026828, -0.17393527, 0.33189833, 0.19473624], [-0.19194279, -0.12984021, -0.00422215, -0.17801649, 0.33832263, 0.19616495], [-0.17620834, -0.12099736, -0.00892477, -0.16879585, 0.32784468, 0.18513312], [-0.02568672, -0.0077355, 0.01291387, -0.00811516, -0.00155087, 0.01277285], [-0.02036663, -0.01553609, -0.0231772, 0.0127898, -0.02861821, 0.04354383], [-0.02288157, 0.01189652, 0.05499765, -0.01160965, -0.00884731, -0.03211608], [-0.01806628, 0.00771012, 0.05379304, -0.00377669, -0.01272457, -0.03572676], [-0.01669097, -0.00674561, -0.0236408, 0.01064985, -0.0330576, 0.04033177], [0.02779372, 0.0187964, 0.0005397, 0.02436487, -0.04659193, -0.02833342], [0.0287902, 0.01690396, -0.00136832, 0.02701171, -0.046977, -0.02742188], [0.02373792, 0.0175984, 0.00263203, 0.02394824, -0.04904035, -0.02636995], [0.02841609, 0.02121755, 0.00068798, 0.02364025, -0.04665747, -0.02910407], [0.02785069, 0.01816889, -0.00055512, 0.02489163, -0.04685605, -0.02729557]], "number of molecular orbitals": 50, "number of electrons": 50, "number of unpaired electrons": 0, "orbital energies/eV": [-17.53135117, -17.1416839, -16.73252354, -16.64809073, -16.31319147, -15.84141466, -15.56224334, -15.25172786, -14.42187597, -14.18050124, -14.00784757, -13.50133685, -13.3070997, -13.27085587, -13.10280624, -12.95395015, -12.65694806, -12.43459209, -12.16542932, -11.4952181, -11.41356564, -11.08350459, -10.96736498, -10.89200417, -10.67789987, -6.01659083, -6.00700695, -3.99600663, -3.8830997, -2.47442811, 1.75223868, 3.05154258, 3.30829345, 3.63867282, 3.83956999, 4.49092427, 5.11960183, 5.18604555, 5.24619946, 5.51814393, 6.02362623, 7.48952782, 9.35340467, 10.99871609, 11.32672168, 12.28258091, 12.57280035, 17.23181608, 18.12442047, 39.24738251], "fractional occupation": [2.0, 2.0, 2.0, 2.0, 2.0, 2.0, 2.0, 2.0, 2.0, 2.0, 2.0, 2.0, 2.0, 2.0, 2.0, 2.0, 2.0, 2.0, 2.0, 2.0, 2.0, 2.0, 2.0, 2.0, 2.0, 0.0, 0.0, 0.0, 0.0, 0.0, 0.0, 0.0, 0.0, 0.0, 0.0, 0.0, 0.0, 0.0, 0.0, 0.0, 0.0, 0.0, 0.0, 0.0, 0.0, 0.0, 0.0, 0.0, 0.0, 0.0], "program call": "xtb /tmp/scratch/tmppuxxofe0/517734_a2fee2_xyzopt.xyz --pop --wbo --acc 0.2 --gfn 2 --chrg 0 --uhf 0 --etemp 300 --input /tmp/scratch/tmppuxxofe0/517734_a2fee2_xtb.inp", "method": "GFN2-xTB", "xtb version": "6.3.3 (7355c4f)", "Dipole module/D": 0.304, "Total charge": 0, "Transition dipole module/D": NaN, "HOMO": -10.6779, "LUMO": -6.0166, "HOMO occupancy": 2.0, "LUMO occupancy": 0, "mulliken charges": [-0.10707, -0.02562, -0.01731, -0.04462, 0.00626, -0.04149, -0.02563, -0.03251, -0.02563, -0.04149, 0.0599, 0.03987, 0.03988, 0.0346, 0.03459, 0.02909, 0.02933, 0.0294, 0.02934, 0.02909], "cm5 charges": [-0.16074, -0.03837, -0.11913, -0.1481, -0.01, -0.09585, -0.08196, -0.08893, -0.08196, -0.09585, 0.11563, 0.09616, 0.09616, 0.09129, 0.09129, 0.08648, 0.08577, 0.08584, 0.08577, 0.08648], "FUKUI+": [-0.056, -0.038, 0.003, 0.015, -0.075, -0.042, -0.044, -0.061, -0.044, -0.042, -0.06, -0.025, -0.025, -0.044, -0.044, -0.08, -0.084, -0.089, -0.084, -0.08], "FUKUI-": [-0.088, -0.066, -0.002, 0.004, -0.05, -0.027, -0.029, -0.056, -0.029, -0.027, -0.082, -0.061, -0.061, -0.056, -0.056, -0.056, -0.065, -0.072, -0.065, -0.056], "FUKUIrad": [-0.072, -0.052, 0.0, 0.009, -0.062, -0.034, -0.037, -0.059, -0.037, -0.034, -0.071, -0.043, -0.043, -0.05, -0.05, -0.068, -0.075, -0.08, -0.075, -0.068], "s proportion": [1.085, 1.107, 1.019, 1.031, 1.084, 1.058, 1.056, 1.055, 1.056, 1.058, 0.94, 0.96, 0.96, 0.965, 0.965, 0.971, 0.971, 0.971, 0.971, 0.971], "p proportion": [3.022, 2.918, 2.998, 3.014, 2.91, 2.984, 2.97, 2.977, 2.97, 2.984, 0.0, 0.0, 0.0, 0.0, 0.0, 0.0, 0.0, 0.0, 0.0, 0.0], "d proportion": [0.0, 0.0, 0.0, 0.0, 0.0, 0.0, 0.0, 0.0, 0.0, 0.0, 0.0, 0.0, 0.0, 0.0, 0.0, 0.0, 0.0, 0.0, 0.0, 0.0], "Fermi-level/eV": -8.3472, "Coordination numbers": [1.909, 1.967, 3.806, 3.813, 2.971, 2.925, 2.919, 2.92, 2.919, 2.925, 0.928, 0.924, 0.924, 0.924, 0.924, 0.925, 0.926, 0.926, 0.926, 0.925], "Dispersion coefficient C6": [34.313, 31.77, 21.187, 21.58, 27.739, 28.944, 28.762, 28.823, 28.762, 28.944, 2.077, 2.318, 2.319, 2.456, 2.456, 2.612, 2.612, 2.618, 2.612, 2.612], "Total dispersion C6": 4693.560308, "Total dispersion C8": 114654.462231, "Polarizability alpha": [9.46, 9.102, 6.553, 6.612, 8.639, 8.823, 8.795, 8.804, 8.795, 8.823, 2.254, 2.381, 2.381, 2.451, 2.451, 2.527, 2.528, 2.53, 2.528, 2.527], "Total polarizability alpha": 108.962868,