{"total energy": -26.43964091, "HOMO-LUMO gap/eV": 3.86716994, "electronic energy": -26.99346742, "dipole": [0.07194287, -0.0881917, -0.03572619], "partial charges": [-0.10526424, -0.02057084, 0.02514709, -0.04109212, 0.01250621, -0.10746533, -0.04147653, -0.04111898, 0.01317567, -0.10596368, 0.07053475, 0.03038497, 0.04109043, 0.04073127, 0.04501931, 0.02683737, 0.02653117, 0.04615692, 0.03871633, 0.04612024], "atomic dipole moments": [[-0.18182424, 0.2676868, 0.03862304], [0.20990028, -0.30650819, -0.04413482], [-0.00090181, -0.01196685, -0.00165365], [-0.00319293, -0.00742683, -0.00214951], [0.09321832, 0.00424033, 0.00298509], [-0.06582004, -0.00488086, -0.00754665], [-2.994e-05, 0.00856067, 0.00037433], [0.00382196, 0.00421616, 0.00077677], [-0.08884986, -0.00287988, -0.00128594], [0.0651488, 0.01130981, 0.00247738], [-0.11749845, 0.1717393, 0.02439186], [0.05810963, 0.13574099, 0.02187238], [0.03487383, 0.09633934, 0.0752353], [0.05515419, -0.10657027, 0.04136601], [0.0455105, 0.02413322, -0.11699289], [0.08337495, -0.12003375, -0.01718619], [-0.0579049, -0.13295387, -0.02123426], [-0.05278337, 0.04371966, 0.10879138], [-0.0336937, -0.119984, -0.01747721], [-0.0495121, 0.07221494, -0.0941218]], "atomic quadrupole moments": [[0.01700553, 0.76381901, -0.57433759, 0.10885181, -0.16614296, 0.55733206], [0.062119, 0.71111901, -0.49421928, 0.10371876, -0.134727, 0.43210027], [-0.22747578, -0.03618777, -0.19363845, -0.01623411, -0.09780857, 0.42111423], [-0.22439781, -0.00043131, -0.24140792, -0.0112204, -0.11312022, 0.46580573], [-0.07495528, 0.02843855, -0.32137317, -0.00141602, -0.11282862, 0.39632845], [0.18714735, 0.02450979, -0.07052217, 0.00267686, 0.00687014, -0.11662518], [-0.23895644, 0.00202349, -0.23387989, -0.01125702, -0.11029328, 0.47283633], [-0.24138037, 0.01231184, -0.23096404, -0.00944478, -0.11020831, 0.47234441], [-0.08642219, 0.03524921, -0.30393207, -0.00174572, -0.10897141, 0.39035426], [0.1858259, 0.02327581, -0.06999692, 0.00835506, 0.00751647, -0.11582898], [0.00108345, 0.02013533, -0.01513918, 0.00280116, -0.00414007, 0.01405574], [0.03634045, 0.00102438, 0.02970305, 0.00190138, 0.01513979, -0.0660435], [-0.02115925, 0.0139336, 0.02759343, 0.01504852, 0.06783719, -0.00643418], [-0.01243241, -0.03220901, 0.05581279, 0.01856016, -0.0414568, -0.04338038], [-0.0272889, 0.00673172, -0.04519126, -0.02990334, -0.02354518, 0.07248016], [0.03741097, 0.00093037, 0.03198783, 0.00189058, 0.01603369, -0.06939879], [0.03739472, -0.00148563, 0.03233409, 0.0016195, 0.01601532, -0.06972882], [-0.0197117, -0.00431261, -0.03421243, -0.03609022, 0.04256022, 0.05392413], [-0.02058991, 0.02285821, 0.07704622, 0.00379196, 0.01961104, -0.0564563], [-0.02229649, -0.01236306, -0.00458028, 0.03174399, -0.0600258, 0.02687676]], "number of molecular orbitals": 50, "number of electrons": 50, "number of unpaired electrons": 0, "orbital energies/eV": [-17.50375022, -17.0047439, -16.75063599, -16.4250245, -16.34117226, -15.77010868, -15.58764843, -15.20881365, -14.30879469, -13.85262798, -13.78972748, -13.53268902, -13.26720037, -13.19984172, -12.81912274, -12.76566709, -12.6856795, -12.38248498, -12.25412304, -11.69100867, -11.66995398, -11.38811802, -10.96460357, -10.6016744, -10.25216773, -6.38499779, -5.81023505, -4.05822708, -3.63205005, -1.51888403, 1.88062517, 2.89052425, 3.4120042, 4.15958731, 4.43404302, 4.81010491, 5.19635244, 5.45205717, 6.02736622, 6.09886859, 6.14668059, 6.42799356, 8.34760204, 11.01710397, 11.81271884, 12.63570405, 13.08045562, 17.53520723, 17.91243532, 39.40646244], "fractional occupation": [2.0, 2.0, 2.0, 2.0, 2.0, 2.0, 2.0, 2.0, 2.0, 2.0, 2.0, 2.0, 2.0, 2.0, 2.0, 2.0, 2.0, 2.0, 2.0, 2.0, 2.0, 2.0, 2.0, 2.0, 2.0, 0.0, 0.0, 0.0, 0.0, 0.0, 0.0, 0.0, 0.0, 0.0, 0.0, 0.0, 0.0, 0.0, 0.0, 0.0, 0.0, 0.0, 0.0, 0.0, 0.0, 0.0, 0.0, 0.0, 0.0, 0.0], "program call": "xtb /tmp/scratch/tmpfgn69m5b/519175_3342b2_xyzopt.xyz --pop --wbo --acc 0.2 --gfn 2 --chrg 0 --uhf 0 --etemp 300 --input /tmp/scratch/tmpfgn69m5b/519175_3342b2_xtb.inp", "method": "GFN2-xTB", "xtb version": "6.3.3 (7355c4f)", "Dipole module/D": 0.303, "Total charge": 0, "Transition dipole module/D": NaN, "HOMO": -10.2522, "LUMO": -6.385, "HOMO occupancy": 2.0, "LUMO occupancy": 0, "mulliken charges": [-0.0947, -0.02221, 0.01517, -0.04403, 0.01275, -0.08877, -0.04179, -0.03993, 0.00941, -0.0868, 0.06018, 0.03342, 0.03623, 0.03566, 0.04058, 0.02933, 0.02985, 0.04116, 0.03326, 0.04123], "cm5 charges": [-0.14806, -0.02733, 0.00972, -0.09472, -0.00519, -0.23426, -0.09604, -0.09404, -0.00526, -0.23136, 0.11587, 0.09182, 0.089, 0.08843, 0.09272, 0.08661, 0.08714, 0.09435, 0.08624, 0.09435], "FUKUI+": [-0.102, -0.056, -0.079, -0.031, -0.045, 0.026, -0.072, -0.024, -0.051, 0.026, -0.1, -0.071, -0.041, -0.041, -0.047, -0.086, -0.076, -0.041, -0.046, -0.041], "FUKUI-": [-0.081, -0.043, -0.046, -0.014, -0.058, 0.023, -0.046, -0.019, -0.066, 0.024, -0.08, -0.057, -0.058, -0.058, -0.084, -0.069, -0.064, -0.075, -0.055, -0.076], "FUKUIrad": [-0.092, -0.05, -0.062, -0.023, -0.052, 0.024, -0.059, -0.022, -0.058, 0.025, -0.09, -0.064, -0.05, -0.05, -0.066, -0.078, -0.07, -0.058, -0.05, -0.059], "s proportion": [1.09, 1.106, 1.064, 1.06, 1.08, 1.005, 1.057, 1.057, 1.083, 1.004, 0.94, 0.967, 0.964, 0.964, 0.959, 0.971, 0.97, 0.959, 0.967, 0.959], "p proportion": [3.005, 2.917, 2.921, 2.984, 2.908, 3.084, 2.984, 2.983, 2.908, 3.083, 0.0, 0.0, 0.0, 0.0, 0.0, 0.0, 0.0, 0.0, 0.0, 0.0], "d proportion": [0.0, 0.0, 0.0, 0.0, 0.0, 0.0, 0.0, 0.0, 0.0, 0.0, 0.0, 0.0, 0.0, 0.0, 0.0, 0.0, 0.0, 0.0, 0.0, 0.0], "Fermi-level/eV": -8.3186, "Coordination numbers": [1.909, 1.982, 2.976, 2.934, 2.965, 3.758, 2.924, 2.922, 2.973, 3.757, 0.928, 0.926, 0.925, 0.925, 0.924, 0.926, 0.926, 0.925, 0.925, 0.925], "Dispersion coefficient C6": [34.024, 31.601, 27.438, 29.021, 27.733, 22.606, 29.031, 29.022, 27.716, 22.577, 2.079, 2.581, 2.434, 2.439, 2.383, 2.632, 2.636, 2.368, 2.466, 2.369], "Total dispersion C6": 4684.268658, "Total dispersion C8": 114530.453199, "Polarizability alpha": [9.42, 9.078, 8.592, 8.835, 8.638, 6.779, 8.836, 8.834, 8.636, 6.775, 2.255, 2.512, 2.44, 2.442, 2.414, 2.537, 2.539, 2.407, 2.456, 2.407], "Total polarizability alpha": 108.830965,