{"total energy": -22.15354543, "HOMO-LUMO gap/eV": 13.0797689, "electronic energy": -22.48209359, "dipole": [0.00733015, 0.00078994, -0.01091308], "partial charges": [-0.10532996, -0.01335889, -0.05904078, -0.05436781, -0.05515026, -0.05436781, -0.05904078, 0.03229622, 0.03229622, 0.03271928, 0.02695378, 0.03127915, 0.0254389, 0.02512541, 0.02884272, 0.02447585, 0.03054257, 0.02884272, 0.02512541, 0.03127915, 0.0254389], "atomic dipole moments": [[-0.08599559, 0.00339419, 0.03590054], [-0.00107598, 0.01374972, -0.09928739], [-0.05049548, -0.0796187, 0.05870163], [0.03304726, -0.06952228, -0.07688571], [0.089507, -0.01712396, 0.0615254], [0.0475303, 0.08002759, -0.0563324], [-0.0360967, 0.06906107, 0.07913539], [0.07077163, 0.08767455, 0.05056215], [0.05165696, -0.10970094, 0.02343594], [0.0005069, 0.01675965, -0.12230358], [0.00557898, -0.01723427, 0.12146856], [-0.00234507, 0.0208944, -0.12075134], [0.06779776, 0.08787089, 0.05094691], [-0.0489156, 0.10944066, -0.02423724], [0.00271344, -0.01319995, 0.12181853], [-0.11301552, 0.00450948, 0.04682535], [-0.00912048, 0.01749581, -0.12087601], [0.00199673, -0.02060058, 0.12080143], [-0.06801051, -0.08773074, -0.0513354], [-0.00311207, 0.01297451, -0.12183981], [0.04869039, -0.10942917, 0.02383105]], "atomic quadrupole moments": [[0.18101454, -0.01133199, -0.10425324, -0.11858969, 0.00770102, -0.0767613], [0.11058117, 0.00268558, 0.09726623, -0.02436433, 0.04518187, -0.2078474], [0.12866417, -0.11718875, 0.04697024, -0.09225581, -0.05107031, -0.17563441], [0.16505746, 0.11360584, -0.03579006, -0.03732601, 0.10414384, -0.12926739], [-0.04504784, 0.01188435, 0.2087871, 0.09734357, 0.04273624, -0.16373926], [0.11862917, -0.12175426, 0.05396003, -0.08553341, -0.04729762, -0.1725892], [0.17309596, 0.10786014, -0.0428516, -0.04473635, 0.10789065, -0.13024435], [-0.00222955, 0.04852769, 0.02084676, 0.02207991, 0.04957778, -0.0186172], [-0.02000883, -0.04128457, 0.06175648, 0.00131484, -0.03176175, -0.04174765], [-0.0306294, -0.00360808, -0.05133693, 0.00951108, -0.01966095, 0.08196634], [-0.01837751, 1.752e-05, -0.01406781, 0.00225804, -0.00673823, 0.03244532], [-0.02522908, -0.01353895, -0.0336528, 0.00473982, -0.0083345, 0.05888188], [0.00340897, 0.02816025, 0.01394907, 0.02480081, 0.03556797, -0.01735805], [-0.00741693, -0.02702633, 0.04159651, 0.01131949, -0.02429805, -0.03417958], [-0.01867784, 0.01091171, -0.03639834, 0.00659338, -0.01819033, 0.05507619], [0.04106217, -0.00032492, -0.02058539, -0.04071108, 0.00399891, -0.02047678], [-0.04519465, 0.00309012, -0.01276072, -0.00037038, -0.00982746, 0.05795537], [-0.02380546, -0.01543965, -0.0338748, 0.00387249, -0.00854304, 0.05768026], [0.00348766, 0.02792181, 0.01368476, 0.02504912, 0.03565755, -0.01717242], [-0.02078635, 0.00931903, -0.03529535, 0.00690564, -0.0186347, 0.0560817], [-0.00755997, -0.02712151, 0.04183113, 0.01105866, -0.02404756, -0.03427116]], "number of molecular orbitals": 42, "number of electrons": 42, "number of unpaired electrons": 0, "orbital energies/eV": [-17.14882505, -16.66418713, -16.4577147, -15.89289892, -15.40442817, -15.13023924, -14.86564429, -13.99534276, -13.65022169, -13.50455691, -13.30981054, -13.13032393, -12.61990966, -12.52698091, -12.3060082, -12.10579646, -11.77189054, -11.63676608, -11.32315378, -11.13264581, -11.03892901, 2.04083988, 2.44095863, 2.55018575, 3.11790384, 3.14904211, 3.15653095, 3.68490827, 4.70276421, 5.03074717, 5.04087922, 5.12359917, 5.37409225, 5.49989761, 6.38925468, 6.57113871, 6.68691871, 7.09914125, 7.72934516, 8.01900019, 8.51675697, 8.51796094], "fractional occupation": [2.0, 2.0, 2.0, 2.0, 2.0, 2.0, 2.0, 2.0, 2.0, 2.0, 2.0, 2.0, 2.0, 2.0, 2.0, 2.0, 2.0, 2.0, 2.0, 2.0, 2.0, 0.0, 0.0, 0.0, 0.0, 0.0, 0.0, 0.0, 0.0, 0.0, 0.0, 0.0, 0.0, 0.0, 0.0, 0.0, 0.0, 0.0, 0.0, 0.0, 0.0, 0.0], "program call": "xtb /tmp/scratch/tmpnh5ikh0e/5193_0_xyzopt.xyz --pop --wbo --acc 0.2 --gfn 2 --chrg 0 --uhf 0 --etemp 300 --input /tmp/scratch/tmpnh5ikh0e/5193_0_xtb.inp", "method": "GFN2-xTB", "xtb version": "6.3.3 (7355c4f)", "Dipole module/D": 0.033, "Total charge": 0, "Transition dipole module/D": NaN, "HOMO": -11.0389, "LUMO": 2.0408, "HOMO occupancy": 2.0, "LUMO occupancy": 0, "mulliken charges": [-0.09209, -0.00595, -0.05291, -0.04511, -0.04678, -0.04511, -0.05291, 0.02922, 0.02922, 0.02791, 0.01899, 0.02338, 0.02405, 0.02402, 0.02275, 0.0239, 0.0232, 0.02275, 0.02402, 0.02338, 0.02405], "cm5 charges": [-0.2429, -0.07874, -0.16191, -0.15578, -0.15752, -0.15578, -0.16191, 0.08152, 0.08152, 0.0808, 0.07835, 0.08028, 0.07946, 0.07865, 0.07885, 0.07853, 0.07932, 0.07885, 0.07865, 0.08028, 0.07946], "FUKUI+": [0.005, -0.024, 0.003, 0.005, 0.019, 0.005, 0.003, -0.07, -0.07, -0.06, -0.091, -0.075, -0.065, -0.074, -0.069, -0.083, -0.075, -0.069, -0.074, -0.075, -0.065], "FUKUI-": [0.023, -0.022, 0.0, 0.003, -0.001, 0.003, 0.0, -0.071, -0.071, -0.05, -0.06, -0.059, -0.095, -0.107, -0.057, -0.071, -0.051, -0.057, -0.107, -0.059, -0.095], "FUKUIrad": [0.014, -0.023, 0.002, 0.004, 0.009, 0.004, 0.002, -0.071, -0.071, -0.055, -0.076, -0.067, -0.08, -0.09, -0.063, -0.077, -0.063, -0.063, -0.09, -0.067, -0.08], "s proportion": [1.009, 1.051, 1.031, 1.027, 1.027, 1.027, 1.031, 0.971, 0.971, 0.972, 0.981, 0.977, 0.976, 0.976, 0.977, 0.976, 0.977, 0.977, 0.976, 0.977, 0.976], "p proportion": [3.083, 2.954, 3.022, 3.018, 3.02, 3.018, 3.022, 0.0, 0.0, 0.0, 0.0, 0.0, 0.0, 0.0, 0.0, 0.0, 0.0, 0.0, 0.0, 0.0, 0.0], "d proportion": [0.0, 0.0, 0.0, 0.0, 0.0, 0.0, 0.0, 0.0, 0.0, 0.0, 0.0, 0.0, 0.0, 0.0, 0.0, 0.0, 0.0, 0.0, 0.0, 0.0, 0.0], "Fermi-level/eV": -4.499, "Coordination numbers": [3.755, 3.854, 3.809, 3.805, 3.806, 3.805, 3.809, 0.925, 0.925, 0.925, 0.924, 0.924, 0.924, 0.924, 0.924, 0.924, 0.924, 0.924, 0.924, 0.924, 0.924], "Dispersion coefficient C6": [22.568, 20.777, 21.63, 21.547, 21.561, 21.547, 21.63, 2.554, 2.554, 2.548, 2.63, 2.568, 2.652, 2.657, 2.603, 2.666, 2.579, 2.603, 2.657, 2.568, 2.652], "Total dispersion C6": 3031.022099, "Total dispersion C8": 64121.143384, "Polarizability alpha": [6.774, 6.483, 6.62, 6.608, 6.61, 6.608, 6.62, 2.499, 2.499, 2.496, 2.536, 2.506, 2.547, 2.549, 2.523, 2.554, 2.511, 2.523, 2.549, 2.506, 2.547], "Total polarizability alpha": 81.669927,