{"total energy": -24.05548471, "HOMO-LUMO gap/eV": 10.85107105, "electronic energy": -24.36182686, "dipole": [0.02263589, -0.15871693, 0.45812419], "partial charges": [-0.11356826, 0.12459747, -0.11506699, -0.33219799, 0.12459747, -0.11356826, -0.11506699, 0.04861886, 0.03918029, 0.05310658, 0.00896474, 0.03602481, 0.03619287, 0.04804863, 0.00896474, 0.03918029, 0.05310658, 0.04861886, 0.04804863, 0.03619287, 0.03602481], "atomic dipole moments": [[-0.05583084, 0.03536647, 0.09031804], [-0.10756682, 0.11545515, -0.10036548], [-0.04901243, -0.07623068, -0.0401951], [0.01303894, -0.09142559, 0.26389291], [0.09474148, -0.02552714, -0.15920478], [0.06246069, -0.08185327, 0.04386252], [0.04758562, 0.08623507, 0.0113182], [-0.06575302, -0.0891886, -0.05981884], [0.10665311, -0.04630414, 0.04379016], [0.02211089, 0.09360342, -0.08187995], [-0.02727913, -0.0889155, 0.07655057], [0.10493312, -0.04703833, 0.04802782], [-0.06770172, 0.04787162, 0.09340062], [0.02721748, 0.09417961, -0.08000006], [0.03661181, 0.02347717, 0.11233212], [-0.10092167, 0.00611675, 0.07220762], [-0.03207823, -0.02371505, -0.11984741], [0.06292099, 0.10904609, 0.00250173], [-0.03701469, -0.02548423, -0.11828384], [0.07416991, -0.09322484, 0.03750793], [-0.09881368, 0.00413048, 0.07582237]], "atomic quadrupole moments": [[0.00632273, -0.07944188, -0.09537193, -0.15914535, 0.11475487, 0.0890492], [0.215799, -0.16341079, -0.1394503, 0.13399796, 0.07611513, -0.0763487], [-0.00916061, 0.12372176, 0.05989994, 0.08723139, 0.13540458, -0.05073933], [0.11826409, -0.07136415, -0.12327365, -0.02960615, -0.04592275, 0.00500956], [0.17937926, -0.04253513, -0.04399041, -0.23600719, -0.05142641, -0.13538885], [0.0293278, -0.17235588, 0.07657237, 0.06883658, -0.09962699, -0.10590017], [-0.01792397, 0.14742727, 0.15831235, -0.00366354, 0.00890411, -0.14038838], [-0.00530429, 0.05311304, 0.01920389, 0.0211421, 0.04443264, -0.0138996], [0.05381121, -0.04771856, -0.03444051, 0.04096577, -0.01416368, -0.0193707], [-0.04567492, 0.01573329, 0.035813, -0.02132746, -0.05559436, 0.00986192], [0.00035589, 0.00017512, 0.00079157, -0.00091642, -0.01636096, -0.00114746], [0.04964651, -0.04523662, -0.01756816, 0.04669233, -0.01356699, -0.03207835], [0.00559464, -0.01859628, -0.02694813, -0.05916492, 0.03498298, 0.0213535], [-0.0463594, 0.02404068, 0.02550262, -0.01569373, -0.0556831, 0.02085678], [0.0006038, 0.00049289, -0.01585318, 0.00199739, 0.00482059, 0.01524938], [0.04315802, -0.00975174, -0.04310844, -0.06636107, -0.00500093, -4.959e-05], [-0.0401756, 0.00101511, -0.02815817, 0.03576701, 0.02660077, 0.06833377], [-0.00606728, 0.05337553, 0.05303462, 0.01260419, 0.00133591, -0.04696734], [-0.04126112, 0.01011156, -0.02981665, 0.03713856, 0.01545476, 0.07107777], [0.01474137, -0.0541769, 0.02232139, 0.03195153, -0.02600419, -0.03706276], [0.03809028, -0.00336389, -0.03661358, -0.06949394, 0.00861862, -0.00147669]], "number of molecular orbitals": 42, "number of electrons": 44, "number of unpaired electrons": 0, "orbital energies/eV": [-18.59401696, -17.44270253, -16.72919745, -16.22466526, -16.10733551, -15.62469883, -15.45984415, -14.78654436, -14.06158492, -14.06112, -13.46544118, -13.32511465, -13.01925896, -12.66248154, -12.61493205, -12.53486413, -12.35235638, -12.27343837, -12.02915943, -11.88487593, -11.48632795, -10.45570696, 0.39536408, 2.48975899, 2.79793352, 3.129322, 3.19889882, 3.49414576, 3.9625292, 4.50920828, 4.58824856, 4.71232978, 5.54025849, 5.54115892, 6.37762615, 6.41870606, 6.64025966, 6.89536598, 7.00672397, 7.21378417, 7.94856403, 8.61627133], "fractional occupation": [2.0, 2.0, 2.0, 2.0, 2.0, 2.0, 2.0, 2.0, 2.0, 2.0, 2.0, 2.0, 2.0, 2.0, 2.0, 2.0, 2.0, 2.0, 2.0, 2.0, 2.0, 2.0, 0.0, 0.0, 0.0, 0.0, 0.0, 0.0, 0.0, 0.0, 0.0, 0.0, 0.0, 0.0, 0.0, 0.0, 0.0, 0.0, 0.0, 0.0, 0.0, 0.0], "program call": "xtb /tmp/scratch/tmpdghalz73/5212_0_xyzopt.xyz --pop --wbo --acc 0.2 --gfn 2 --chrg 0 --uhf 0 --etemp 300 --input /tmp/scratch/tmpdghalz73/5212_0_xtb.inp", "method": "GFN2-xTB", "xtb version": "6.3.3 (7355c4f)", "Dipole module/D": 1.234, "Total charge": 0, "Transition dipole module/D": NaN, "HOMO": -10.4557, "LUMO": 0.3954, "HOMO occupancy": 2.0, "LUMO occupancy": 0, "mulliken charges": [-0.09758, 0.23283, -0.11172, -0.47611, 0.23283, -0.09758, -0.11172, 0.03965, 0.02481, 0.04145, 0.00677, 0.02766, 0.03399, 0.04019, 0.00677, 0.02481, 0.04145, 0.03965, 0.04019, 0.03399, 0.02766], "cm5 charges": [-0.24531, 0.1858, -0.26004, -0.57125, 0.1858, -0.24531, -0.26004, 0.09433, 0.07767, 0.09678, 0.07279, 0.08042, 0.08822, 0.09497, 0.07279, 0.07767, 0.09678, 0.09433, 0.09497, 0.08822, 0.08042], "FUKUI+": [0.025, -0.039, 0.029, -0.164, -0.039, 0.025, 0.029, -0.046, -0.088, -0.053, -0.078, -0.079, -0.038, -0.05, -0.078, -0.088, -0.053, -0.046, -0.05, -0.038, -0.079], "FUKUI-": [0.019, 0.0, 0.0, -0.167, 0.0, 0.019, 0.0, -0.059, -0.06, -0.062, -0.088, -0.066, -0.049, -0.052, -0.088, -0.06, -0.062, -0.059, -0.052, -0.049, -0.066], "FUKUIrad": [0.022, -0.019, 0.015, -0.165, -0.019, 0.022, 0.015, -0.052, -0.074, -0.058, -0.083, -0.073, -0.043, -0.051, -0.083, -0.074, -0.058, -0.052, -0.051, -0.043, -0.073], "s proportion": [1.011, 1.012, 1.015, 1.688, 1.012, 1.011, 1.015, 0.96, 0.975, 0.959, 0.993, 0.972, 0.966, 0.96, 0.993, 0.975, 0.959, 0.96, 0.96, 0.966, 0.972], "p proportion": [3.087, 2.755, 3.097, 4.788, 2.755, 3.087, 3.097, 0.0, 0.0, 0.0, 0.0, 0.0, 0.0, 0.0, 0.0, 0.0, 0.0, 0.0, 0.0, 0.0, 0.0], "d proportion": [0.0, 0.0, 0.0, 0.0, 0.0, 0.0, 0.0, 0.0, 0.0, 0.0, 0.0, 0.0, 0.0, 0.0, 0.0, 0.0, 0.0, 0.0, 0.0, 0.0, 0.0], "Fermi-level/eV": -5.0302, "Coordination numbers": [3.754, 3.736, 3.752, 1.701, 3.736, 3.754, 3.752, 0.925, 0.925, 0.925, 0.923, 0.925, 0.925, 0.925, 0.923, 0.925, 0.925, 0.925, 0.925, 0.925, 0.925], "Dispersion coefficient C6": [22.731, 18.63, 22.763, 19.565, 18.63, 22.731, 22.763, 2.337, 2.46, 2.281, 2.907, 2.502, 2.5, 2.344, 2.907, 2.46, 2.281, 2.337, 2.344, 2.5, 2.502], "Total dispersion C6": 2920.004775, "Total dispersion C8": 60019.908805, "Polarizability alpha": [6.798, 6.16, 6.804, 5.972, 6.16, 6.798, 6.804, 2.391, 2.453, 2.362, 2.667, 2.474, 2.473, 2.394, 2.667, 2.453, 2.362, 2.391, 2.394, 2.473, 2.474], "Total polarizability alpha": 79.920885,