{"total energy": -21.04704775, "HOMO-LUMO gap/eV": 4.93995498, "electronic energy": -21.42276985, "dipole": [-0.01185985, 0.11582968, -0.09948766], "partial charges": [-0.09483804, -0.027341, -0.05348012, -0.06053554, 0.01751341, -0.10873729, -0.10842571, 0.03292879, 0.03450134, 0.03013891, 0.03701172, 0.0394642, 0.03766405, 0.03700153, 0.02959194, 0.0298877, 0.0430158, 0.04022724, 0.04441109], "atomic dipole moments": [[-0.06162386, 0.03400614, -0.01992787], [0.14831652, 0.00031224, 0.02344778], [-0.00348003, -0.08088371, -0.06108789], [0.0053085, 0.07858518, 0.06839563], [-0.12289252, 0.07864979, -0.09253482], [0.04548864, -0.02992694, 0.0358767], [-0.01608184, -0.05484805, 0.03339402], [-0.13119614, -0.06417228, 0.0002701], [0.00995434, 0.1386966, -0.04546452], [-0.0166702, -0.13775409, 0.04362531], [-0.00463889, 0.12026722, -0.03132714], [0.04989708, -0.0089054, 0.11543214], [-0.00167634, -0.12055504, 0.03163623], [-0.04705734, 0.01162103, -0.11616576], [-0.0306258, -0.12153449, 0.07475871], [0.13640876, 0.05218464, 0.00640773], [-0.01986901, -0.01958662, -0.12367914], [0.11946115, 0.03683316, 0.01592339], [-0.07514147, 0.09532297, 0.03414192]], "atomic quadrupole moments": [[-0.29926181, -0.00700071, -0.19710397, -0.1484168, 0.27703758, 0.49636578], [-0.18475162, 0.1108155, -0.24227744, -0.16866719, 0.29549313, 0.42702906], [0.14519335, -0.00628685, -0.06384057, -0.11495597, 0.11653388, -0.08135278], [0.14831532, -0.01806774, -0.07366103, -0.10608053, 0.10682217, -0.07465429], [-0.19456947, 0.06776137, 0.0378164, -0.24704737, 0.31384254, 0.15675306], [-0.23541458, -0.07726656, -0.01080823, -0.19679499, 0.37970271, 0.24622281], [-0.06548396, 0.03805147, 0.08871975, -0.01280946, -0.13406605, -0.02323579], [0.0462201, 0.0176033, 0.01320755, 0.0129039, -0.02561012, -0.05942765], [0.00960848, 0.00748983, 0.04302135, 0.01024162, -0.03649936, -0.05262983], [0.03587138, 0.00039833, 0.0208273, 0.01988624, -0.03186944, -0.05669868], [-0.02131883, -0.00376539, 0.04810206, -0.00651928, -0.03094156, -0.02678323], [-0.01753834, -0.00862447, -0.03114702, 0.02792525, -0.01073706, 0.04868536], [-0.01639168, -0.00394054, 0.04855363, -0.00571871, -0.0297897, -0.03216195], [-0.01672962, -0.00448121, -0.03168945, 0.02311066, -0.01599597, 0.04841906], [0.00859932, 0.01890456, 0.01791995, 0.0112854, -0.05499864, -0.02651927], [0.04585172, 0.02544988, -0.0071509, 0.01746892, -0.03459088, -0.03870082], [-0.04219528, 0.01382583, -0.03412992, 0.02198735, 0.0269826, 0.07632519], [0.07239091, 0.03142952, -0.0292567, 0.02395821, -0.00952703, -0.04313422], [0.01124072, -0.05486937, 0.02368842, -0.0339286, 0.02731661, -0.03492914]], "number of molecular orbitals": 40, "number of electrons": 40, "number of unpaired electrons": 0, "orbital energies/eV": [-17.10480871, -16.8466858, -16.33823312, -15.98012854, -15.59174356, -14.81706191, -14.43892353, -13.99882987, -13.61701445, -13.5484171, -13.22906812, -12.83285615, -12.66841367, -12.4850238, -12.14504007, -11.81396088, -11.61740941, -11.4165981, -10.91405836, -10.48949475, -5.54953978, -5.1455174, 2.41733093, 2.94129963, 3.31236073, 3.52831721, 3.86096223, 4.4461552, 5.09893906, 5.39836151, 5.55873476, 5.75882601, 6.00718653, 6.41097921, 6.80862255, 7.73803006, 11.29976842, 11.75691546, 17.02843757, 17.42363018], "fractional occupation": [2.0, 2.0, 2.0, 2.0, 2.0, 2.0, 2.0, 2.0, 2.0, 2.0, 2.0, 2.0, 2.0, 2.0, 2.0, 2.0, 2.0, 2.0, 2.0, 2.0, 0.0, 0.0, 0.0, 0.0, 0.0, 0.0, 0.0, 0.0, 0.0, 0.0, 0.0, 0.0, 0.0, 0.0, 0.0, 0.0, 0.0, 0.0, 0.0, 0.0], "program call": "xtb /tmp/scratch/tmpt4t2bevl/53344_0_xyzopt.xyz --pop --wbo --acc 0.2 --gfn 2 --chrg 0 --uhf 0 --etemp 300 --input /tmp/scratch/tmpt4t2bevl/53344_0_xtb.inp", "method": "GFN2-xTB", "xtb version": "6.3.3 (7355c4f)", "Dipole module/D": 0.389, "Total charge": 0, "Transition dipole module/D": NaN, "HOMO": -10.4895, "LUMO": -5.5495, "HOMO occupancy": 2.0, "LUMO occupancy": 0, "mulliken charges": [-0.08613, -0.0203, -0.03965, -0.04817, 0.02077, -0.11287, -0.09132, 0.03194, 0.02857, 0.02502, 0.02733, 0.03273, 0.03077, 0.02967, 0.03076, 0.0312, 0.03743, 0.03536, 0.03692], "cm5 charges": [-0.19031, -0.0859, -0.14626, -0.15323, -0.00652, -0.21489, -0.23776, 0.08537, 0.08256, 0.08157, 0.0843, 0.08866, 0.08761, 0.08627, 0.08511, 0.08544, 0.08983, 0.08834, 0.08981], "FUKUI+": [-0.069, -0.074, 0.013, 0.013, -0.087, -0.063, 0.031, -0.095, -0.088, -0.082, -0.043, -0.052, -0.042, -0.048, -0.08, -0.089, -0.054, -0.045, -0.046], "FUKUI-": [-0.057, -0.042, -0.001, 0.004, -0.058, -0.069, 0.027, -0.081, -0.069, -0.064, -0.045, -0.063, -0.051, -0.062, -0.08, -0.087, -0.078, -0.054, -0.072], "FUKUIrad": [-0.063, -0.058, 0.006, 0.009, -0.073, -0.066, 0.029, -0.088, -0.078, -0.073, -0.044, -0.058, -0.046, -0.055, -0.08, -0.088, -0.066, -0.05, -0.059], "s proportion": [1.042, 1.066, 1.028, 1.031, 1.09, 1.041, 1.006, 0.968, 0.971, 0.975, 0.973, 0.967, 0.969, 0.97, 0.969, 0.969, 0.963, 0.965, 0.963], "p proportion": [3.044, 2.954, 3.012, 3.017, 2.889, 3.072, 3.086, 0.0, 0.0, 0.0, 0.0, 0.0, 0.0, 0.0, 0.0, 0.0, 0.0, 0.0, 0.0], "d proportion": [0.0, 0.0, 0.0, 0.0, 0.0, 0.0, 0.0, 0.0, 0.0, 0.0, 0.0, 0.0, 0.0, 0.0, 0.0, 0.0, 0.0, 0.0, 0.0], "Fermi-level/eV": -8.0195, "Coordination numbers": [2.837, 2.887, 3.807, 3.811, 2.938, 2.845, 3.759, 0.926, 0.926, 0.925, 0.924, 0.924, 0.924, 0.924, 0.926, 0.926, 0.925, 0.925, 0.925], "Dispersion coefficient C6": [30.374, 28.682, 21.529, 21.655, 27.619, 30.741, 22.622, 2.545, 2.523, 2.584, 2.489, 2.456, 2.48, 2.489, 2.592, 2.588, 2.409, 2.446, 2.391], "Total dispersion C6": 2982.854228, "Total dispersion C8": 66403.820319, "Polarizability alpha": [9.032, 8.78, 6.605, 6.624, 8.619, 9.087, 6.781, 2.495, 2.484, 2.514, 2.467, 2.451, 2.463, 2.467, 2.518, 2.516, 2.427, 2.446, 2.418], "Total polarizability alpha": 85.192395,