{"total energy": -18.61882691, "HOMO-LUMO gap/eV": 12.29796771, "electronic energy": -18.77984135, "dipole": [-0.02094365, -0.10210739, -0.03695057], "partial charges": [0.03965286, -0.32244705, 0.22116009, -0.32244706, 0.03965286, 0.06063628, 0.04529194, 0.03308957, 0.03319636, 0.03319636, 0.03308956, 0.04529194, 0.06063628], "atomic dipole moments": [[-0.13533112, 0.11391018, 0.15585318], [0.00829449, 0.1115821, -0.25883195], [-0.04800507, -0.23404022, -0.08469446], [-0.00143397, -0.07813481, 0.27093586], [0.18518407, 0.12913909, -0.06789852], [0.04913779, -0.09770524, 0.0581884], [-0.0721343, -0.03078606, -0.09592254], [0.08459104, 0.07900009, -0.03609332], [0.06852113, 0.07507108, -0.05862698], [-0.04477185, 0.04071435, 0.10052741], [-0.05546327, 0.0630075, 0.08748294], [0.04405396, -0.10611468, 0.04638097], [-0.07241816, -0.01579441, -0.09926163]], "atomic quadrupole moments": [[0.00076701, -0.21646203, -0.08584925, -0.31078153, 0.22624053, 0.08508224], [-0.03800712, -0.1378875, 0.02489235, -0.04988978, -0.00501579, 0.01311477], [0.08210076, -0.13965691, 0.07179053, 0.36309158, -0.00364997, -0.15389128], [0.07130768, 0.11770757, -0.08116904, 0.04561923, -0.02870169, 0.00986135], [0.22511108, 0.33365678, -0.0542192, -0.18542189, -0.12170902, -0.17089188], [-0.0222529, -0.05687404, 0.03720152, 0.00901638, -0.03494982, -0.01494862], [0.01427168, 0.00879425, -0.03869714, 0.03521585, 0.03315648, 0.02442546], [0.0114936, 0.05246889, 0.01006514, -0.03669845, -0.00133409, -0.02155873], [0.01921767, 0.02645763, 0.00137495, 0.00162458, -0.03200098, -0.02059262], [-0.0039945, -0.03220489, -0.01889793, -0.00652809, 0.02441299, 0.02289243], [-0.01477218, -0.01186497, 0.00707515, -0.05157746, 0.03854691, 0.00769702], [-0.00309292, -0.02544434, 0.04018972, 0.00246235, -0.03757353, -0.0370968], [0.01684959, 0.03006762, -0.04448091, 0.0555775, 0.00910217, 0.02763132]], "number of molecular orbitals": 28, "number of electrons": 32, "number of unpaired electrons": 0, "orbital energies/eV": [-19.42879612, -19.20636278, -17.82815013, -17.36904337, -16.33001986, -15.71203067, -15.61461045, -15.24462128, -14.38722486, -14.10751077, -13.88209225, -12.89743463, -12.86808453, -12.22814188, -11.40965242, -11.29834068, 0.99962703, 1.42457762, 3.03428423, 3.2563921, 3.54863839, 3.9974151, 4.35985539, 5.04908478, 5.34728306, 5.61270362, 6.19282015, 7.75390514], "fractional occupation": [2.0, 2.0, 2.0, 2.0, 2.0, 2.0, 2.0, 2.0, 2.0, 2.0, 2.0, 2.0, 2.0, 2.0, 2.0, 2.0, 0.0, 0.0, 0.0, 0.0, 0.0, 0.0, 0.0, 0.0, 0.0, 0.0, 0.0, 0.0], "program call": "xtb /tmp/scratch/tmpdpy3wbx7/5420_0_xyzopt.xyz --pop --wbo --acc 0.2 --gfn 2 --chrg 0 --uhf 0 --etemp 300 --input /tmp/scratch/tmpdpy3wbx7/5420_0_xtb.inp", "method": "GFN2-xTB", "xtb version": "6.3.3 (7355c4f)", "Dipole module/D": 0.281, "Total charge": 0, "Transition dipole module/D": NaN, "HOMO": -11.2983, "LUMO": 0.9996, "HOMO occupancy": 2.0, "LUMO occupancy": 0, "mulliken charges": [0.17223, -0.46985, 0.40574, -0.46985, 0.17223, 0.03134, 0.02601, 0.01327, 0.02413, 0.02413, 0.01327, 0.02601, 0.03134], "cm5 charges": [0.05076, -0.57669, 0.35448, -0.57669, 0.05076, 0.09218, 0.088, 0.07251, 0.096, 0.096, 0.07251, 0.088, 0.09218], "FUKUI+": [-0.008, -0.135, 0.017, -0.135, -0.008, -0.096, -0.07, -0.084, -0.115, -0.115, -0.084, -0.07, -0.096], "FUKUI-": [0.036, -0.156, 0.045, -0.156, 0.036, -0.085, -0.095, -0.13, -0.093, -0.093, -0.13, -0.095, -0.085], "FUKUIrad": [0.014, -0.145, 0.031, -0.145, 0.014, -0.09, -0.083, -0.107, -0.104, -0.104, -0.107, -0.083, -0.09], "s proportion": [0.969, 1.684, 0.95, 1.684, 0.969, 0.969, 0.974, 0.987, 0.976, 0.976, 0.987, 0.974, 0.969], "p proportion": [2.858, 4.786, 2.644, 4.786, 2.858, 0.0, 0.0, 0.0, 0.0, 0.0, 0.0, 0.0, 0.0], "d proportion": [0.0, 0.0, 0.0, 0.0, 0.0, 0.0, 0.0, 0.0, 0.0, 0.0, 0.0, 0.0, 0.0], "Fermi-level/eV": -5.1494, "Coordination numbers": [3.654, 1.701, 3.612, 1.701, 3.654, 0.925, 0.924, 0.924, 0.923, 0.923, 0.924, 0.924, 0.925], "Dispersion coefficient C6": [20.203, 19.39, 17.576, 19.39, 20.203, 2.192, 2.38, 2.543, 2.542, 2.542, 2.543, 2.38, 2.192], "Total dispersion C6": 1177.618874, "Total dispersion C8": 23492.083135, "Polarizability alpha": [6.454, 5.945, 6.052, 5.945, 6.454, 2.315, 2.412, 2.494, 2.493, 2.493, 2.494, 2.412, 2.315], "Total polarizability alpha": 50.278566, "Wiberg matrix": [[0.0, 1.0118677166061558, 0.0, 0.0, 0.0, 0.9879127007780378, 0.9868041470919223, 0.9868026323039338, 0.0, 0.0, 0.0, 0.0, 0.0], [1.0118677166061558, 0.0, 0.9305462623406461, 0.0, 0.0, 0.0, 0.0, 0.0, 0.9707135009064688, 0.9707192531310022, 0.0, 0.0, 0.0], [0.0, 0.9305462623406461, 0.0, 2.0370895080072318, 0.34575912735962555, 0.0, 0.0, 0.0, 0.0, 0.0, 0.0, 0.0, 0.0], [0.0, 0.0, 2.0370895080072318, 0.0, 1.7915192566340308, 0.0, 0.0, 0.0, 0.0, 0.0, 0.0, 0.0, 0.0], [0.0, 0.0, 0.34575912735962555, 1.7915192566340308, 0.0, 0.0, 0.0, 0.0, 0.0, 0.0, 0.0, 0.9798311211941908, 0.9813711776746837], [0.9879127007780378, 0.0, 0.0, 0.0, 0.0, 0.0, 0.0, 0.0, 0.0, 0.0, 0.0, 0.0, 0.0], [0.9868041470919223, 0.0, 0.0, 0.0, 0.0, 0.0, 0.0, 0.0, 0.0, 0.0, 0.0, 0.0, 0.0], [0.9868026323039338, 0.0, 0.0, 0.0, 0.0, 0.0, 0.0, 0.0, 0.0, 0.0, 0.0, 0.0, 0.0], [0.0, 0.9707135009064688, 0.0, 0.0, 0.0, 0.0, 0.0, 0.0, 0.0, 0.0, 0.0, 0.0, 0.0], [0.0, 0.9707192531310022, 0.0, 0.0, 0.0, 0.0, 0.0, 0.0, 0.0, 0.0, 0.0, 0.0, 0.0], [0.0, 0.0, 0.0, 0.0, 0.0, 0.0, 0.0, 0.0, 0.0, 0.0, 0.0, 0.0, 0.0], [0.0, 0.0, 0.0, 0.0, 0.9798311211941908, 0.0, 0.0, 0.0, 0.0, 0.0, 0.0, 0.0, 0.0], [0.0, 0.0, 0.0, 0.0, 0.9813711776746837, 0.0, 0.0, 0.0, 0.0, 0.0, 0.0, 0.0, 0.0]], "Born radii": [], "Atomic SASAs": [], "Solvent H bonds": [], "Total SASA": NaN, "Total FOD": 0.0, "FOD": [0.0, 0.0, 0.0, 0.0, 0.0, 0.0, 0.0, 0.0, 0.0, 0.0, 0.0, 0.0, 0.0], "FOD s proportion": [0.0, 0.0, 0.0, 0.0, 0.0, 0.0, 0.0, 0.0, 0.0, 0.0, 0.0, 0.0, 0.0], "FOD p proportion": [0.0, 0.0, 0.0, 0.0, 0.0, 0.0, 0.0, 0.0, 0.0, 0.0, 0.0, 0.0, 0.0], "FOD d proportion": [0.0, 0.0, 0.0, 0.0, 0.0, 0.0, 0.0, 0.0, 0.0, 0.0, 0.0, 0.0, 0.0], "coordinates": [["1.69344926112112", "-0.76584267866359", "-0.05271732268337"], ["0.89970981878141", "-0.17639749583339", "0.95694449420962"], ["0.19404590270759", "0.94603641602829", "0.52600721000473"], ["-0.79899673757167", "0.66740649546580", "-0.41194701298301"], ["-1.86971763039516", "-0.09352227352058", "0.10904154700048"], ["2.15901628043070", "-1.64055384034504", "0.39564282494895"], ["1.08393280630410", "-1.06673354893069", "-0.90974310547690"], ["2.46592344742341", "-0.06697788488273", "-0.39349272021874"], ["0.86147817325914", "1.66992748660190", "0.03351960156844"], ["-0.23467948508444", "1.38591835631516", "1.43964093264346"], ["-2.38550262033446", "0.45905834717932", "0.90268928693244"], ["-1.51761162349413", "-1.04759063270447", "0.51192332899664"], ["-2.55104759314761", "-0.27072774670998", "-0.71998606494275"]],