{"total energy": -16.70690593, "HOMO-LUMO gap/eV": 11.02944223, "electronic energy": -16.89300064, "dipole": [0.51772913, -0.59486963, -0.10642947], "partial charges": [-0.06182959, -0.06182959, 0.08087297, -0.32609679, 0.08087297, 0.04115217, 0.03757707, 0.04115217, 0.03757707, 0.03738429, 0.02789149, 0.03738429, 0.02789149], "atomic dipole moments": [[-0.10646244, 0.01073728, 0.04057346], [-0.00117154, 0.11293394, -0.01844718], [0.11843696, 0.13018032, 0.11772565], [0.18134314, -0.20836286, -0.03727868], [-0.16528719, -0.07634952, -0.10809464], [0.03943027, 0.03370924, -0.11579134], [0.09807803, -0.04501494, 0.0719732], [-0.01868777, -0.05754233, 0.11152731], [0.01621375, -0.08630607, -0.09546812], [-0.1099004, -0.03707957, 0.04539381], [-0.0107517, 0.02281054, -0.11754017], [0.04502919, 0.11161644, -0.03205827], [-8.301e-05, -0.01036146, 0.11976746]], "atomic quadrupole moments": [[0.05278768, 0.04984178, 0.13992409, -0.03771835, 0.15482027, -0.19271177], [0.19307751, 0.00631988, 0.05472712, 0.08186244, -0.00676735, -0.24780462], [-0.08057822, -0.01123039, 0.29503298, 0.14646264, 0.24470534, -0.21445476], [0.07005544, 0.01253045, 0.02845906, 0.09351382, 0.10553131, -0.0985145], [0.35807869, -0.08105472, -0.12362404, 0.15002024, 0.15136101, -0.23445466], [-0.03511282, 0.01407436, -0.00635172, -0.022376, -0.01325042, 0.04146455], [0.02404905, -0.02777059, -0.02957576, 0.03167726, -0.02451437, 0.00552671], [-0.00706071, 0.00685375, -0.02679307, -0.00674793, -0.03634858, 0.03385378], [-0.04214728, -0.00933266, 0.01544608, -0.01302074, 0.03868877, 0.0267012], [0.02163789, 0.03375595, -0.0143171, -0.02296949, -0.01056975, -0.00732079], [-0.04070736, 0.00038694, -0.00443432, -0.00191159, -0.00359992, 0.04514168], [-0.00798873, 0.0355407, 0.02069449, -0.00682665, -0.02248697, -0.01270575], [-0.00499204, -0.0062704, -0.03628701, 0.00381239, -0.01724412, 0.04127905]], "number of molecular orbitals": 28, "number of electrons": 30, "number of unpaired electrons": 0, "orbital energies/eV": [-18.82834539, -17.45526641, -17.26487383, -16.01076257, -15.7881611, -15.10988482, -14.90469678, -13.97193243, -13.69648711, -13.39527737, -12.68724533, -12.40700583, -12.35040091, -11.96858728, -10.51473072, 0.51471151, 1.3783525, 2.71690852, 2.8768466, 3.43306895, 3.65237217, 4.31702518, 4.43590299, 5.58096284, 6.01644635, 7.02444937, 7.42958797, 8.3603054], "fractional occupation": [2.0, 2.0, 2.0, 2.0, 2.0, 2.0, 2.0, 2.0, 2.0, 2.0, 2.0, 2.0, 2.0, 2.0, 2.0, 0.0, 0.0, 0.0, 0.0, 0.0, 0.0, 0.0, 0.0, 0.0, 0.0, 0.0, 0.0, 0.0], "program call": "xtb /tmp/scratch/tmpezzdybfb/5461_0_xyzopt.xyz --pop --wbo --acc 0.2 --gfn 2 --chrg 0 --uhf 0 --etemp 300 --input /tmp/scratch/tmpezzdybfb/5461_0_xtb.inp", "method": "GFN2-xTB", "xtb version": "6.3.3 (7355c4f)", "Dipole module/D": 2.023, "Total charge": 0, "Transition dipole module/D": NaN, "HOMO": -10.5147, "LUMO": 0.5147, "HOMO occupancy": 2.0, "LUMO occupancy": 0, "mulliken charges": [-0.06239, -0.06239, 0.19527, -0.46901, 0.19527, 0.0317, 0.02901, 0.0317, 0.02901, 0.02451, 0.0164, 0.02451, 0.0164], "cm5 charges": [-0.16966, -0.16966, 0.11478, -0.56577, 0.11478, 0.08847, 0.08405, 0.08847, 0.08405, 0.08676, 0.07849, 0.08676, 0.07849], "FUKUI+": [0.01, 0.01, -0.027, -0.185, -0.027, -0.073, -0.113, -0.073, -0.113, -0.104, -0.099, -0.104, -0.099], "FUKUI-": [0.019, 0.019, 0.028, -0.225, 0.028, -0.068, -0.073, -0.068, -0.073, -0.133, -0.161, -0.133, -0.161], "FUKUIrad": [0.014, 0.014, 0.001, -0.205, 0.001, -0.071, -0.093, -0.071, -0.093, -0.118, -0.13, -0.118, -0.13], "s proportion": [1.033, 1.033, 0.995, 1.691, 0.995, 0.968, 0.971, 0.968, 0.971, 0.975, 0.984, 0.975, 0.984], "p proportion": [3.029, 3.029, 2.81, 4.778, 2.81, 0.0, 0.0, 0.0, 0.0, 0.0, 0.0, 0.0, 0.0], "d proportion": [0.0, 0.0, 0.0, 0.0, 0.0, 0.0, 0.0, 0.0, 0.0, 0.0, 0.0, 0.0, 0.0], "Fermi-level/eV": -5.0, "Coordination numbers": [3.826, 3.826, 3.741, 1.7, 3.741, 0.924, 0.925, 0.924, 0.925, 0.924, 0.923, 0.924, 0.923], "Dispersion coefficient C6": [21.667, 21.667, 19.307, 19.456, 19.307, 2.434, 2.481, 2.434, 2.481, 2.484, 2.617, 2.484, 2.617], "Total dispersion C6": 1231.263869, "Total dispersion C8": 25871.880619, "Polarizability alpha": [6.623, 6.623, 6.269, 5.955, 6.269, 2.44, 2.463, 2.44, 2.463, 2.465, 2.53, 2.465, 2.53], "Total polarizability alpha": 51.534961, "Wiberg matrix": [[0.0, 1.0065826706439231, 0.0, 0.0, 1.0014099989442335, 0.9800606071536897, 0.97959843819475, 0.0, 0.0, 0.0, 0.0, 0.0, 0.0], [1.0065826706439231, 0.0, 1.0014099997909074, 0.0, 0.0, 0.0, 0.0, 0.9800606062451438, 0.9795984375990594, 0.0, 0.0, 0.0, 0.0], [0.0, 1.0014099997909074, 0.0, 0.9805490245785481, 0.0, 0.0, 0.0, 0.0, 0.0, 0.9732967333657802, 0.9720679963222438, 0.0, 0.0], [0.0, 0.0, 0.9805490245785481, 0.0, 0.9805490216492574, 0.0, 0.0, 0.0, 0.0, 0.0, 0.0, 0.0, 0.0], [1.0014099989442335, 0.0, 0.0, 0.9805490216492574, 0.0, 0.0, 0.0, 0.0, 0.0, 0.0, 0.0, 0.9732967339353654, 0.9720679988179293], [0.9800606071536897, 0.0, 0.0, 0.0, 0.0, 0.0, 0.0, 0.0, 0.0, 0.0, 0.0, 0.0, 0.0], [0.97959843819475, 0.0, 0.0, 0.0, 0.0, 0.0, 0.0, 0.0, 0.0, 0.0, 0.0, 0.0, 0.0], [0.0, 0.9800606062451438, 0.0, 0.0, 0.0, 0.0, 0.0, 0.0, 0.0, 0.0, 0.0, 0.0, 0.0], [0.0, 0.9795984375990594, 0.0, 0.0, 0.0, 0.0, 0.0, 0.0, 0.0, 0.0, 0.0, 0.0, 0.0], [0.0, 0.0, 0.9732967333657802, 0.0, 0.0, 0.0, 0.0, 0.0, 0.0, 0.0, 0.0, 0.0, 0.0], [0.0, 0.0, 0.9720679963222438, 0.0, 0.0, 0.0, 0.0, 0.0, 0.0, 0.0, 0.0, 0.0, 0.0], [0.0, 0.0, 0.0, 0.0, 0.9732967339353654, 0.0, 0.0, 0.0, 0.0, 0.0, 0.0, 0.0, 0.0], [0.0, 0.0, 0.0, 0.0, 0.9720679988179293, 0.0, 0.0, 0.0, 0.0, 0.0, 0.0, 0.0, 0.0]], "Born radii": [], "Atomic SASAs": [], "Solvent H bonds": [], "Total SASA": NaN, "Total FOD": 0.0, "FOD": [0.0, 0.0, 0.0, 0.0, 0.0, 0.0, 0.0, 0.0, 0.0, 0.0, 0.0, 0.0, 0.0], "FOD s proportion": [0.0, 0.0, 0.0, 0.0, 0.0, 0.0, 0.0, 0.0, 0.0, 0.0, 0.0, 0.0, 0.0], "FOD p proportion": [0.0, 0.0, 0.0, 0.0, 0.0, 0.0, 0.0, 0.0, 0.0, 0.0, 0.0, 0.0, 0.0], "FOD d proportion": [0.0, 0.0, 0.0, 0.0, 0.0, 0.0, 0.0, 0.0, 0.0, 0.0, 0.0, 0.0, 0.0], "coordinates": [["1.07338870577505", "-0.07380004760281", "-0.04459827841398"], ["-0.08513504665160", "-1.06170204552084", "-0.15855694149095"], ["-1.25426987240949", "-0.12077125951253", "-0.45000027031625"], ["-0.96386395425338", "1.10747723662527", "0.19814115229888"], ["0.38822337460026", "1.11585618888179", "0.62803291491900"], ["1.42897589933241", "0.20602555883895", "-1.03701784575235"], ["1.90879823404290", "-0.45377140970586", "0.53863958529972"], ["-0.23916961976838", "-1.57311119977646", "0.79242952073516"], ["0.05479657977400", "-1.80239561191970", "-0.94229535668310"], ["-2.21081070751901", "-0.49418362533824", "-0.07419666288836"], ["-1.34894855949565", "0.05968061696921", "-1.53021052481350"], ["0.83280127392188", "2.07751281175917", "0.35747321860844"], ["0.41521069265101", "1.01318178630203", "1.72215848849730"]],