{"total energy": -24.94737857, "HOMO-LUMO gap/eV": 11.03931054, "electronic energy": -25.20804133, "dipole": [-0.89885349, 0.08556992, -0.58300779], "partial charges": [-0.11477493, 0.12357645, -0.11735921, -0.32989167, 0.07508878, 0.07642712, -0.43647569, 0.05448816, 0.04399493, 0.04962422, 0.01152895, 0.03727105, 0.04127473, 0.04989572, 0.02055416, 0.02709017, 0.04877254, 0.03373455, 0.30517998], "atomic dipole moments": [[0.04951927, -0.0556598, -0.08885549], [0.06859755, -0.14160071, 0.10902304], [0.07150518, 0.05964274, 0.04214813], [0.00428257, 0.04162273, -0.28019842], [-0.10540293, 0.04813967, 0.1716713], [0.00115929, 0.19633101, 0.06899037], [-0.20146386, -0.1103362, -0.09465163], [-0.05373998, -0.08005155, 0.08204801], [-0.08596974, 0.07573342, -0.04983423], [0.08664807, 0.06772072, 0.06183805], [0.05576967, 0.07445185, -0.0755731], [0.05293619, -0.06005025, -0.09740938], [-0.09013323, 0.07444644, -0.04487076], [-0.0511133, -0.08605528, 0.07856268], [-0.04664277, -0.08485247, -0.07140057], [0.04864973, 0.08878772, -0.06630912], [0.09453195, -0.04284992, -0.06715305], [-0.05021446, -0.08688695, 0.06642966], [-0.06589452, 0.03120991, 0.02795534]], "atomic quadrupole moments": [[-0.0386766, -0.10479147, -0.03333096, -0.12197028, 0.15917651, 0.07200756], [0.08982907, -0.24287787, -0.01668733, 0.1744072, 0.01980024, -0.07314174], [0.05838721, 0.12424775, -0.00866757, 0.12301721, 0.10830372, -0.04971963], [0.03660748, -0.14234333, -0.06109318, -0.03071416, -0.01065617, 0.02448571], [0.15977967, -0.29277138, -0.19278708, -0.12851723, 0.07605077, 0.03300741], [-0.09002781, 0.04273232, 0.06532615, 0.29854875, 0.2220322, 0.02470166], [-0.01900602, 0.07156992, 0.02839341, 0.06871199, 0.12755992, -0.00938739], [-0.02661626, 0.03722094, 0.01800615, -0.0390283, -0.04526889, 0.00861011], [0.01517782, -0.06172293, -0.00045309, 0.03746642, -0.02844, -0.01472473], [0.02486613, 0.04954419, -0.01235727, 0.03409865, 0.03785926, -0.01250886], [-0.00698369, 0.00505168, 0.00363986, 0.00078138, -0.01775324, 0.00334383], [-0.00336948, -0.02100162, -0.0176186, -0.04838466, 0.04804845, 0.02098808], [0.02119953, -0.05771992, 0.01054555, 0.04050517, -0.02163463, -0.03174507], [-0.03006899, 0.03828203, 0.01142386, -0.02784667, -0.0509874, 0.01864513], [0.00177759, 0.02166575, 0.00570388, 0.01337662, 0.03791873, -0.00748147], [-0.00637833, 0.01432739, 0.02019124, -0.03384861, -0.0208682, -0.01381291], [0.02043347, -0.01916608, -0.0210227, -0.03491399, 0.031407, 0.00058923], [-0.01939355, 0.03914588, 0.00368978, -0.00300773, -0.0175549, 0.01570377], [0.03819175, -0.06253968, -0.01229439, -0.05991237, 0.06840893, -0.02589736]], "number of molecular orbitals": 40, "number of electrons": 44, "number of unpaired electrons": 0, "orbital energies/eV": [-19.09557966, -18.59045686, -17.78725281, -17.04367508, -16.59242629, -16.26846829, -16.00519781, -15.2396442, -15.14186161, -14.8711837, -14.30127174, -14.12210754, -13.57323625, -13.48186443, -13.05021067, -12.85628263, -12.71873262, -12.41504224, -12.16729958, -11.99623633, -11.11961488, -10.95321747, 0.08609307, 2.00523733, 2.30366901, 2.47938357, 2.9151247, 3.57108567, 3.84869224, 4.09259216, 4.26942865, 4.61231958, 5.10739318, 5.25702379, 6.16060568, 6.17515617, 6.81740516, 6.85964809, 7.2176941, 7.90091561], "fractional occupation": [2.0, 2.0, 2.0, 2.0, 2.0, 2.0, 2.0, 2.0, 2.0, 2.0, 2.0, 2.0, 2.0, 2.0, 2.0, 2.0, 2.0, 2.0, 2.0, 2.0, 2.0, 2.0, 0.0, 0.0, 0.0, 0.0, 0.0, 0.0, 0.0, 0.0, 0.0, 0.0, 0.0, 0.0, 0.0, 0.0, 0.0, 0.0, 0.0, 0.0], "program call": "xtb /tmp/scratch/tmp89e64myr/5503_0_xyzopt.xyz --pop --wbo --acc 0.2 --gfn 2 --chrg 0 --uhf 0 --etemp 300 --input /tmp/scratch/tmp89e64myr/5503_0_xtb.inp", "method": "GFN2-xTB", "xtb version": "6.3.3 (7355c4f)", "Dipole module/D": 2.732, "Total charge": 0, "Transition dipole module/D": NaN, "HOMO": -10.9532, "LUMO": 0.0861, "HOMO occupancy": 2.0, "LUMO occupancy": 0, "mulliken charges": [-0.09725, 0.23205, -0.11339, -0.4778, 0.17842, 0.19588, -0.56437, 0.04138, 0.02751, 0.04094, 0.00926, 0.03386, 0.03132, 0.04169, 0.01, 0.01862, 0.02468, 0.01937, 0.34785], "cm5 charges": [-0.24491, 0.18529, -0.26181, -0.58019, 0.09871, 0.1135, -0.77964, 0.09664, 0.08046, 0.09573, 0.07456, 0.08789, 0.08422, 0.09646, 0.07239, 0.0829, 0.08849, 0.08325, 0.52608], "FUKUI+": [0.027, -0.043, 0.031, -0.153, -0.011, 0.004, -0.066, -0.052, -0.09, -0.045, -0.078, -0.039, -0.08, -0.05, -0.085, -0.073, -0.094, -0.059, -0.044], "FUKUI-": [0.02, 0.0, 0.001, -0.122, 0.023, 0.019, -0.133, -0.061, -0.054, -0.061, -0.089, -0.047, -0.061, -0.049, -0.096, -0.075, -0.075, -0.099, -0.04], "FUKUIrad": [0.024, -0.022, 0.016, -0.138, 0.006, 0.011, -0.099, -0.056, -0.072, -0.053, -0.084, -0.043, -0.071, -0.049, -0.09, -0.074, -0.084, -0.079, -0.042], "s proportion": [1.011, 1.014, 1.015, 1.688, 0.998, 0.988, 1.693, 0.959, 0.972, 0.959, 0.991, 0.966, 0.969, 0.958, 0.99, 0.981, 0.975, 0.981, 0.652], "p proportion": [3.086, 2.754, 3.099, 4.79, 2.823, 2.816, 4.872, 0.0, 0.0, 0.0, 0.0, 0.0, 0.0, 0.0, 0.0, 0.0, 0.0, 0.0, 0.0], "d proportion": [0.0, 0.0, 0.0, 0.0, 0.0, 0.0, 0.0, 0.0, 0.0, 0.0, 0.0, 0.0, 0.0, 0.0, 0.0, 0.0, 0.0, 0.0, 0.0], "Fermi-level/eV": -5.4336, "Coordination numbers": [3.754, 3.74, 3.752, 1.702, 3.69, 3.674, 1.656, 0.925, 0.925, 0.925, 0.923, 0.925, 0.925, 0.925, 0.923, 0.923, 0.924, 0.923, 0.805], "Dispersion coefficient C6": [22.754, 18.641, 22.807, 19.523, 19.505, 19.527, 21.57, 2.265, 2.396, 2.325, 2.866, 2.485, 2.432, 2.321, 2.725, 2.628, 2.335, 2.534, 0.706], "Total dispersion C6": 2480.020946, "Total dispersion C8": 50824.511671, "Polarizability alpha": [6.802, 6.16, 6.81, 5.966, 6.321, 6.332, 6.27, 2.353, 2.421, 2.384, 2.648, 2.465, 2.439, 2.383, 2.582, 2.535, 2.39, 2.49, 1.319], "Total polarizability alpha": 73.06864,