{"total energy": -23.95144181, "HOMO-LUMO gap/eV": 5.18157133, "electronic energy": -24.22295333, "dipole": [0.31449517, 0.61062494, -0.7373252], "partial charges": [-0.10982837, -0.06167685, 0.08065779, -0.27049181, 0.36150655, -0.14686982, -0.41074832, 0.0418088, 0.0418088, 0.04690142, 0.05049794, 0.05049793, 0.04949583, 0.04949583, 0.07594667, 0.07594672, 0.07505089], "atomic dipole moments": [[-0.10793819, 0.0160683, -0.03807649], [0.00468444, -0.0828758, 0.10768346], [-0.18659903, 0.08427198, -0.1387164], [0.04651669, -0.14197006, 0.19065185], [0.13694963, 0.05624522, -0.05056498], [0.09036731, -0.01844933, 0.03832538], [-0.01764664, 0.11753367, -0.15448364], [0.00997454, 0.0375845, 0.1183544], [0.02971223, -0.1209007, -0.00447833], [0.08240955, 0.06298042, -0.06801844], [-0.00847341, -0.03717778, -0.11897926], [-0.02825187, 0.12163475, 0.00410711], [-0.00318035, 0.03501671, 0.12068642], [0.01669267, -0.12455488, -0.00298825], [0.00411479, -0.0366891, -0.12779548], [-0.01688327, 0.13191431, 0.00287955], [-0.09662035, -0.06198597, 0.06445157]], "atomic quadrupole moments": [[0.20474932, -0.05057932, -0.12119231, 0.1195537, -0.02353484, -0.08355701], [0.22529815, 0.08669328, -0.14184597, -0.03311443, -0.1446236, -0.08345218], [0.4461786, -0.01299742, -0.27740527, 0.15271717, -0.16007696, -0.16877332], [0.07176705, -0.00749816, -0.05027637, 0.03452672, -0.04329064, -0.02149069], [-0.15093266, 0.04079329, 0.18599957, -0.15225378, 0.37173317, -0.03506691], [0.15253069, -0.07190934, -0.1071358, 0.14037465, -0.05867243, -0.04539489], [-0.11163972, -0.01869534, 0.09082991, -0.02529297, 0.13253587, 0.02080981], [-0.03246531, -0.00870325, -0.03606837, 0.0020021, 0.04190127, 0.06853368], [-0.03172928, -0.01884646, 0.07936778, 0.00904555, 0.01168951, -0.04763851], [0.01409428, 0.03981507, -0.01370865, -0.04012928, -0.04799958, -0.00038563], [-0.02323679, 0.00379574, -0.02160412, 0.00024143, 0.03197466, 0.04484091], [-0.01984549, -0.01450831, 0.05369264, -0.00398896, 0.01039, -0.03384715], [-0.00389105, 0.00161014, -0.02291708, 0.00616111, 0.03047589, 0.02680813], [-0.00085254, -0.01420867, 0.03521779, 0.00162152, 0.01353979, -0.03436525], [-0.03413107, 0.00309246, -0.04101465, -0.00813119, 0.04014445, 0.07514572], [-0.03222779, -0.01248673, 0.08646324, -0.00365846, 0.00607803, -0.05423545], [0.03673451, 0.04255804, -0.02133978, -0.04043785, -0.03443901, -0.01539473]], "number of molecular orbitals": 38, "number of electrons": 42, "number of unpaired electrons": 0, "orbital energies/eV": [-20.18159896, -19.41900992, -18.38911275, -17.25678477, -16.81228233, -16.45794464, -15.97618658, -15.73352581, -15.28479259, -14.9966775, -14.4694659, -13.73126588, -13.56776018, -13.28996235, -13.07567572, -13.06059696, -12.85429154, -12.32655035, -12.31004548, -11.83107177, -11.32804524, -6.14647391, -0.00853321, 2.68225525, 3.34201617, 3.52287968, 3.75640313, 3.98804136, 4.35549502, 4.6220998, 5.03167423, 5.6049903, 5.80768382, 5.98261449, 6.77808684, 7.8374094, 8.04930527, 17.87979872], "fractional occupation": [2.0, 2.0, 2.0, 2.0, 2.0, 2.0, 2.0, 2.0, 2.0, 2.0, 2.0, 2.0, 2.0, 2.0, 2.0, 2.0, 2.0, 2.0, 2.0, 2.0, 2.0, 0.0, 0.0, 0.0, 0.0, 0.0, 0.0, 0.0, 0.0, 0.0, 0.0, 0.0, 0.0, 0.0, 0.0, 0.0, 0.0, 0.0], "program call": "xtb /tmp/scratch/tmp2z_2p80x/5508_0_xyzopt.xyz --pop --wbo --acc 0.2 --gfn 2 --chrg 0 --uhf 0 --etemp 300 --input /tmp/scratch/tmp2z_2p80x/5508_0_xtb.inp", "method": "GFN2-xTB", "xtb version": "6.3.3 (7355c4f)", "Dipole module/D": 2.561, "Total charge": 0, "Transition dipole module/D": NaN, "HOMO": -11.328, "LUMO": -6.1465, "HOMO occupancy": 2.0, "LUMO occupancy": 0, "mulliken charges": [-0.09015, -0.05216, 0.19948, -0.42224, 0.58666, -0.124, -0.53118, 0.03225, 0.03225, 0.037, 0.03719, 0.03719, 0.03848, 0.03848, 0.0611, 0.0611, 0.05856], "cm5 charges": [-0.24271, -0.16223, 0.11879, -0.50812, 0.63744, -0.26459, -0.58175, 0.08456, 0.08456, 0.08875, 0.09462, 0.09462, 0.10434, 0.10434, 0.11658, 0.11658, 0.11422], "FUKUI+": [0.013, 0.004, 0.028, -0.124, -0.192, 0.051, -0.284, -0.016, -0.016, -0.032, -0.023, -0.023, -0.04, -0.04, -0.111, -0.111, -0.084], "FUKUI-": [0.02, 0.004, 0.021, -0.069, -0.02, -0.003, -0.17, -0.088, -0.088, -0.067, -0.104, -0.104, -0.073, -0.073, -0.066, -0.066, -0.055], "FUKUIrad": [0.016, 0.004, 0.024, -0.096, -0.106, 0.024, -0.227, -0.052, -0.052, -0.049, -0.064, -0.064, -0.056, -0.056, -0.088, -0.088, -0.07], "s proportion": [1.006, 1.029, 0.998, 1.687, 0.975, 1.017, 1.72, 0.968, 0.968, 0.963, 0.963, 0.963, 0.962, 0.962, 0.939, 0.939, 0.941], "p proportion": [3.084, 3.023, 2.802, 4.735, 2.438, 3.107, 4.811, 0.0, 0.0, 0.0, 0.0, 0.0, 0.0, 0.0, 0.0, 0.0, 0.0], "d proportion": [0.0, 0.0, 0.0, 0.0, 0.0, 0.0, 0.0, 0.0, 0.0, 0.0, 0.0, 0.0, 0.0, 0.0, 0.0, 0.0, 0.0], "Fermi-level/eV": -8.7373, "Coordination numbers": [3.753, 3.8, 3.705, 1.704, 2.717, 3.753, 0.856, 0.925, 0.925, 0.925, 0.924, 0.924, 0.924, 0.924, 0.925, 0.925, 0.925], "Dispersion coefficient C6": [22.659, 21.686, 19.378, 18.485, 20.866, 23.395, 21.897, 2.425, 2.425, 2.359, 2.314, 2.314, 2.326, 2.326, 2.021, 2.021, 2.031], "Total dispersion C6": 2217.324333, "Total dispersion C8": 47044.66453, "Polarizability alpha": [6.788, 6.63, 6.293, 5.805, 7.478, 6.897, 6.274, 2.435, 2.435, 2.402, 2.379, 2.379, 2.385, 2.385, 2.223, 2.223, 2.229], "Total polarizability alpha": 69.640229, "Wiberg matrix": [[0.0, 1.018408994576885, 0.0, 0.0, 0.0, 0.0, 0.0, 0.9872914179235682, 0.9872914185654148, 0.9864586826083019, 0.0, 0.0, 0.0, 0.0, 0.0, 0.0, 0.0], [1.018408994576885, 0.0, 1.005915635482344, 0.0, 0.0, 0.0, 0.0, 0.0, 0.0, 0.0, 0.9764759224904125, 0.9764759255333814, 0.0, 0.0, 0.0, 0.0, 0.0], [0.0, 1.005915635482344, 0.0, 0.9375194120269688, 0.0, 0.0, 0.0, 0.0, 0.0, 0.0, 0.0, 0.0, 0.968484209960575, 0.9684842164355939, 0.0, 0.0, 0.0], [0.0, 0.0, 0.9375194120269688, 0.0, 1.1324071423161843, 0.0, 0.17275457608705988, 0.0, 0.0, 0.0, 0.0, 0.0, 0.0, 0.0, 0.0, 0.0, 0.0], [0.0, 0.0, 0.0, 1.1324071423161843, 0.0, 0.9850875654832727, 1.7565864427130709, 0.0, 0.0, 0.0, 0.0, 0.0, 0.0, 0.0, 0.0, 0.0, 0.0], [0.0, 0.0, 0.0, 0.0, 0.9850875654832727, 0.0, 0.0, 0.0, 0.0, 0.0, 0.0, 0.0, 0.0, 0.0, 0.9650171113572068, 0.9650170248686467, 0.9833874507037065], [0.0, 0.0, 0.0, 0.17275457608705988, 1.7565864427130709, 0.0, 0.0, 0.0, 0.0, 0.0, 0.0, 0.0, 0.0, 0.0, 0.0, 0.0, 0.0], [0.9872914179235682, 0.0, 0.0, 0.0, 0.0, 0.0, 0.0, 0.0, 0.0, 0.0, 0.0, 0.0, 0.0, 0.0, 0.0, 0.0, 0.0], [0.9872914185654148, 0.0, 0.0, 0.0, 0.0, 0.0, 0.0, 0.0, 0.0, 0.0, 0.0, 0.0, 0.0, 0.0, 0.0, 0.0, 0.0], [0.9864586826083019, 0.0, 0.0, 0.0, 0.0, 0.0, 0.0, 0.0, 0.0, 0.0, 0.0, 0.0, 0.0, 0.0, 0.0, 0.0, 0.0], [0.0, 0.9764759224904125, 0.0, 0.0, 0.0, 0.0, 0.0, 0.0, 0.0, 0.0, 0.0, 0.0, 0.0, 0.0, 0.0, 0.0, 0.0], [0.0, 0.9764759255333814, 0.0, 0.0, 0.0, 0.0, 0.0, 0.0, 0.0, 0.0, 0.0, 0.0, 0.0, 0.0, 0.0, 0.0, 0.0], [0.0, 0.0, 0.968484209960575, 0.0, 0.0, 0.0, 0.0, 0.0, 0.0, 0.0, 0.0, 0.0, 0.0, 0.0, 0.0, 0.0, 0.0], [0.0, 0.0, 0.9684842164355939, 0.0, 0.0, 0.0, 0.0, 0.0, 0.0, 0.0, 0.0, 0.0, 0.0, 0.0, 0.0, 0.0, 0.0], [0.0, 0.0, 0.0, 0.0, 0.0, 0.9650171113572068, 0.0, 0.0, 0.0, 0.0, 0.0, 0.0, 0.0, 0.0, 0.0, 0.0, 0.0], [0.0, 0.0, 0.0, 0.0, 0.0, 0.9650170248686467, 0.0, 0.0, 0.0, 0.0, 0.0, 0.0, 0.0, 0.0, 0.0, 0.0, 0.0], [0.0, 0.0, 0.0, 0.0, 0.0, 0.9833874507037065, 0.0, 0.0, 0.0, 0.0, 0.0, 0.0, 0.0, 0.0, 0.0, 0.0, 0.0]], "Born radii": [], "Atomic SASAs": [], "Solvent H bonds": [], "Total SASA": NaN, "Total FOD": 0.0, "FOD": [0.0, 0.0, 0.0, 0.0, 0.0, 0.0, 0.0, 0.0, 0.0, 0.0, 0.0, 0.0, 0.0, 0.0, 0.0, 0.0, 0.0], "FOD s proportion": [0.0, 0.0, 0.0, 0.0, 0.0, 0.0, 0.0, 0.0, 0.0, 0.0, 0.0, 0.0, 0.0, 0.0, 0.0, 0.0, 0.0], "FOD p proportion": [0.0, 0.0, 0.0, 0.0, 0.0, 0.0, 0.0, 0.0, 0.0, 0.0, 0.0, 0.0, 0.0, 0.0, 0.0, 0.0, 0.0], "FOD d proportion": [0.0, 0.0, 0.0, 0.0, 0.0, 0.0, 0.0, 0.0, 0.0, 0.0, 0.0, 0.0, 0.0, 0.0, 0.0, 0.0, 0.0],