{"total energy": -13.53414039, "HOMO-LUMO gap/eV": 4.0992554, "electronic energy": -13.70688915, "dipole": [-0.14869358, -0.27714328, -1.30751332], "partial charges": [-0.14117191, 0.24667951, -0.14117192, -0.354162, 0.06649772, 0.06420773, 0.06420771, 0.06420772, 0.06649772, 0.06420772], "atomic dipole moments": [[-0.07053182, 0.0065375, 0.04086724], [0.00302134, 0.00562997, 0.02656762], [0.07789183, 0.00718062, 0.02385183], [-0.01893634, -0.03529432, -0.16651371], [0.11292566, 0.01709427, 0.06659887], [-0.00672475, 0.08799089, -0.09801149], [-0.00084418, -0.12005821, -0.0545816], [-0.0163829, 0.087949, -0.09690431], [-0.09506645, 0.01619307, 0.09044326], [-0.01050284, -0.12010009, -0.05347428]], "atomic quadrupole moments": [[0.07812175, -0.02664249, -0.12246946, -0.15558131, 0.03164728, 0.04434772], [-0.28399147, -0.02598544, 0.58552831, -0.00117417, -0.19380374, -0.30153684], [0.14439859, 0.03526673, -0.12193419, 0.13201708, 0.02582908, -0.0224644], [-0.13151716, -0.01089913, 0.25042973, 0.00182374, -0.08062579, -0.11891257], [0.0474099, 0.01318827, -0.04755541, 0.04993031, 0.01196807, 0.00014552], [-0.02967867, -0.00772118, 0.01039483, 0.01379706, -0.07361042, 0.01928384], [-0.03061119, 0.00797009, 0.0669113, 0.00659154, 0.05362809, -0.03630011], [-0.03309428, -0.00950907, 0.01037934, -0.00097152, -0.07347114, 0.02271494], [0.02314415, -0.00947858, -0.04775138, -0.05536725, 0.01409833, 0.02460723], [-0.03387609, 0.00351872, 0.06687283, -0.00762893, 0.05407512, -0.03299674]], "number of molecular orbitals": 22, "number of electrons": 24, "number of unpaired electrons": 0, "orbital energies/eV": [-19.33726885, -17.45346132, -16.88322171, -15.560712, -14.87940762, -14.6641553, -14.19289389, -13.18547086, -13.023304, -12.96140836, -12.81376594, -10.85276189, -6.75350649, 2.33091728, 3.8885178, 4.56389599, 4.87538607, 5.22190529, 5.6135411, 5.67657994, 7.39452527, 17.31396121], "fractional occupation": [2.0, 2.0, 2.0, 2.0, 2.0, 2.0, 2.0, 2.0, 2.0, 2.0, 2.0, 2.0, 0.0, 0.0, 0.0, 0.0, 0.0, 0.0, 0.0, 0.0, 0.0, 0.0], "program call": "xtb /tmp/scratch/tmpcz1j7e5p/575_0_xyzopt.xyz --pop --wbo --acc 0.2 --gfn 2 --chrg 0 --uhf 0 --etemp 300 --input /tmp/scratch/tmpcz1j7e5p/575_0_xtb.inp", "method": "GFN2-xTB", "xtb version": "6.3.3 (7355c4f)", "Dipole module/D": 3.418, "Total charge": 0, "Transition dipole module/D": NaN, "HOMO": -10.8528, "LUMO": -6.7535, "HOMO occupancy": 2.0, "LUMO occupancy": 0, "mulliken charges": [-0.13421, 0.41231, -0.13421, -0.48355, 0.0638, 0.05301, 0.05301, 0.05301, 0.0638, 0.05301], "cm5 charges": [-0.27808, 0.42808, -0.27808, -0.53487, 0.11903, 0.10622, 0.10622, 0.10622, 0.11903, 0.10622], "FUKUI+": [0.053, -0.198, 0.053, -0.302, -0.082, -0.111, -0.111, -0.111, -0.082, -0.111], "FUKUI-": [-0.013, -0.058, -0.013, -0.298, -0.099, -0.105, -0.105, -0.105, -0.099, -0.105], "FUKUIrad": [0.02, -0.128, 0.02, -0.3, -0.09, -0.108, -0.108, -0.108, -0.09, -0.108], "s proportion": [1.021, 1.061, 1.021, 1.728, 0.936, 0.947, 0.947, 0.947, 0.936, 0.947], "p proportion": [3.113, 2.526, 3.113, 4.756, 0.0, 0.0, 0.0, 0.0, 0.0, 0.0], "d proportion": [0.0, 0.0, 0.0, 0.0, 0.0, 0.0, 0.0, 0.0, 0.0, 0.0], "Fermi-level/eV": -8.8031, "Coordination numbers": [3.754, 2.808, 3.754, 0.857, 0.925, 0.925, 0.925, 0.925, 0.925, 0.925], "Dispersion coefficient C6": [23.279, 22.869, 23.279, 20.786, 2.124, 2.15, 2.15, 2.15, 2.124, 2.15], "Total dispersion C6": 767.130095, "Total dispersion C8": 16460.866219, "Polarizability alpha": [6.88, 7.835, 6.88, 6.113, 2.279, 2.293, 2.293, 2.293, 2.279, 2.293], "Total polarizability alpha": 41.438617, "Wiberg matrix": [[0.0, 1.0014636981782485, 0.0, 0.0, 0.9838910001029059, 0.963551104730468, 0.9635510942077968, 0.0, 0.0, 0.0], [1.0014636981782485, 0.0, 1.0014636932364254, 1.8744160577894124, 0.0, 0.0, 0.0, 0.0, 0.0, 0.0], [0.0, 1.0014636932364254, 0.0, 0.0, 0.0, 0.0, 0.0, 0.9635511200787994, 0.9838910007166168, 0.9635510813413859], [0.0, 1.8744160577894124, 0.0, 0.0, 0.0, 0.0, 0.0, 0.0, 0.0, 0.0], [0.9838910001029059, 0.0, 0.0, 0.0, 0.0, 0.0, 0.0, 0.0, 0.0, 0.0], [0.963551104730468, 0.0, 0.0, 0.0, 0.0, 0.0, 0.0, 0.0, 0.0, 0.0], [0.9635510942077968, 0.0, 0.0, 0.0, 0.0, 0.0, 0.0, 0.0, 0.0, 0.0], [0.0, 0.0, 0.9635511200787994, 0.0, 0.0, 0.0, 0.0, 0.0, 0.0, 0.0], [0.0, 0.0, 0.9838910007166168, 0.0, 0.0, 0.0, 0.0, 0.0, 0.0, 0.0], [0.0, 0.0, 0.9635510813413859, 0.0, 0.0, 0.0, 0.0, 0.0, 0.0, 0.0]], "Born radii": [], "Atomic SASAs": [], "Solvent H bonds": [], "Total SASA": NaN, "Total FOD": 0.0, "FOD": [0.0, 0.0, 0.0, 0.0, 0.0, 0.0, 0.0, 0.0, 0.0, 0.0], "FOD s proportion": [0.0, 0.0, 0.0, 0.0, 0.0, 0.0, 0.0, 0.0, 0.0, 0.0], "FOD p proportion": [0.0, 0.0, 0.0, 0.0, 0.0, 0.0, 0.0, 0.0, 0.0, 0.0], "FOD d proportion": [0.0, 0.0, 0.0, 0.0, 0.0, 0.0, 0.0, 0.0, 0.0, 0.0], "coordinates": [["1.24234991607424", "-0.02733514801514", "-0.29916089298820"], ["0.07282633406388", "0.13573497273453", "0.64038658563602"], ["-1.27754011705060", "-0.03825406478221", "-0.01027847881359"], ["0.20590038533543", "0.38376639101244", "1.81055201351306"], ["2.17719378654093", "0.11100618692009", "0.23697651795624"], ["1.17382358580002", "0.70250224137212", "-1.10279640323716"], ["1.22251467691563", "-1.02011979001867", "-0.74320310606420"], ["-1.39890211200001", "0.69135405888150", "-0.80785716242929"], ["-2.06794976320521", "0.09261200525844", "0.72364343126138"], ["-1.35021669247431", "-1.03126785336309", "-0.44826250483427"]], "bond_dist": [[0.0, 1.5090151549102429, 2.536418350943831, 2.3862356658589983, 1.0865149380082222, 1.0877446879767187, 1.0877445789816598, 2.784151279377495, 3.4667852503320287, 2.784154052361916], [1.5090151549102429, 0.0, 1.5090151634648117, 1.2035428601314664, 2.142828404375397, 2.13824858653672, 2.1382478699270506, 2.1382486154922873, 2.1428284092073513, 2.1382478559981286], [2.536418350943831, 1.5090151634648117, 0.0, 2.3862356696300875, 3.466785254495965, 2.784151454922612, 2.784153872266778, 1.0877446871818466, 1.0865149364413877, 1.087744582140658], [2.3862356658589983, 1.2035428601314664, 2.3862356696300875, 0.0, 2.5370328422765325, 3.0864327081086897, 3.0864326070566146, 3.0864328668445533, 2.537032841832056, 3.0864324552633957], [1.0865149380082222, 2.142828404375397, 3.466785254495965, 2.5370328422765325, 0.0, 1.775277674768167, 1.7752775201093127, 3.7705361618368602, 4.272988039811979, 3.7705393763924913], [1.0877446879767187, 2.13824858653672, 2.784151454922612, 3.0864327081086897, 1.775277674768167, 0.0, 1.7604274551252266, 2.5896005394388184, 3.7705361708211265, 3.1313180438766968], [1.0877445789816598, 2.1382478699270506, 2.784153872266778, 3.0864326070566146, 1.7752775201093127, 1.7604274551252266, 0.0, 3.1313174325964477, 3.7705393571721832, 2.589606328501157], [2.784151279377495, 2.1382486154922873, 1.0877446871818466, 3.0864328668445533, 3.7705361618368602, 2.5896005394388184, 3.1313174325964477, 0.0, 1.775277689499541, 1.7604274595650002], [3.4667852503320287, 2.1428284092073513, 1.0865149364413877, 2.537032841832056, 4.272988039811979, 3.7705361708211265, 3.7705393571721832, 1.775277689499541, 0.0, 1.7752775052064902], [2.784154052361916, 2.1382478559981286, 1.087744582140658, 3.0864324552633957, 3.7705393763924913, 3.1313180438766968, 2.589606328501157, 1.7604274595650002, 1.7752775052064902, 0.0]]}