{"total energy": -24.04931215, "HOMO-LUMO gap/eV": 11.91116585, "electronic energy": -24.35707485, "dipole": [-0.0038476, -0.64426574, 0.15300639], "partial charges": [-0.1029246, -0.05329783, -0.05998821, -0.06106734, -0.06494128, 0.08894023, -0.44264747, 0.0335528, 0.03431478, 0.03431479, 0.02916646, 0.02916646, 0.03354303, 0.033543, 0.02992569, 0.02992569, 0.04854513, 0.04854508, 0.0134132, 0.0134132, 0.2845572], "atomic dipole moments": [[0.07949127, -0.05440552, 0.02182447], [0.00242772, 0.11062871, -0.02607574], [0.00776025, -0.11478775, 0.02820292], [0.01106136, 0.10924303, -0.02478261], [0.01017559, -0.12773362, 0.03155558], [0.11382582, 0.17083577, -0.02798687], [-0.07392034, -0.22835789, 0.046138], [-0.10077643, -0.07120513, 0.00571566], [0.00743173, 0.047387, -0.11378498], [-0.01413056, 0.09341943, 0.07950419], [0.00961874, -0.09290824, -0.07850444], [-0.01160455, -0.0475997, 0.11174528], [-0.01020724, 0.09319066, 0.07854672], [0.01105289, 0.04780372, -0.11203089], [-0.01123983, -0.04790086, 0.11148851], [0.00990692, -0.09304498, -0.07807052], [-0.00536809, 0.09491162, 0.08049672], [0.0162724, 0.04871378, -0.1134854], [-0.00765837, -0.04358195, 0.10890508], [0.01308096, -0.08785554, -0.07699773], [0.05834195, -0.04678465, 0.01765068]], "atomic quadrupole moments": [[0.12365969, -0.14964436, -0.01364266, 0.06366253, -0.04382216, -0.11001703], [0.21757667, 0.00734531, 0.00182804, 0.04910689, -0.0563696, -0.21940471], [0.22426945, 0.00502357, 0.00666036, 0.0518459, -0.06085152, -0.23092981], [0.22344192, 0.01855626, 0.00089962, 0.04761512, -0.05601385, -0.22434154], [0.24606178, -0.0144392, 0.00143497, 0.06101993, -0.06627538, -0.24749675], [0.31433075, 0.20502307, 0.02491016, 0.02622979, -0.06842991, -0.33924092], [0.08027593, 0.11231728, 0.03864758, -0.00387319, -0.02639005, -0.11892352], [0.03895168, 0.05721778, 0.01471711, -0.00305573, -0.01041282, -0.05366879], [-0.03443856, -0.00517485, -0.03140267, -0.01921679, -0.04343027, 0.06584123], [-0.03930092, -0.01269593, 0.02287104, 0.005333, 0.06463308, 0.01642988], [-0.01746715, -0.00554506, 0.0075911, -0.00383141, 0.04922148, 0.00987605], [-0.01729369, 0.00343546, -0.03154333, -0.00678154, -0.0283014, 0.04883701], [-0.02006415, -0.00546281, 0.00894509, -0.00424223, 0.04860521, 0.01111906], [-0.01988623, 0.00339929, -0.02970473, -0.00718639, -0.02795827, 0.04959096], [-0.02026952, 0.00277746, -0.02989835, -0.00657306, -0.02745084, 0.05016787], [-0.02020529, -0.00626528, 0.00841723, -0.00472095, 0.04842193, 0.01178805], [-0.02420512, -0.00895697, 0.0114118, -0.00666858, 0.04642969, 0.01279332], [-0.02513095, 0.00076597, -0.02588202, -0.00465143, -0.02731663, 0.05101297], [-0.00881232, 0.01196681, -0.02708771, 2.847e-05, -0.02145839, 0.03590003], [-0.00618202, 0.00196895, 0.00361129, -0.00990145, 0.03902466, 0.00257072], [0.0843111, -0.07497414, -0.00269898, 0.03762735, -0.02985053, -0.08161212]], "number of molecular orbitals": 42, "number of electrons": 44, "number of unpaired electrons": 0, "orbital energies/eV": [-18.63347485, -17.15743814, -16.89767022, -16.4902991, -15.82634361, -15.55048884, -15.12701012, -14.96693447, -14.53525036, -14.02874102, -13.93144206, -13.2855047, -13.27530158, -13.08135537, -12.47383279, -12.37053857, -12.14631308, -11.76281406, -11.71704134, -11.59064529, -11.43906059, -11.07315951, 0.83800633, 2.32008694, 2.97526182, 3.09888885, 3.41776584, 3.62617361, 4.06176051, 4.08280662, 4.45008232, 4.83417681, 5.10848707, 5.27731946, 5.46442202, 6.08075046, 6.75033581, 6.81188418, 7.04967223, 7.46770898, 7.89544113, 8.63329056], "fractional occupation": [2.0, 2.0, 2.0, 2.0, 2.0, 2.0, 2.0, 2.0, 2.0, 2.0, 2.0, 2.0, 2.0, 2.0, 2.0, 2.0, 2.0, 2.0, 2.0, 2.0, 2.0, 2.0, 0.0, 0.0, 0.0, 0.0, 0.0, 0.0, 0.0, 0.0, 0.0, 0.0, 0.0, 0.0, 0.0, 0.0, 0.0, 0.0, 0.0, 0.0, 0.0, 0.0], "program call": "xtb /tmp/scratch/tmppzwu026s/5929_0_xyzopt.xyz --pop --wbo --acc 0.2 --gfn 2 --chrg 0 --uhf 0 --etemp 300 --input /tmp/scratch/tmppzwu026s/5929_0_xtb.inp", "method": "GFN2-xTB", "xtb version": "6.3.3 (7355c4f)", "Dipole module/D": 1.683, "Total charge": 0, "Transition dipole module/D": NaN, "HOMO": -11.0732, "LUMO": 0.838, "HOMO occupancy": 2.0, "LUMO occupancy": 0, "mulliken charges": [-0.08558, -0.03969, -0.04612, -0.05095, -0.05487, 0.2033, -0.56859, 0.02939, 0.02816, 0.02816, 0.02195, 0.02195, 0.02448, 0.02448, 0.02157, 0.02157, 0.03687, 0.03687, 0.00476, 0.00476, 0.33751], "cm5 charges": [-0.23828, -0.15331, -0.15811, -0.16257, -0.1637, 0.11789, -0.78627, 0.08096, 0.08033, 0.08033, 0.07716, 0.07716, 0.08051, 0.08051, 0.07758, 0.07758, 0.09514, 0.09514, 0.06619, 0.06619, 0.50955], "FUKUI+": [0.005, -0.017, -0.016, -0.026, -0.014, -0.017, -0.11, -0.063, -0.037, -0.037, -0.042, -0.042, -0.049, -0.049, -0.055, -0.055, -0.058, -0.058, -0.07, -0.07, -0.12], "FUKUI-": [0.02, 0.009, 0.015, 0.018, 0.014, 0.021, -0.113, -0.049, -0.07, -0.07, -0.089, -0.089, -0.069, -0.069, -0.048, -0.048, -0.064, -0.064, -0.101, -0.101, -0.054], "FUKUIrad": [0.013, -0.004, -0.0, -0.004, 0.0, 0.002, -0.112, -0.056, -0.054, -0.054, -0.066, -0.066, -0.059, -0.059, -0.051, -0.051, -0.061, -0.061, -0.085, -0.085, -0.087], "s proportion": [1.005, 1.026, 1.03, 1.03, 1.032, 0.987, 1.688, 0.971, 0.972, 0.972, 0.978, 0.978, 0.976, 0.976, 0.978, 0.978, 0.963, 0.963, 0.995, 0.995, 0.662], "p proportion": [3.081, 3.014, 3.016, 3.021, 3.023, 2.809, 4.881, 0.0, 0.0, 0.0, 0.0, 0.0, 0.0, 0.0, 0.0, 0.0, 0.0, 0.0, 0.0, 0.0, 0.0], "d proportion": [0.0, 0.0, 0.0, 0.0, 0.0, 0.0, 0.0, 0.0, 0.0, 0.0, 0.0, 0.0, 0.0, 0.0, 0.0, 0.0, 0.0, 0.0, 0.0, 0.0, 0.0], "Fermi-level/eV": -5.1176, "Coordination numbers": [3.752, 3.801, 3.803, 3.803, 3.802, 3.674, 1.656, 0.925, 0.925, 0.925, 0.924, 0.924, 0.924, 0.924, 0.924, 0.924, 0.924, 0.924, 0.923, 0.923, 0.805], "Dispersion coefficient C6": [22.526, 21.531, 21.652, 21.672, 21.745, 19.327, 21.694, 2.536, 2.526, 2.526, 2.598, 2.598, 2.537, 2.537, 2.588, 2.588, 2.338, 2.338, 2.836, 2.836, 0.769], "Total dispersion C6": 2916.155099, "Total dispersion C8": 60117.112205, "Polarizability alpha": [6.768, 6.606, 6.625, 6.628, 6.639, 6.3, 6.288, 2.491, 2.485, 2.485, 2.521, 2.521, 2.491, 2.491, 2.516, 2.516, 2.391, 2.391, 2.634, 2.634, 1.378], "Total polarizability alpha": 79.796141,