{"total energy": -24.04933834, "HOMO-LUMO gap/eV": 11.12738509, "electronic energy": -24.35141799, "dipole": [-0.02091323, 0.31726232, -0.34883572], "partial charges": [-0.10647148, -0.06003642, 0.08986757, -0.32375086, 0.08986758, -0.06003642, -0.10647148, 0.03693633, 0.03693628, 0.04243689, 0.04783009, 0.04782972, 0.01327319, 0.01327325, 0.01327324, 0.01327319, 0.04783008, 0.04782973, 0.03693633, 0.03693629, 0.04243689], "atomic dipole moments": [[0.09707902, -0.03459113, 0.0337763], [0.00216493, 0.08773685, -0.0968287], [0.13936371, -0.10935527, 0.11430948], [-0.01272591, 0.19305223, -0.21227056], [-0.124816, -0.11133227, 0.1283494], [-0.01372432, 0.08761774, -0.09598444], [-0.09242534, -0.03600934, 0.04384752], [-0.00898985, 0.1225554, 0.01428015], [-0.01502633, -0.02559836, -0.12009791], [-0.09192832, -0.05318445, 0.06276624], [0.01542571, 0.02536122, 0.12092428], [0.00936563, -0.12337218, -0.0139794], [-0.00625355, -0.02358031, -0.11385791], [-0.00057777, 0.11576446, 0.01252821], [0.00017436, 0.11577011, 0.01248804], [-0.00549752, -0.02357485, -0.11389805], [-0.00289959, 0.02522431, 0.12189812], [-0.00895201, -0.1235093, -0.01300566], [0.00862244, 0.12268725, 0.01334388], [0.00259363, -0.02546675, -0.12103426], [0.0988463, -0.05175651, 0.05262771]], "atomic quadrupole moments": [[0.16920117, -0.10580648, -0.08432942, 0.10331825, -0.0430196, -0.08487175], [0.24478034, 0.02225648, -0.13744463, -0.04730987, -0.13850182, -0.10733571], [0.37335115, -0.11157636, -0.19955392, 0.08993252, -0.17563168, -0.17379722], [0.13159731, -0.00395552, -0.07606422, -0.00919308, -0.10373641, -0.05553309], [0.34536838, 0.10057885, -0.19637724, -0.14270144, -0.18865877, -0.14899113], [0.25180934, -0.03101004, -0.1382429, 0.01112902, -0.13523076, -0.11356643], [0.14151218, 0.10412216, -0.08118574, -0.12687318, -0.05591, -0.06032645], [-0.0355648, -0.00057386, 0.08101479, 0.01097301, 0.02052152, -0.04544999], [-0.03611059, -0.00972255, -0.03935835, 0.00761509, 0.03258868, 0.07546894], [0.02733311, 0.03727895, -0.0195461, -0.04485246, -0.0420738, -0.00778701], [-0.02250416, 0.00288118, -0.02869213, 0.00296757, 0.02596541, 0.05119628], [-0.02279871, 0.00098565, 0.05556883, -0.00219483, 0.01789115, -0.03277013], [-0.01407324, -0.0038761, -0.0238102, 0.01365738, 0.02360868, 0.03788344], [-0.01467996, -0.00997549, 0.0429086, 0.00540899, 0.01742056, -0.02822864], [-0.01631044, 0.01088731, 0.04322102, -0.00694881, 0.01621854, -0.02691058], [-0.01655985, 0.00647147, -0.02365509, -0.00821259, 0.02289421, 0.04021494], [-0.02229973, -2.085e-05, -0.02873547, 0.00447656, 0.02613117, 0.05103521], [-0.02245804, -0.0002491, 0.05555041, 0.00082712, 0.01797935, -0.03309236], [-0.03804439, 0.00097813, 0.08103825, -0.01206991, 0.02026532, -0.04299386], [-0.03685453, 0.01315637, -0.0390157, 0.00385801, 0.03134462, 0.07587023], [0.0376204, -0.04070744, -0.0207142, 0.04067181, -0.03728504, -0.0169062]], "number of molecular orbitals": 42, "number of electrons": 44, "number of unpaired electrons": 0, "orbital energies/eV": [-18.77413035, -17.46693023, -16.87485476, -16.48784145, -16.13423925, -15.60260502, -15.20505668, -14.92143308, -14.75332587, -14.12969846, -14.01726382, -13.40045936, -13.24861158, -12.78184198, -12.72520143, -12.63813114, -12.36332504, -11.8915616, -11.86794734, -11.82688941, -11.64439629, -10.64631354, 0.48107155, 2.79264241, 2.91850137, 3.52029339, 3.5633371, 3.66486771, 3.84810334, 3.93039586, 4.42535632, 4.44906189, 4.95639281, 5.1029045, 5.76001563, 5.78957538, 5.87442453, 6.94887427, 7.02050081, 7.43040465, 8.02470059, 8.11882073], "fractional occupation": [2.0, 2.0, 2.0, 2.0, 2.0, 2.0, 2.0, 2.0, 2.0, 2.0, 2.0, 2.0, 2.0, 2.0, 2.0, 2.0, 2.0, 2.0, 2.0, 2.0, 2.0, 2.0, 0.0, 0.0, 0.0, 0.0, 0.0, 0.0, 0.0, 0.0, 0.0, 0.0, 0.0, 0.0, 0.0, 0.0, 0.0, 0.0, 0.0, 0.0, 0.0, 0.0], "program call": "xtb /tmp/scratch/tmp8v7rb_lr/5966_0_xyzopt.xyz --pop --wbo --acc 0.2 --gfn 2 --chrg 0 --uhf 0 --etemp 300 --input /tmp/scratch/tmp8v7rb_lr/5966_0_xtb.inp", "method": "GFN2-xTB", "xtb version": "6.3.3 (7355c4f)", "Dipole module/D": 1.2, "Total charge": 0, "Transition dipole module/D": NaN, "HOMO": -10.6463, "LUMO": 0.4811, "HOMO occupancy": 2.0, "LUMO occupancy": 0, "mulliken charges": [-0.0911, -0.04821, 0.20136, -0.47, 0.20136, -0.04821, -0.0911, 0.02767, 0.02767, 0.03352, 0.03575, 0.03575, 0.00629, 0.00629, 0.00629, 0.00629, 0.03575, 0.03575, 0.02767, 0.02767, 0.03352], "cm5 charges": [-0.24355, -0.15848, 0.12014, -0.57411, 0.12014, -0.15848, -0.24355, 0.07991, 0.07991, 0.08524, 0.0933, 0.0933, 0.06864, 0.06864, 0.06864, 0.06864, 0.0933, 0.0933, 0.07991, 0.07991, 0.08524], "FUKUI+": [0.002, -0.012, -0.02, -0.144, -0.02, -0.012, 0.002, -0.044, -0.044, -0.069, -0.05, -0.05, -0.071, -0.071, -0.071, -0.071, -0.05, -0.05, -0.044, -0.044, -0.069], "FUKUI-": [0.021, 0.009, 0.031, -0.123, 0.031, 0.009, 0.021, -0.055, -0.055, -0.047, -0.075, -0.075, -0.096, -0.096, -0.096, -0.096, -0.075, -0.075, -0.055, -0.055, -0.047], "FUKUIrad": [0.012, -0.002, 0.006, -0.134, 0.006, -0.002, 0.012, -0.049, -0.049, -0.058, -0.062, -0.062, -0.084, -0.084, -0.084, -0.084, -0.062, -0.062, -0.049, -0.049, -0.058], "s proportion": [1.005, 1.028, 0.992, 1.684, 0.992, 1.028, 1.005, 0.972, 0.972, 0.966, 0.964, 0.964, 0.994, 0.994, 0.994, 0.994, 0.964, 0.964, 0.972, 0.972, 0.966], "p proportion": [3.086, 3.02, 2.806, 4.786, 2.806, 3.02, 3.086, 0.0, 0.0, 0.0, 0.0, 0.0, 0.0, 0.0, 0.0, 0.0, 0.0, 0.0, 0.0, 0.0, 0.0], "d proportion": [0.0, 0.0, 0.0, 0.0, 0.0, 0.0, 0.0, 0.0, 0.0, 0.0, 0.0, 0.0, 0.0, 0.0, 0.0, 0.0, 0.0, 0.0, 0.0, 0.0, 0.0], "Fermi-level/eV": -5.0826, "Coordination numbers": [3.753, 3.8, 3.704, 1.702, 3.704, 3.8, 3.753, 0.925, 0.925, 0.925, 0.924, 0.924, 0.923, 0.923, 0.923, 0.923, 0.924, 0.924, 0.925, 0.925, 0.925], "Dispersion coefficient C6": [22.594, 21.656, 19.233, 19.413, 19.233, 21.656, 22.594, 2.49, 2.49, 2.417, 2.347, 2.347, 2.838, 2.838, 2.838, 2.838, 2.347, 2.347, 2.49, 2.49, 2.417], "Total dispersion C6": 2934.22501, "Total dispersion C8": 60118.46106, "Polarizability alpha": [6.778, 6.626, 6.27, 5.949, 6.27, 6.626, 6.778, 2.468, 2.468, 2.431, 2.396, 2.396, 2.635, 2.635, 2.635, 2.635, 2.396, 2.396, 2.468, 2.468, 2.431], "Total polarizability alpha": 80.151425,