{"total energy": -28.996169, "HOMO-LUMO gap/eV": 10.60831546, "electronic energy": -29.25163831, "dipole": [0.75827407, -0.1667393, 0.14076232], "partial charges": [0.03970736, -0.31377014, 0.08241089, 0.08226371, -0.32444958, 0.0719303, 0.07514508, -0.43303558, 0.03184633, 0.0318833, 0.06300288, 0.0345304, 0.03287376, 0.03545792, 0.03556381, 0.02479023, 0.03507018, 0.05411945, 0.0367223, 0.30393739], "atomic dipole moments": [[-0.20961042, -0.08670682, 0.05470764], [0.03440442, 0.28295363, 0.03637511], [0.07895909, -0.19117579, -0.0590865], [-0.08131206, 0.18862917, 0.06104766], [-0.0299897, -0.28342694, -0.04205716], [0.1578109, 0.15375441, -0.0164339], [0.04775124, 0.06825383, -0.1936858], [0.16253631, -0.1294365, 0.13775544], [-0.01620997, 0.08298619, -0.08479584], [0.04420166, 0.05236744, 0.09822446], [0.07253794, -0.09243359, -0.03946027], [0.03513039, 0.05321816, 0.10095713], [-0.02433212, 0.0838883, -0.08100814], [-0.03563822, -0.05274413, -0.10157898], [0.02539657, -0.08509182, 0.08075018], [0.01713034, -0.08371369, 0.08456231], [-0.04197699, -0.05224236, -0.10137552], [-0.11068822, -0.04946269, 0.02392259], [0.04599514, 0.05504441, 0.09711702], [0.07454545, 0.01785238, -0.01920721]], "atomic quadrupole moments": [[0.34674914, 0.26604653, -0.12477509, -0.15673803, -0.06475118, -0.22197405], [0.10639235, -0.00470798, 0.02670944, -0.09208865, 0.03450495, -0.13310179], [0.27635031, -0.1290367, 0.01712587, -0.24188181, 0.11112415, -0.29347617], [0.2785085, -0.13264595, 0.01149726, -0.24844381, 0.11672167, -0.29000575], [0.10600995, -0.00098697, 0.02790385, -0.09145983, 0.03972089, -0.1339138], [0.3230848, 0.11462323, -0.02166427, -0.20792877, 0.00417318, -0.30142053], [-0.18608016, -0.22141185, 0.13722527, -0.04150747, -0.26040753, 0.04885489], [-0.0568648, -0.03840439, 0.02001279, 0.0338846, -0.14686858, 0.03685201], [-0.01737411, 0.00290023, 0.0047448, 0.0176888, -0.06034192, 0.0126293], [-0.01633342, 0.0339291, -0.02703024, 0.02432948, 0.03190392, 0.04336366], [0.02232287, -0.04487807, 0.02059967, -0.03438398, 0.02812562, -0.04292253], [-0.01557223, -0.00089006, -0.01595952, 0.01774594, 0.02665866, 0.03153175], [-0.01954466, -0.01975671, 0.00442655, 0.0094599, -0.03157744, 0.0151181], [-0.01460924, -0.00078209, -0.01691519, 0.01741769, 0.02613274, 0.03152443], [-0.0182943, -0.01994155, 0.00426871, 0.0084925, -0.03135127, 0.01402559], [-0.01221831, -7.826e-05, 0.00121862, 0.00849338, -0.04573653, 0.01099969], [-8.052e-05, 0.02253525, -0.02852003, 0.01625543, 0.02122597, 0.02860055], [0.03908815, 0.03322562, -0.00983029, -0.01367861, -0.02340458, -0.02925785], [-0.02987207, 0.00699465, 0.01261223, 0.03620077, 0.01138051, 0.01725984], [0.08022044, 0.05558863, -0.04219891, -0.05516563, -0.04781313, -0.03802153]], "number of molecular orbitals": 44, "number of electrons": 50, "number of unpaired electrons": 0, "orbital energies/eV": [-19.38097942, -19.22135478, -18.72632551, -18.0819941, -17.55321216, -16.91866252, -16.62864124, -16.51032883, -15.57526355, -15.50736189, -15.41015738, -15.07852454, -14.84102866, -14.65706426, -14.27914434, -14.08191529, -13.58355142, -13.32923771, -12.81583904, -12.71950456, -12.509142, -12.28818902, -11.25189148, -11.21083884, -11.07485982, -0.46654436, 1.53808681, 2.0309725, 2.2988549, 2.36238219, 3.18018818, 3.47556243, 3.59702297, 3.9351949, 4.00309496, 4.06635306, 4.62074081, 4.86373801, 5.17122468, 5.44242965, 6.3132372, 6.76973446, 6.84026204, 7.23439775], "fractional occupation": [2.0, 2.0, 2.0, 2.0, 2.0, 2.0, 2.0, 2.0, 2.0, 2.0, 2.0, 2.0, 2.0, 2.0, 2.0, 2.0, 2.0, 2.0, 2.0, 2.0, 2.0, 2.0, 2.0, 2.0, 2.0, 0.0, 0.0, 0.0, 0.0, 0.0, 0.0, 0.0, 0.0, 0.0, 0.0, 0.0, 0.0, 0.0, 0.0, 0.0, 0.0, 0.0, 0.0, 0.0], "program call": "xtb /tmp/scratch/tmp0peyo8tl/6087_0_xyzopt.xyz --pop --wbo --acc 0.2 --gfn 2 --chrg 0 --uhf 0 --etemp 300 --input /tmp/scratch/tmp0peyo8tl/6087_0_xtb.inp", "method": "GFN2-xTB", "xtb version": "6.3.3 (7355c4f)", "Dipole module/D": 2.006, "Total charge": 0, "Transition dipole module/D": NaN, "HOMO": -11.0749, "LUMO": -0.4665, "HOMO occupancy": 2.0, "LUMO occupancy": 0, "mulliken charges": [0.17475, -0.46872, 0.19455, 0.19618, -0.48072, 0.17792, 0.19584, -0.56334, 0.01387, 0.01373, 0.03501, 0.01995, 0.01912, 0.02219, 0.02151, 0.01231, 0.02156, 0.02664, 0.02005, 0.34761], "cm5 charges": [0.05313, -0.57654, 0.11671, 0.11826, -0.58597, 0.09804, 0.11352, -0.77906, 0.07255, 0.07242, 0.09583, 0.08446, 0.08355, 0.08688, 0.08627, 0.07442, 0.08583, 0.09052, 0.08404, 0.52515], "FUKUI+": [0.01, -0.108, -0.012, -0.015, -0.122, -0.008, 0.005, -0.048, -0.051, -0.051, -0.066, -0.063, -0.062, -0.068, -0.068, -0.068, -0.059, -0.074, -0.045, -0.027], "FUKUI-": [0.033, -0.124, 0.025, 0.021, -0.067, 0.017, 0.016, -0.111, -0.076, -0.076, -0.056, -0.081, -0.08, -0.066, -0.067, -0.059, -0.065, -0.062, -0.089, -0.034], "FUKUIrad": [0.022, -0.116, 0.007, 0.003, -0.095, 0.004, 0.01, -0.08, -0.063, -0.063, -0.061, -0.072, -0.071, -0.067, -0.067, -0.063, -0.062, -0.068, -0.067, -0.031], "s proportion": [0.968, 1.684, 0.993, 0.993, 1.689, 1.0, 0.988, 1.691, 0.986, 0.986, 0.965, 0.98, 0.981, 0.978, 0.978, 0.988, 0.978, 0.973, 0.98, 0.652], "p proportion": [2.857, 4.784, 2.813, 2.811, 4.792, 2.822, 2.817, 4.872, 0.0, 0.0, 0.0, 0.0, 0.0, 0.0, 0.0, 0.0, 0.0, 0.0, 0.0, 0.0], "d proportion": [0.0, 0.0, 0.0, 0.0, 0.0, 0.0, 0.0, 0.0, 0.0, 0.0, 0.0, 0.0, 0.0, 0.0, 0.0, 0.0, 0.0, 0.0, 0.0, 0.0], "Fermi-level/eV": -5.7707, "Coordination numbers": [3.656, 1.702, 3.706, 3.703, 1.702, 3.701, 3.674, 1.656, 0.924, 0.924, 0.925, 0.923, 0.923, 0.923, 0.923, 0.923, 0.923, 0.924, 0.923, 0.805], "Dispersion coefficient C6": [20.195, 19.236, 19.347, 19.357, 19.426, 19.528, 19.548, 21.501, 2.561, 2.56, 2.164, 2.523, 2.546, 2.51, 2.509, 2.662, 2.516, 2.269, 2.493, 0.709], "Total dispersion C6": 2871.48833, "Total dispersion C8": 58544.479209, "Polarizability alpha": [6.451, 5.921, 6.288, 6.291, 5.951, 6.319, 6.336, 6.26, 2.502, 2.502, 2.301, 2.484, 2.495, 2.478, 2.477, 2.552, 2.48, 2.356, 2.469, 1.323], "Total polarizability alpha": 78.235226,