{"total energy": -19.83384765, "HOMO-LUMO gap/eV": 5.22962037, "electronic energy": -20.10971432, "dipole": [0.3086894, -0.26174389, 0.50202332], "partial charges": [-0.09326682, -0.04850968, 0.15013988, -0.11941837, -0.11021777, -0.45056932, 0.03744937, 0.04077298, 0.04320008, 0.04195322, 0.03462325, 0.04806874, 0.0524829, 0.037841, 0.05401156, 0.28143897], "atomic dipole moments": [[0.04945364, -0.01067157, 0.05239498], [-0.14256822, 0.02145913, -0.03397213], [-0.08204422, -0.073791, -0.10775233], [0.03861788, 0.03277954, -0.07761597], [0.0374054, -0.09857696, 0.02041904], [0.13373993, -0.02269421, 0.18584788], [0.14150592, -0.00200436, -0.03327302], [-0.04063784, -0.02166529, 0.14068694], [0.04741241, 0.02047239, -0.13652573], [0.03697775, 0.07400238, 0.09588065], [0.0433131, -0.11650756, 0.01898864], [-0.12650991, -0.00278047, -0.00333754], [0.03552117, 0.04054625, -0.11519443], [0.05350338, 0.06968643, 0.0901988], [-0.12675505, 0.00533268, 0.00608733], [0.02353789, -0.07295942, 0.01239281]], "atomic quadrupole moments": [[-0.3047081, 0.06492988, 0.60113862, -0.03874708, 0.16427508, -0.29643053], [-0.13366933, 0.06072828, 0.52713297, -0.08869471, 0.17325057, -0.39346364], [-0.10226021, 0.07658082, -0.01091173, 0.11170343, 0.13584418, 0.11317194], [-0.08087296, 0.04439023, -0.06853875, -0.09354191, -0.11036755, 0.14941172], [-0.10915283, -0.11010572, 0.2333923, 0.01217291, -0.03121811, -0.12423947], [-0.05193587, 0.03931031, -0.00322612, 0.1005089, 0.08421759, 0.055162], [0.05238635, -0.00676532, -0.06894166, -0.00457791, -0.01487739, 0.01655531], [0.02245556, -0.0002072, -0.06492512, -0.01638322, -0.01831028, 0.04246956], [0.03713578, -0.00824323, -0.06736144, 0.0026679, -0.01745848, 0.03022566], [-0.03360598, 0.03079121, 0.00384461, 0.03017714, 0.05249958, 0.02976137], [-0.02338405, -0.04493502, 0.06637867, -0.00583768, -0.01411194, -0.04299461], [0.08419744, 0.00106536, -0.0475164, 0.00536673, -0.00880714, -0.03668104], [-0.03282067, 0.00388383, -0.02366083, -0.03953695, -0.03722728, 0.0564815], [-0.026672, 0.02635868, 0.00206965, 0.04646814, 0.05145363, 0.02460235], [0.08196805, -0.00356362, -0.03241494, -0.01273379, -0.00698393, -0.0495531], [-0.06688113, -0.04796523, 0.13074064, 0.02128862, -0.00306603, -0.06385951]], "number of molecular orbitals": 34, "number of electrons": 36, "number of unpaired electrons": 0, "orbital energies/eV": [-18.54315884, -17.25407975, -16.68367673, -16.32491082, -15.68033898, -15.32180084, -14.53985865, -14.10832597, -13.93678413, -13.43177995, -12.77972683, -12.72848181, -12.54992645, -12.35681364, -12.04683493, -11.85688312, -11.14636404, -10.92362412, -5.69400375, 1.36239739, 2.37361917, 2.64845943, 3.16304963, 3.87001769, 4.17244197, 5.27308795, 5.71418824, 5.9017556, 6.40362089, 6.87643324, 7.11805276, 7.31379179, 11.3886532, 16.96478488], "fractional occupation": [2.0, 2.0, 2.0, 2.0, 2.0, 2.0, 2.0, 2.0, 2.0, 2.0, 2.0, 2.0, 2.0, 2.0, 2.0, 2.0, 2.0, 2.0, 0.0, 0.0, 0.0, 0.0, 0.0, 0.0, 0.0, 0.0, 0.0, 0.0, 0.0, 0.0, 0.0, 0.0, 0.0, 0.0], "program call": "xtb /tmp/scratch/tmp7bwpg9f2/6313_0_xyzopt.xyz --pop --wbo --acc 0.2 --gfn 2 --chrg 0 --uhf 0 --etemp 300 --input /tmp/scratch/tmp7bwpg9f2/6313_0_xtb.inp", "method": "GFN2-xTB", "xtb version": "6.3.3 (7355c4f)", "Dipole module/D": 1.639, "Total charge": 0, "Transition dipole module/D": NaN, "HOMO": -10.9236, "LUMO": -5.694, "HOMO occupancy": 2.0, "LUMO occupancy": 0, "mulliken charges": [-0.08176, -0.05117, 0.25228, -0.11738, -0.09356, -0.56986, 0.03469, 0.02924, 0.03942, 0.03417, 0.03095, 0.04342, 0.04439, 0.02541, 0.04328, 0.33648], "cm5 charges": [-0.18589, -0.1103, 0.24379, -0.26385, -0.23873, -0.77808, 0.0882, 0.08431, 0.09933, 0.08819, 0.08561, 0.09876, 0.10013, 0.07922, 0.09873, 0.51057], "FUKUI+": [-0.128, -0.153, -0.007, 0.031, 0.021, -0.049, -0.151, -0.155, -0.139, -0.029, -0.024, -0.059, -0.036, -0.03, -0.064, -0.028], "FUKUI-": [-0.025, -0.034, -0.031, 0.005, 0.025, -0.138, -0.127, -0.098, -0.105, -0.065, -0.055, -0.07, -0.072, -0.057, -0.09, -0.063], "FUKUIrad": [-0.076, -0.094, -0.019, 0.018, 0.023, -0.094, -0.139, -0.126, -0.122, -0.047, -0.039, -0.065, -0.054, -0.043, -0.077, -0.045], "s proportion": [1.043, 1.082, 1.038, 1.019, 1.013, 1.698, 0.965, 0.971, 0.961, 0.966, 0.969, 0.957, 0.956, 0.975, 0.957, 0.664], "p proportion": [3.039, 2.969, 2.709, 3.098, 3.08, 4.872, 0.0, 0.0, 0.0, 0.0, 0.0, 0.0, 0.0, 0.0, 0.0, 0.0], "d proportion": [0.0, 0.0, 0.0, 0.0, 0.0, 0.0, 0.0, 0.0, 0.0, 0.0, 0.0, 0.0, 0.0, 0.0, 0.0, 0.0], "Fermi-level/eV": -8.3088, "Coordination numbers": [2.835, 2.891, 3.776, 3.755, 3.759, 1.656, 0.926, 0.926, 0.925, 0.925, 0.925, 0.925, 0.925, 0.925, 0.925, 0.805], "Dispersion coefficient C6": [30.333, 29.203, 18.194, 22.844, 22.657, 21.855, 2.483, 2.438, 2.407, 2.423, 2.522, 2.344, 2.289, 2.478, 2.27, 0.78], "Total dispersion C6": 1947.527437, "Total dispersion C8": 42053.175812, "Polarizability alpha": [9.025, 8.86, 6.077, 6.815, 6.786, 6.311, 2.464, 2.442, 2.426, 2.434, 2.483, 2.394, 2.366, 2.462, 2.356, 1.387], "Total polarizability alpha": 67.089042, "Wiberg matrix": [[0.0, 1.985889487297865, 0.0, 0.0, 0.0, 0.0, 0.9759392087720185, 0.97348071313124, 0.0, 0.0, 0.0, 0.0, 0.0, 0.0, 0.0, 0.0], [1.985889487297865, 0.0, 0.9873557945506781, 0.0, 0.0, 0.0, 0.0, 0.0, 0.9643738926340065, 0.0, 0.0, 0.0, 0.0, 0.0, 0.0, 0.0], [0.0, 0.9873557945506781, 0.0, 0.9901474198424554, 0.9801161637421603, 0.9653240745572759, 0.0, 0.0, 0.0, 0.0, 0.0, 0.0, 0.0, 0.0, 0.0, 0.0], [0.0, 0.0, 0.9901474198424554, 0.0, 0.0, 0.0, 0.0, 0.0, 0.0, 0.9840898749586613, 0.9851585158864691, 0.9847599447408266, 0.0, 0.0, 0.0, 0.0], [0.0, 0.0, 0.9801161637421603, 0.0, 0.0, 0.0, 0.0, 0.0, 0.0, 0.0, 0.0, 0.0, 0.9848819818333949, 0.9867031507529466, 0.9821667044238476, 0.0], [0.0, 0.0, 0.9653240745572759, 0.0, 0.0, 0.0, 0.0, 0.0, 0.0, 0.0, 0.0, 0.0, 0.0, 0.0, 0.0, 0.9042391422705417], [0.9759392087720185, 0.0, 0.0, 0.0, 0.0, 0.0, 0.0, 0.0, 0.0, 0.0, 0.0, 0.0, 0.0, 0.0, 0.0, 0.0], [0.97348071313124, 0.0, 0.0, 0.0, 0.0, 0.0, 0.0, 0.0, 0.0, 0.0, 0.0, 0.0, 0.0, 0.0, 0.0, 0.0], [0.0, 0.9643738926340065, 0.0, 0.0, 0.0, 0.0, 0.0, 0.0, 0.0, 0.0, 0.0, 0.0, 0.0, 0.0, 0.0, 0.0], [0.0, 0.0, 0.0, 0.9840898749586613, 0.0, 0.0, 0.0, 0.0, 0.0, 0.0, 0.0, 0.0, 0.0, 0.0, 0.0, 0.0], [0.0, 0.0, 0.0, 0.9851585158864691, 0.0, 0.0, 0.0, 0.0, 0.0, 0.0, 0.0, 0.0, 0.0, 0.0, 0.0, 0.0], [0.0, 0.0, 0.0, 0.9847599447408266, 0.0, 0.0, 0.0, 0.0, 0.0, 0.0, 0.0, 0.0, 0.0, 0.0, 0.0, 0.0], [0.0, 0.0, 0.0, 0.0, 0.9848819818333949, 0.0, 0.0, 0.0, 0.0, 0.0, 0.0, 0.0, 0.0, 0.0, 0.0, 0.0], [0.0, 0.0, 0.0, 0.0, 0.9867031507529466, 0.0, 0.0, 0.0, 0.0, 0.0, 0.0, 0.0, 0.0, 0.0, 0.0, 0.0], [0.0, 0.0, 0.0, 0.0, 0.9821667044238476, 0.0, 0.0, 0.0, 0.0, 0.0, 0.0, 0.0, 0.0, 0.0, 0.0, 0.0], [0.0, 0.0, 0.0, 0.0, 0.0, 0.9042391422705417, 0.0, 0.0, 0.0, 0.0, 0.0, 0.0, 0.0, 0.0, 0.0, 0.0]], "Born radii": [], "Atomic SASAs": [], "Solvent H bonds": [], "Total SASA": NaN, "Total FOD": 0.0, "FOD": [0.0, 0.0, 0.0, 0.0, 0.0, 0.0, 0.0, 0.0, 0.0, 0.0, 0.0, 0.0, 0.0, 0.0, 0.0, 0.0], "FOD s proportion": [0.0, 0.0, 0.0, 0.0, 0.0, 0.0, 0.0, 0.0, 0.0, 0.0, 0.0, 0.0, 0.0, 0.0, 0.0, 0.0], "FOD p proportion": [0.0, 0.0, 0.0, 0.0, 0.0, 0.0, 0.0, 0.0, 0.0, 0.0, 0.0, 0.0, 0.0, 0.0, 0.0, 0.0], "FOD d proportion": [0.0, 0.0, 0.0, 0.0, 0.0, 0.0, 0.0, 0.0, 0.0, 0.0, 0.0, 0.0, 0.0, 0.0, 0.0, 0.0],