{"total energy": -18.85297117, "HOMO-LUMO gap/eV": 4.00950327, "electronic energy": -19.09677805, "dipole": [-1.12705204, -0.54490886, 0.34733946], "partial charges": [-0.35998943, 0.24390598, -0.08977686, -0.06131753, -0.06131753, -0.08977686, 0.06781767, 0.06233969, 0.03930207, 0.0396767, 0.03930207, 0.0396767, 0.06781767, 0.06233969], "atomic dipole moments": [[-0.14470603, -0.06996269, 0.0445961], [0.01931864, 0.00934021, -0.00595376], [-0.00274622, -0.09588056, -0.01138412], [0.12012874, -0.00382474, 0.03031038], [0.0438447, 0.08310287, -0.0808444], [-0.06588206, 0.06270006, 0.03253429], [0.01370479, 0.05829394, 0.11887981], [-0.02310258, 0.10079309, -0.08931335], [-0.09677883, 0.03088766, 0.07881315], [-0.04611514, -0.01935343, -0.11526693], [-0.06297376, -0.10812509, -0.02957994], [0.01608842, 0.00483607, 0.12452068], [-0.00579956, -0.0544719, -0.12131607], [0.10310965, -0.06211115, 0.06465645]], "atomic quadrupole moments": [[-0.10582951, 0.00504509, -0.12965011, 0.10224767, 0.02460866, 0.23547962], [-0.23269519, 0.02155548, -0.30602129, 0.23202998, 0.05074159, 0.53871647], [0.18500426, 0.04844296, 0.05451076, -0.07788721, 0.02795841, -0.23951501], [0.04892971, 0.03428793, 0.17960922, 0.04131346, -0.10540377, -0.22853892], [0.13544335, -0.11669018, 0.01339601, -0.10132271, -0.11494603, -0.14883936], [0.07779544, 0.06613987, 0.09668355, -0.16688208, -0.03649708, -0.17447898], [-0.02148181, 0.02665496, -0.03157052, -0.0045781, 0.0331498, 0.05305233], [-0.01619115, -0.00016121, 0.00555243, 0.02670403, -0.04669383, 0.01063872], [0.01529255, -0.01491422, -0.02944485, -0.03604075, 0.01931499, 0.0141523], [-0.03470919, 0.01084228, -0.01009472, 0.02501786, 0.00648903, 0.04480391], [-0.01576042, 0.0368733, 0.02789054, 0.01138505, 0.02165747, -0.01213012], [-0.0126983, -0.01153438, -0.03687726, 0.0138846, 0.01128208, 0.04957556], [-0.01142273, 0.02452196, -0.0359844, 0.00303068, 0.0389847, 0.04740713], [0.01998857, -0.02595584, -0.02784722, 0.02563944, -0.0338682, 0.00785865]], "number of molecular orbitals": 32, "number of electrons": 34, "number of unpaired electrons": 0, "orbital energies/eV": [-19.33510222, -17.95608051, -17.05832178, -16.75327748, -15.87480932, -15.45161299, -15.08854925, -14.65518106, -14.28103712, -13.76628102, -13.71572319, -13.06126795, -12.58030546, -12.52052709, -12.48003936, -11.97318596, -10.69980192, -6.69029865, 1.60039649, 1.98692407, 2.69163699, 2.75984322, 3.494845, 3.70087921, 4.53117934, 4.60394334, 6.25943103, 6.34636239, 7.18213354, 7.40045443, 8.15012199, 17.77692118], "fractional occupation": [2.0, 2.0, 2.0, 2.0, 2.0, 2.0, 2.0, 2.0, 2.0, 2.0, 2.0, 2.0, 2.0, 2.0, 2.0, 2.0, 2.0, 0.0, 0.0, 0.0, 0.0, 0.0, 0.0, 0.0, 0.0, 0.0, 0.0, 0.0, 0.0, 0.0, 0.0, 0.0], "program call": "xtb /tmp/scratch/tmpqw6rm41o/6427_0_xyzopt.xyz --pop --wbo --acc 0.2 --gfn 2 --chrg 0 --uhf 0 --etemp 300 --input /tmp/scratch/tmpqw6rm41o/6427_0_xtb.inp", "method": "GFN2-xTB", "xtb version": "6.3.3 (7355c4f)", "Dipole module/D": 3.302, "Total charge": 0, "Transition dipole module/D": NaN, "HOMO": -10.6998, "LUMO": -6.6903, "HOMO occupancy": 2.0, "LUMO occupancy": 0, "mulliken charges": [-0.48458, 0.40438, -0.09639, -0.05127, -0.05127, -0.09639, 0.06094, 0.05996, 0.03493, 0.03194, 0.03493, 0.03194, 0.06094, 0.05996], "cm5 charges": [-0.53369, 0.4259, -0.1979, -0.16028, -0.16028, -0.1979, 0.11809, 0.11674, 0.08952, 0.08773, 0.08952, 0.08773, 0.11809, 0.11674], "FUKUI+": [-0.287, -0.194, 0.024, 0.019, 0.019, 0.024, -0.102, -0.089, -0.066, -0.047, -0.066, -0.047, -0.102, -0.089], "FUKUI-": [-0.239, -0.041, -0.021, 0.012, 0.012, -0.021, -0.093, -0.081, -0.096, -0.082, -0.096, -0.082, -0.093, -0.081], "FUKUIrad": [-0.263, -0.117, 0.002, 0.016, 0.016, 0.002, -0.097, -0.085, -0.081, -0.064, -0.081, -0.064, -0.097, -0.085], "s proportion": [1.728, 1.067, 1.041, 1.031, 1.031, 1.041, 0.939, 0.94, 0.965, 0.968, 0.965, 0.968, 0.939, 0.94], "p proportion": [4.757, 2.528, 3.055, 3.021, 3.021, 3.055, 0.0, 0.0, 0.0, 0.0, 0.0, 0.0, 0.0, 0.0], "d proportion": [0.0, 0.0, 0.0, 0.0, 0.0, 0.0, 0.0, 0.0, 0.0, 0.0, 0.0, 0.0, 0.0, 0.0], "Fermi-level/eV": -8.6951, "Coordination numbers": [0.856, 2.835, 3.824, 3.828, 3.828, 3.824, 0.924, 0.925, 0.925, 0.924, 0.925, 0.924, 0.924, 0.925], "Dispersion coefficient C6": [20.898, 22.923, 22.192, 21.656, 21.656, 22.192, 2.11, 2.172, 2.458, 2.453, 2.458, 2.453, 2.11, 2.172], "Total dispersion C6": 1609.378407, "Total dispersion C8": 35628.872101, "Polarizability alpha": [6.129, 7.846, 6.704, 6.622, 6.622, 6.704, 2.271, 2.305, 2.452, 2.449, 2.452, 2.449, 2.271, 2.305], "Total polarizability alpha": 59.579883, "Wiberg matrix": [[0.0, 1.8720060028246137, 0.0, 0.0, 0.0, 0.0, 0.0, 0.0, 0.0, 0.0, 0.0, 0.0, 0.0, 0.0], [1.8720060028246137, 0.0, 0.9851220700918069, 0.0, 0.0, 0.9851220692928935, 0.0, 0.0, 0.0, 0.0, 0.0, 0.0, 0.0, 0.0], [0.0, 0.9851220700918069, 0.0, 1.0086245419390962, 0.0, 0.0, 0.9450749065996567, 0.961676081514288, 0.0, 0.0, 0.0, 0.0, 0.0, 0.0], [0.0, 0.0, 1.0086245419390962, 0.0, 1.0043112680582276, 0.0, 0.0, 0.0, 0.9798771458763569, 0.9800341375524422, 0.0, 0.0, 0.0, 0.0], [0.0, 0.0, 0.0, 1.0043112680582276, 0.0, 1.0086245409501071, 0.0, 0.0, 0.0, 0.0, 0.9798771452208757, 0.9800341374537813, 0.0, 0.0], [0.0, 0.9851220692928935, 0.0, 0.0, 1.0086245409501071, 0.0, 0.0, 0.0, 0.0, 0.0, 0.0, 0.0, 0.9450749084594042, 0.9616760791720345], [0.0, 0.0, 0.9450749065996567, 0.0, 0.0, 0.0, 0.0, 0.0, 0.0, 0.0, 0.0, 0.0, 0.0, 0.0], [0.0, 0.0, 0.961676081514288, 0.0, 0.0, 0.0, 0.0, 0.0, 0.0, 0.0, 0.0, 0.0, 0.0, 0.0], [0.0, 0.0, 0.0, 0.9798771458763569, 0.0, 0.0, 0.0, 0.0, 0.0, 0.0, 0.0, 0.0, 0.0, 0.0], [0.0, 0.0, 0.0, 0.9800341375524422, 0.0, 0.0, 0.0, 0.0, 0.0, 0.0, 0.0, 0.0, 0.0, 0.0], [0.0, 0.0, 0.0, 0.0, 0.9798771452208757, 0.0, 0.0, 0.0, 0.0, 0.0, 0.0, 0.0, 0.0, 0.0], [0.0, 0.0, 0.0, 0.0, 0.9800341374537813, 0.0, 0.0, 0.0, 0.0, 0.0, 0.0, 0.0, 0.0, 0.0], [0.0, 0.0, 0.0, 0.0, 0.0, 0.9450749084594042, 0.0, 0.0, 0.0, 0.0, 0.0, 0.0, 0.0, 0.0], [0.0, 0.0, 0.0, 0.0, 0.0, 0.9616760791720345, 0.0, 0.0, 0.0, 0.0, 0.0, 0.0, 0.0, 0.0]], "Born radii": [], "Atomic SASAs": [], "Solvent H bonds": [], "Total SASA": NaN, "Total FOD": 0.0, "FOD": [0.0, 0.0, 0.0, 0.0, 0.0, 0.0, 0.0, 0.0, 0.0, 0.0, 0.0, 0.0, 0.0, 0.0], "FOD s proportion": [0.0, 0.0, 0.0, 0.0, 0.0, 0.0, 0.0, 0.0, 0.0, 0.0, 0.0, 0.0, 0.0, 0.0], "FOD p proportion": [0.0, 0.0, 0.0, 0.0, 0.0, 0.0, 0.0, 0.0, 0.0, 0.0, 0.0, 0.0, 0.0, 0.0], "FOD d proportion": [0.0, 0.0, 0.0, 0.0, 0.0, 0.0, 0.0, 0.0, 0.0, 0.0, 0.0, 0.0, 0.0, 0.0], "coordinates": [["2.21475416804128", "1.07079268976037", "-0.68255184672414"], ["1.17257696230805", "0.56691925357901", "-0.36136950872818"], ["-0.10798278575003", "1.30580562265498", "-0.03152250872780"], ["-1.18913401243273", "0.22995457312988", "0.01376330475002"], ["-0.43978274699383", "-1.01750590031343", "0.48824319080883"], ["0.91034927306612", "-0.91787638370698", "-0.21575378250830"], ["0.02744127153486", "1.76918756189316", "0.94891370926734"], ["-0.30000465442527", "2.10245151679116", "-0.74881381479815"], ["-2.01492556591184", "0.49289421554367", "0.67278519880198"], ["-1.58983364958727", "0.06314847141118", "-0.98750598600808"], ["-0.97132323748778", "-1.93669054960167", "0.24752947895842"], ["-0.29913865072359", "-0.97643181885891", "1.56965746114851"], ["0.86118166031946", "-1.33955498698474", "-1.22277283388322"], ["1.72582196804259", "-1.41309526529769", "0.30939993764278"]],