{"total energy": -13.52029926, "HOMO-LUMO gap/eV": 3.89250248, "electronic energy": -13.68979919, "dipole": [0.42321728, 1.09697701, -0.03928319], "partial charges": [-0.10250801, -0.07827325, 0.21478897, -0.31769563, 0.05244494, 0.04007952, 0.05244484, 0.06367313, 0.06367284, 0.01137265], "atomic dipole moments": [[-0.09183826, 0.08072189, -0.01501582], [-0.00834204, -0.08931519, 0.00577187], [0.04751821, -0.05761742, 0.00895428], [0.0151506, 0.16842665, -0.0109469], [-0.0141403, -0.06817569, 0.1066063], [0.1060546, 0.06479258, 0.00567029], [0.0058583, -0.0831574, -0.09624618], [0.01431543, 0.06970264, -0.10836206], [-0.00600624, 0.08492513, 0.09776099], [-0.10453822, 0.07490275, -0.01584643]], "atomic quadrupole moments": [[0.12153344, -0.18514803, 0.01723017, 0.03994429, -0.03023004, -0.13876361], [0.19390988, -0.00596387, 0.02598812, 0.0417871, -0.01915432, -0.21989799], [-0.37037707, 0.07468409, -0.34153967, -0.11397452, 0.08647216, 0.71191674], [-0.14153997, -0.01119164, -0.14623254, -0.04214428, 0.03142225, 0.28777251], [-0.03142848, -0.00182071, -0.01659362, -0.02170655, -0.05306609, 0.0480221], [0.0484374, 0.05519322, 0.00719675, 0.00623872, 0.00075983, -0.05563415], [-0.03704556, -0.01084961, 8.658e-05, 0.00732758, 0.05945169, 0.03695898], [-0.01417613, -0.0120034, -0.0201698, -0.02336292, -0.05289302, 0.03434594], [-0.02188294, -0.01988843, -0.0040297, 0.01613066, 0.05605754, 0.02591263], [0.02624655, 0.02758517, 0.05353686, 0.00854804, -0.00722516, -0.07978341]], "number of molecular orbitals": 22, "number of electrons": 24, "number of unpaired electrons": 0, "orbital energies/eV": [-19.57622837, -17.63046259, -16.64066521, -15.73848924, -15.31602114, -14.98168451, -14.13771545, -13.72637421, -13.13198698, -12.60282445, -12.31231775, -11.01129751, -7.11879503, 1.98682507, 3.27087082, 3.99138777, 4.12925232, 4.89540564, 5.58382758, 7.19804017, 7.22766994, 16.9356272], "fractional occupation": [2.0, 2.0, 2.0, 2.0, 2.0, 2.0, 2.0, 2.0, 2.0, 2.0, 2.0, 2.0, 0.0, 0.0, 0.0, 0.0, 0.0, 0.0, 0.0, 0.0, 0.0, 0.0], "program call": "xtb /tmp/scratch/tmp1zfix2le/6559_0_xyzopt.xyz --pop --wbo --acc 0.2 --gfn 2 --chrg 0 --uhf 0 --etemp 300 --input /tmp/scratch/tmp1zfix2le/6559_0_xtb.inp", "method": "GFN2-xTB", "xtb version": "6.3.3 (7355c4f)", "Dipole module/D": 2.99, "Total charge": 0, "Transition dipole module/D": NaN, "HOMO": -11.0113, "LUMO": -7.1188, "HOMO occupancy": 2.0, "LUMO occupancy": 0, "mulliken charges": [-0.0756, -0.08095, 0.39456, -0.46681, 0.04441, 0.03039, 0.04441, 0.04974, 0.04974, 0.0101], "cm5 charges": [-0.22609, -0.18712, 0.37745, -0.52495, 0.09854, 0.08219, 0.09854, 0.1051, 0.1051, 0.07124], "FUKUI+": [0.036, 0.033, -0.17, -0.337, -0.036, -0.069, -0.036, -0.114, -0.114, -0.193], "FUKUI-": [0.02, -0.015, -0.023, -0.259, -0.078, -0.15, -0.078, -0.105, -0.105, -0.208], "FUKUIrad": [0.028, 0.009, -0.096, -0.298, -0.057, -0.109, -0.057, -0.109, -0.109, -0.2], "s proportion": [1.001, 1.036, 1.047, 1.725, 0.956, 0.97, 0.956, 0.95, 0.95, 0.99], "p proportion": [3.075, 3.044, 2.559, 4.742, 0.0, 0.0, 0.0, 0.0, 0.0, 0.0], "d proportion": [0.0, 0.0, 0.0, 0.0, 0.0, 0.0, 0.0, 0.0, 0.0, 0.0], "Fermi-level/eV": -9.065, "Coordination numbers": [3.753, 3.801, 2.757, 0.856, 0.925, 0.925, 0.925, 0.924, 0.924, 0.922], "Dispersion coefficient C6": [22.517, 21.995, 23.458, 20.104, 2.29, 2.448, 2.29, 2.157, 2.157, 2.869], "Total dispersion C6": 778.884434, "Total dispersion C8": 16554.955705, "Polarizability alpha": [6.767, 6.677, 7.931, 6.012, 2.366, 2.447, 2.366, 2.297, 2.297, 2.649], "Total polarizability alpha": 41.807698, "Wiberg matrix": [[0.0, 1.0196136375193636, 0.0, 0.0, 0.9861037281888314, 0.9873144356893668, 0.9861037226951106, 0.0, 0.0, 0.0], [1.0196136375193636, 0.0, 1.0132713528173591, 0.0, 0.0, 0.0, 0.0, 0.9455979419391576, 0.94559853213807, 0.0], [0.0, 1.0132713528173591, 0.0, 1.928896051364389, 0.0, 0.0, 0.0, 0.0, 0.0, 0.9305047646897854], [0.0, 0.0, 1.928896051364389, 0.0, 0.0, 0.0, 0.0, 0.0, 0.0, 0.0], [0.9861037281888314, 0.0, 0.0, 0.0, 0.0, 0.0, 0.0, 0.0, 0.0, 0.0], [0.9873144356893668, 0.0, 0.0, 0.0, 0.0, 0.0, 0.0, 0.0, 0.0, 0.0], [0.9861037226951106, 0.0, 0.0, 0.0, 0.0, 0.0, 0.0, 0.0, 0.0, 0.0], [0.0, 0.9455979419391576, 0.0, 0.0, 0.0, 0.0, 0.0, 0.0, 0.0, 0.0], [0.0, 0.94559853213807, 0.0, 0.0, 0.0, 0.0, 0.0, 0.0, 0.0, 0.0], [0.0, 0.0, 0.9305047646897854, 0.0, 0.0, 0.0, 0.0, 0.0, 0.0, 0.0]], "Born radii": [], "Atomic SASAs": [], "Solvent H bonds": [], "Total SASA": NaN, "Total FOD": 0.0, "FOD": [0.0, 0.0, 0.0, 0.0, 0.0, 0.0, 0.0, 0.0, 0.0, 0.0], "FOD s proportion": [0.0, 0.0, 0.0, 0.0, 0.0, 0.0, 0.0, 0.0, 0.0, 0.0], "FOD p proportion": [0.0, 0.0, 0.0, 0.0, 0.0, 0.0, 0.0, 0.0, 0.0, 0.0], "FOD d proportion": [0.0, 0.0, 0.0, 0.0, 0.0, 0.0, 0.0, 0.0, 0.0, 0.0], "coordinates": [["1.11659964853768", "-0.34831681097212", "0.13581040571259"], ["-0.07172752024152", "0.58472178948969", "-0.05025126744633"], ["-1.37938783702144", "-0.14809784265566", "-0.12504374751497"], ["-1.52564848184925", "-1.33434376840051", "-0.05186987499701"], ["1.00292566269519", "-0.92027072670813", "1.05311502573182"], ["2.04357476956930", "0.21686910529274", "0.18545569961269"], ["1.17506181801922", "-1.04922455358764", "-0.69293058400970"], ["0.02997687290649", "1.17071068500290", "-0.96833957282745"], ["-0.14188093050540", "1.29945551985218", "0.77488299098486"], ["-2.24949300211027", "0.52849560268656", "-0.26082907524650"]], "bond_dist": [[0.0, 1.5222685164678467, 2.5175555709055386, 2.826472754348775, 1.0869686392402025, 1.086822271653541, 1.0869687746042906, 2.169640699553394, 2.1696407055789986, 3.500957386108491], [1.5222685164678467, 0.0, 1.5008644283923265, 2.4076339833897458, 2.1534389042480724, 2.1599484134742575, 2.153439344396492, 1.0938980326008332, 1.0938977789200977, 2.188644989768641], [2.5175555709055386, 1.5008644283923265, 0.0, 1.1974664872934764, 2.7676211208863806, 3.45633965140578, 2.767623140594909, 2.106350556579943, 2.1063480756156125, 1.1105401135580266], [2.826472754348775, 2.4076339833897458, 1.1974664872934764, 0.0, 2.790364728696542, 3.8989664561704425, 2.7903562358793907, 3.0879094491122303, 3.087917037156563, 2.009424136252196], [1.0869686392402025, 2.1534389042480724, 2.7676211208863806, 2.790364728696542, 0.0, 1.7688612911594714, 1.7592427964139135, 3.066775392119346, 2.5130021509468903, 3.7952075238198004], [1.086822271653541, 2.1599484134742575, 3.45633965140578, 3.8989664561704425, 1.7688612911594714, 0.0, 1.7688613182845323, 2.509110156875158, 2.509110299247921, 4.327437124486368], [1.0869687746042906, 2.153439344396492, 2.767623140594909, 2.7903562358793907, 1.7592427964139135, 1.7688613182845323, 0.0, 2.5130026076750256, 3.066775665288084, 3.7951927910794523], [2.169640699553394, 1.0938980326008332, 2.106350556579943, 3.0879094491122303, 3.066775392119346, 2.509110156875158, 2.5130026076750256, 0.0, 1.75639837282955, 2.4716379644379054], [2.1696407055789986, 1.0938977789200977, 2.1063480756156125, 3.087917037156563, 2.5130021509468903, 2.509110299247921, 3.066775665288084, 1.75639837282955, 0.0, 2.471660842912681], [3.500957386108491, 2.188644989768641, 1.1105401135580266, 2.009424136252196, 3.7952075238198004, 4.327437124486368, 3.7951927910794523, 2.4716379644379054, 2.471660842912681, 0.0]]}