{"total energy": -16.68516473, "HOMO-LUMO gap/eV": 3.87128518, "electronic energy": -16.90132567, "dipole": [0.6272155, 0.99689683, 0.21136395], "partial charges": [-0.1057719, -0.05142345, -0.08401722, 0.21442333, -0.32087435, 0.03531844, 0.03531844, 0.04022386, 0.04707418, 0.04707419, 0.06498581, 0.06498593, 0.01268272], "atomic dipole moments": [[-0.09640974, -0.03590943, -0.00795437], [0.01239139, 0.12797257, 0.02681806], [-0.0261518, -0.08494722, -0.01788494], [0.03672764, -0.06591961, -0.0136116], [0.04329211, 0.16030967, 0.03372261], [0.02220618, 0.08825541, -0.08368843], [0.02130147, 0.04728542, 0.11223288], [0.08198982, -0.09206196, -0.01887286], [-0.01885067, -0.05074314, -0.11354352], [-0.01976066, -0.09195298, 0.08352543], [0.01641305, 0.05314231, 0.11696334], [0.01734909, 0.09552619, -0.08571891], [-0.09112107, 0.09010184, 0.01841894]], "atomic quadrupole moments": [[0.19804402, 0.11471228, -0.07334412, 0.02549021, 0.01181003, -0.1246999], [0.22664551, -0.06566415, 0.01826149, -0.01149889, 0.05722006, -0.244907], [0.19632494, -0.03129774, 0.02534427, -0.00456167, 0.05386073, -0.22166921], [-0.35494762, 0.08396756, -0.32948197, 0.01254276, -0.22129936, 0.68442959], [-0.14791968, -0.00734432, -0.12661109, -0.00357285, -0.08776095, 0.27453078], [-0.03334001, 0.0141074, 0.01533366, -0.00014927, -0.06703675, 0.01800635], [-0.03338846, 0.01247082, -0.03350646, 0.00498544, 0.04463006, 0.06689492], [0.01220008, -0.05392886, 0.03884905, -0.01096677, 0.01938717, -0.05104913], [-0.01526554, -0.00296356, -0.03063402, 0.00818212, 0.02753112, 0.04589956], [-0.01510594, 0.00100884, 0.00186676, -0.00902279, -0.04676448, 0.01323918], [-0.02751631, -0.01871376, -0.02374787, 0.02407653, 0.03889981, 0.05126418], [-0.02701601, -0.00693952, 0.01688538, -0.02999039, -0.05395556, 0.01013063], [0.03656618, 0.02930102, 0.03936189, 0.00667052, 0.02536051, -0.07592806]], "number of molecular orbitals": 28, "number of electrons": 30, "number of unpaired electrons": 0, "orbital energies/eV": [-19.5718182, -17.63716713, -16.90363295, -16.19461407, -15.50740451, -15.16820043, -14.9889384, -14.26148747, -13.98745651, -13.28544127, -12.96374683, -12.75456127, -12.20823158, -11.88035335, -10.98983074, -7.11854555, 1.59124162, 3.06457209, 3.46199822, 3.95972577, 4.06328781, 4.62690661, 5.1407247, 5.72471153, 6.79220075, 6.99688025, 7.93268754, 16.90316051], "fractional occupation": [2.0, 2.0, 2.0, 2.0, 2.0, 2.0, 2.0, 2.0, 2.0, 2.0, 2.0, 2.0, 2.0, 2.0, 2.0, 0.0, 0.0, 0.0, 0.0, 0.0, 0.0, 0.0, 0.0, 0.0, 0.0, 0.0, 0.0, 0.0], "program call": "xtb /tmp/scratch/tmp_3vk6fh2/6745_0_xyzopt.xyz --pop --wbo --acc 0.2 --gfn 2 --chrg 0 --uhf 0 --etemp 300 --input /tmp/scratch/tmp_3vk6fh2/6745_0_xtb.inp", "method": "GFN2-xTB", "xtb version": "6.3.3 (7355c4f)", "Dipole module/D": 3.041, "Total charge": 0, "Transition dipole module/D": NaN, "HOMO": -10.9898, "LUMO": -7.1185, "HOMO occupancy": 2.0, "LUMO occupancy": 0, "mulliken charges": [-0.08909, -0.03093, -0.08889, 0.3954, -0.46742, 0.02841, 0.02841, 0.03585, 0.03859, 0.03859, 0.05021, 0.05021, 0.01065], "cm5 charges": [-0.24155, -0.14239, -0.19334, 0.37832, -0.52562, 0.08055, 0.08055, 0.08755, 0.09584, 0.09584, 0.10624, 0.10624, 0.07178], "FUKUI+": [0.02, 0.015, 0.035, -0.17, -0.335, -0.026, -0.026, -0.043, -0.027, -0.027, -0.113, -0.113, -0.191], "FUKUI-": [0.016, 0.005, -0.008, -0.012, -0.21, -0.09, -0.09, -0.106, -0.084, -0.084, -0.082, -0.082, -0.173], "FUKUIrad": [0.018, 0.01, 0.013, -0.091, -0.272, -0.058, -0.058, -0.074, -0.055, -0.055, -0.097, -0.097, -0.182], "s proportion": [1.006, 1.022, 1.041, 1.047, 1.725, 0.972, 0.972, 0.964, 0.961, 0.961, 0.95, 0.95, 0.989], "p proportion": [3.083, 3.008, 3.048, 2.558, 4.742, 0.0, 0.0, 0.0, 0.0, 0.0, 0.0, 0.0, 0.0], "d proportion": [0.0, 0.0, 0.0, 0.0, 0.0, 0.0, 0.0, 0.0, 0.0, 0.0, 0.0, 0.0, 0.0], "Fermi-level/eV": -9.0542, "Coordination numbers": [3.752, 3.802, 3.803, 2.757, 0.856, 0.925, 0.925, 0.925, 0.924, 0.924, 0.924, 0.924, 0.921], "Dispersion coefficient C6": [22.581, 21.496, 22.101, 23.465, 20.163, 2.512, 2.512, 2.446, 2.357, 2.357, 2.142, 2.142, 2.848], "Total dispersion C6": 1278.387725, "Total dispersion C8": 27157.095129, "Polarizability alpha": [6.776, 6.601, 6.693, 7.932, 6.02, 2.479, 2.479, 2.446, 2.401, 2.401, 2.289, 2.289, 2.639], "Total polarizability alpha": 53.443625, "Wiberg matrix": [[0.0, 1.0200825819816688, 0.0, 0.0, 0.0, 0.9876457238934078, 0.987645724201565, 0.9868726063336369, 0.0, 0.0, 0.0, 0.0, 0.0], [1.0200825819816688, 0.0, 1.007177473450712, 0.0, 0.0, 0.0, 0.0, 0.0, 0.9768710864723, 0.9768710869830846, 0.0, 0.0, 0.0], [0.0, 1.007177473450712, 0.0, 1.0151986604389167, 0.0, 0.0, 0.0, 0.0, 0.0, 0.0, 0.9435468213461721, 0.943546636109687, 0.0], [0.0, 0.0, 1.0151986604389167, 0.0, 1.9258536736033016, 0.0, 0.0, 0.0, 0.0, 0.0, 0.0, 0.0, 0.9302334877044718], [0.0, 0.0, 0.0, 1.9258536736033016, 0.0, 0.0, 0.0, 0.0, 0.0, 0.0, 0.0, 0.0, 0.0], [0.9876457238934078, 0.0, 0.0, 0.0, 0.0, 0.0, 0.0, 0.0, 0.0, 0.0, 0.0, 0.0, 0.0], [0.987645724201565, 0.0, 0.0, 0.0, 0.0, 0.0, 0.0, 0.0, 0.0, 0.0, 0.0, 0.0, 0.0], [0.9868726063336369, 0.0, 0.0, 0.0, 0.0, 0.0, 0.0, 0.0, 0.0, 0.0, 0.0, 0.0, 0.0], [0.0, 0.9768710864723, 0.0, 0.0, 0.0, 0.0, 0.0, 0.0, 0.0, 0.0, 0.0, 0.0, 0.0], [0.0, 0.9768710869830846, 0.0, 0.0, 0.0, 0.0, 0.0, 0.0, 0.0, 0.0, 0.0, 0.0, 0.0], [0.0, 0.0, 0.9435468213461721, 0.0, 0.0, 0.0, 0.0, 0.0, 0.0, 0.0, 0.0, 0.0, 0.0], [0.0, 0.0, 0.943546636109687, 0.0, 0.0, 0.0, 0.0, 0.0, 0.0, 0.0, 0.0, 0.0, 0.0], [0.0, 0.0, 0.0, 0.9302334877044718, 0.0, 0.0, 0.0, 0.0, 0.0, 0.0, 0.0, 0.0, 0.0]], "Born radii": [], "Atomic SASAs": [], "Solvent H bonds": [], "Total SASA": NaN, "Total FOD": 0.0, "FOD": [0.0, 0.0, 0.0, 0.0, 0.0, 0.0, 0.0, 0.0, 0.0, 0.0, 0.0, 0.0, 0.0], "FOD s proportion": [0.0, 0.0, 0.0, 0.0, 0.0, 0.0, 0.0, 0.0, 0.0, 0.0, 0.0, 0.0, 0.0], "FOD p proportion": [0.0, 0.0, 0.0, 0.0, 0.0, 0.0, 0.0, 0.0, 0.0, 0.0, 0.0, 0.0, 0.0], "FOD d proportion": [0.0, 0.0, 0.0, 0.0, 0.0, 0.0, 0.0, 0.0, 0.0, 0.0, 0.0, 0.0, 0.0], "coordinates": [["1.79431716057708", "-0.04085473138266", "-0.16832160186408"], ["0.37018993192854", "-0.56696396601195", "-0.28491476251507"], ["-0.65973919070417", "0.53616637627191", "-0.05898994360193"], ["-2.07407706048020", "0.05064517961381", "-0.16704765553749"], ["-2.41651825181525", "-1.07267297443144", "-0.40353512446277"], ["1.97790963196821", "0.73771047375850", "-0.90604037464073"], ["1.96993399698065", "0.37653078397922", "0.82114644099243"], ["2.50942106149431", "-0.84276061126982", "-0.33270952575823"], ["0.21361047214749", "-0.99923895844091", "-1.27462120275633"], ["0.20565971050457", "-1.35930148301422", "0.44722503200952"], ["-0.53736861559573", "0.98395323292084", "0.93197702264941"], ["-0.52943533389162", "1.34328412521640", "-0.78637234579605"], ["-2.82390551311387", "0.85350355279032", "-0.00262795871869"]],