{"total energy": -27.11572614, "HOMO-LUMO gap/eV": 5.17448846, "electronic energy": -27.43388953, "dipole": [-0.52142546, 0.36826605, 0.80898117], "partial charges": [-0.1053496, -0.056549, -0.0674998, 0.08104172, -0.2694462, 0.36138999, -0.14687288, -0.4108272, 0.03984965, 0.03868273, 0.03868274, 0.03544257, 0.03544255, 0.05121258, 0.05121268, 0.04828194, 0.04828181, 0.07600068, 0.07502238, 0.07600065], "atomic dipole moments": [[0.08818881, -0.02923031, -0.05761377], [0.0200438, 0.04436293, 0.10913106], [0.02558747, -0.05337907, -0.12430496], [0.15041308, 0.0673002, 0.18246779], [0.00181897, -0.09355733, -0.22393351], [-0.14959966, 0.02473682, 0.038195], [-0.08049825, -0.0187893, -0.05636871], [-0.02187291, 0.07565566, 0.17820943], [-0.10248675, -0.02171517, -0.06648119], [-0.00811232, -0.06427029, 0.10554167], [0.00275573, 0.12049611, 0.02843616], [0.00323766, 0.06336727, -0.10525957], [-0.0074997, -0.11917863, -0.02908063], [-0.00148735, -0.06459325, 0.10676714], [0.00942483, 0.12092835, 0.02934673], [0.01385866, 0.06445969, -0.10684947], [0.00288428, -0.12212947, -0.02898264], [-0.01537193, -0.06815029, 0.11317735], [0.11290215, -0.03162956, -0.05988358], [-0.00375786, 0.12934252, 0.03076169]], "atomic quadrupole moments": [[0.12629942, -0.07845878, -0.1044813, -0.15160101, 0.05490057, -0.02181813], [0.23201396, -0.02120989, -0.20476087, 0.01615913, 0.08917676, -0.02725309], [0.25438271, -0.04213398, -0.22717984, -0.02661227, 0.1041986, -0.02720287], [0.37765457, 0.04568367, -0.34212027, 0.21865062, 0.13799426, -0.0355343], [0.05746518, 0.00921996, -0.06827512, 0.04189643, 0.03670516, 0.01080995], [-0.10399279, -0.01102168, 0.34814926, -0.10717263, -0.29134135, -0.24415648], [0.08625197, 0.05622312, -0.12018695, 0.16713565, 0.06430675, 0.03393497], [-0.10890832, 0.00971028, 0.15385433, -0.01968498, -0.0993431, -0.044946], [0.04120515, 0.01671788, -0.04709651, 0.05368899, 0.02245465, 0.00589137], [-0.03903025, -0.01103932, -0.00442707, -0.00593578, -0.06011835, 0.04345732], [-0.03634015, 0.01425442, 0.07809308, -0.00947322, 0.02475706, -0.04175294], [-0.01732735, 0.00092536, -0.00527035, -0.00325507, -0.04643553, 0.0225977], [-0.0172046, 0.00374727, 0.05516524, 0.00057687, 0.01351156, -0.03796064], [-0.02535031, 0.0013639, -0.00079456, -0.00301539, -0.04418908, 0.02614487], [-0.02516846, 0.00460424, 0.0568533, 0.00041539, 0.01307045, -0.03168484], [-0.00596685, 0.00345021, -0.00531702, 0.00768917, -0.03791679, 0.01128387], [-0.00566276, 0.00736797, 0.03994265, 0.00982028, 0.00723091, -0.03427989], [-0.03095945, 0.00762819, -0.01406352, -0.01456455, -0.06383996, 0.04502297], [0.05944723, -0.02457356, -0.04419132, -0.04299443, 0.01841318, -0.01525591], [-0.03284888, -0.00562102, 0.08177024, -0.0012402, 0.02872291, -0.04892136]], "number of molecular orbitals": 44, "number of electrons": 48, "number of unpaired electrons": 0, "orbital energies/eV": [-20.17530871, -19.41466232, -18.38435406, -17.29941482, -16.94455026, -16.52442751, -16.21028186, -15.97239835, -15.46313633, -15.21989275, -14.96750222, -14.5213532, -13.84696439, -13.76133093, -13.43482933, -13.18117424, -13.11483205, -12.91348653, -12.75217444, -12.3240503, -12.18006817, -12.00303278, -11.7673519, -11.31635206, -6.14186361, -0.0758325, 2.32515153, 3.04298827, 3.21173716, 3.54178982, 3.871974, 4.2307113, 4.37878304, 4.64442201, 4.79799787, 4.84407287, 5.7202983, 5.77194421, 6.15573023, 6.77459411, 7.04946349, 8.04787713, 8.14668082, 17.88733629], "fractional occupation": [2.0, 2.0, 2.0, 2.0, 2.0, 2.0, 2.0, 2.0, 2.0, 2.0, 2.0, 2.0, 2.0, 2.0, 2.0, 2.0, 2.0, 2.0, 2.0, 2.0, 2.0, 2.0, 2.0, 2.0, 0.0, 0.0, 0.0, 0.0, 0.0, 0.0, 0.0, 0.0, 0.0, 0.0, 0.0, 0.0, 0.0, 0.0, 0.0, 0.0, 0.0, 0.0, 0.0, 0.0], "program call": "xtb /tmp/scratch/tmpcwipvc_k/6751_0_xyzopt.xyz --pop --wbo --acc 0.2 --gfn 2 --chrg 0 --uhf 0 --etemp 300 --input /tmp/scratch/tmpcwipvc_k/6751_0_xtb.inp", "method": "GFN2-xTB", "xtb version": "6.3.3 (7355c4f)", "Dipole module/D": 2.619, "Total charge": 0, "Transition dipole module/D": NaN, "HOMO": -11.3164, "LUMO": -6.1419, "HOMO occupancy": 2.0, "LUMO occupancy": 0, "mulliken charges": [-0.08445, -0.04305, -0.06031, 0.20059, -0.42192, 0.58663, -0.12399, -0.53121, 0.03298, 0.03048, 0.03048, 0.02572, 0.02572, 0.03738, 0.03738, 0.03841, 0.03841, 0.06111, 0.05854, 0.06111], "cm5 charges": [-0.2372, -0.15646, -0.16867, 0.11992, -0.50781, 0.63741, -0.26458, -0.5818, 0.08463, 0.0827, 0.0827, 0.08107, 0.08107, 0.09552, 0.09552, 0.1043, 0.1043, 0.1166, 0.11419, 0.1166], "FUKUI+": [0.009, 0.004, 0.004, 0.028, -0.123, -0.192, 0.05, -0.284, -0.022, -0.012, -0.012, -0.012, -0.012, -0.022, -0.022, -0.039, -0.039, -0.111, -0.084, -0.111], "FUKUI-": [0.02, 0.007, 0.009, 0.019, -0.058, -0.019, -0.003, -0.158, -0.064, -0.078, -0.078, -0.094, -0.094, -0.074, -0.074, -0.046, -0.046, -0.058, -0.049, -0.058], "FUKUIrad": [0.015, 0.005, 0.007, 0.023, -0.091, -0.105, 0.023, -0.221, -0.043, -0.045, -0.045, -0.053, -0.053, -0.048, -0.048, -0.043, -0.043, -0.084, -0.067, -0.084], "s proportion": [1.005, 1.026, 1.033, 0.998, 1.687, 0.975, 1.017, 1.72, 0.967, 0.97, 0.97, 0.974, 0.974, 0.963, 0.963, 0.962, 0.962, 0.939, 0.941, 0.939], "p proportion": [3.079, 3.017, 3.027, 2.802, 4.735, 2.438, 3.107, 4.811, 0.0, 0.0, 0.0, 0.0, 0.0, 0.0, 0.0, 0.0, 0.0, 0.0, 0.0, 0.0], "d proportion": [0.0, 0.0, 0.0, 0.0, 0.0, 0.0, 0.0, 0.0, 0.0, 0.0, 0.0, 0.0, 0.0, 0.0, 0.0, 0.0, 0.0, 0.0, 0.0, 0.0], "Fermi-level/eV": -8.7291, "Coordination numbers": [3.752, 3.802, 3.802, 3.705, 1.704, 2.717, 3.753, 0.856, 0.925, 0.925, 0.925, 0.924, 0.924, 0.924, 0.924, 0.924, 0.924, 0.925, 0.925, 0.925], "Dispersion coefficient C6": [22.573, 21.59, 21.792, 19.373, 18.468, 20.868, 23.395, 21.899, 2.451, 2.466, 2.466, 2.51, 2.51, 2.305, 2.305, 2.342, 2.342, 2.021, 2.031, 2.021], "Total dispersion C6": 3019.577859, "Total dispersion C8": 64040.185277, "Polarizability alpha": [6.775, 6.615, 6.646, 6.292, 5.802, 7.478, 6.897, 6.274, 2.448, 2.456, 2.456, 2.478, 2.478, 2.374, 2.374, 2.393, 2.393, 2.223, 2.229, 2.223], "Total polarizability alpha": 81.305215,