{"total energy": -20.78695614, "HOMO-LUMO gap/eV": 5.18314609, "electronic energy": -21.01178146, "dipole": [-0.22104501, -0.97346718, -0.12503974], "partial charges": [-0.11582869, 0.08423017, -0.26871916, 0.36083901, -0.14676789, -0.41177287, 0.05847636, 0.05283637, 0.05847636, 0.05051614, 0.05051616, 0.0761082, 0.07610822, 0.07498163], "atomic dipole moments": [[0.07478045, 0.10599344, -0.00041504], [0.18575388, -0.13982716, -0.07813369], [-0.05605993, 0.22913853, 0.05933589], [-0.12757884, -0.08503889, 0.01903008], [-0.08942959, 0.0316741, 0.03079911], [0.02674645, -0.18777678, -0.04331509], [0.04552359, -0.08834115, 0.07926642], [-0.11338856, 0.03798551, 0.03863464], [-0.0085371, -0.05096544, -0.11614372], [0.01654263, 0.05307865, 0.11320926], [-0.03695938, 0.09006813, -0.08018153], [0.03823045, -0.09559449, 0.08425985], [-0.01799902, -0.05671951, -0.11898966], [0.08914512, 0.09680993, -0.00614564]], "atomic quadrupole moments": [[0.03704968, 0.20598124, 0.1155559, -0.0138592, -0.00514952, -0.15260558], [0.40182974, -0.05228064, -0.0872186, -0.22963027, 0.07276945, -0.31461114], [0.06556452, -0.01953929, 0.00182165, -0.04512739, 0.02182927, -0.06738617], [-0.12952323, 0.1141437, -0.25557716, 0.18756982, -0.17027325, 0.38510039], [0.14972796, -0.12365685, -0.04518477, -0.10482641, 0.05305087, -0.10454319], [-0.09422695, -0.00813465, -0.07048558, 0.07867789, -0.04867923, 0.16471253], [-0.02427646, -0.02462598, 0.01733517, 0.04055383, -0.05057939, 0.00694129], [0.06758112, -0.03298664, -0.02639345, -0.04025506, 0.01462046, -0.04118767], [-0.05021731, 0.01023765, -0.01847249, 0.00221182, 0.03712134, 0.06868979], [-0.00246023, 0.00363999, -0.03305654, -0.0028745, 0.01969996, 0.03551677], [0.00784635, -0.01546037, -0.01157228, 0.01135536, -0.0334225, 0.00372593], [-0.02456658, -0.0216914, 0.01790301, 0.0225809, -0.06683644, 0.00666357], [-0.03306799, 0.0152438, -0.02910468, 0.01489444, 0.05073962, 0.06217267], [0.02558955, 0.05999552, 0.02510306, -0.01033407, -0.00161285, -0.05069261]], "number of molecular orbitals": 32, "number of electrons": 36, "number of unpaired electrons": 0, "orbital energies/eV": [-20.19453323, -19.43301521, -18.41491008, -17.15919077, -16.59364349, -16.31624555, -15.99430319, -15.31426712, -14.95498326, -14.37079395, -13.51390994, -13.4256202, -13.20904948, -13.01520184, -12.89164445, -12.74685982, -11.94274546, -11.3432115, -6.16006541, 0.15650445, 2.81985812, 3.78669556, 3.87640816, 4.09976019, 4.36237729, 4.62999584, 5.29757322, 5.70333626, 6.5172354, 7.16216867, 8.01825838, 17.84551345], "fractional occupation": [2.0, 2.0, 2.0, 2.0, 2.0, 2.0, 2.0, 2.0, 2.0, 2.0, 2.0, 2.0, 2.0, 2.0, 2.0, 2.0, 2.0, 2.0, 0.0, 0.0, 0.0, 0.0, 0.0, 0.0, 0.0, 0.0, 0.0, 0.0, 0.0, 0.0, 0.0, 0.0], "program call": "xtb /tmp/scratch/tmpzsu1jam3/7187_0_xyzopt.xyz --pop --wbo --acc 0.2 --gfn 2 --chrg 0 --uhf 0 --etemp 300 --input /tmp/scratch/tmpzsu1jam3/7187_0_xtb.inp", "method": "GFN2-xTB", "xtb version": "6.3.3 (7355c4f)", "Dipole module/D": 2.557, "Total charge": 0, "Transition dipole module/D": NaN, "HOMO": -11.3432, "LUMO": -6.1601, "HOMO occupancy": 2.0, "LUMO occupancy": 0, "mulliken charges": [-0.09687, 0.20587, -0.4226, 0.58656, -0.12397, -0.53167, 0.0438, 0.03555, 0.0438, 0.03929, 0.03929, 0.06116, 0.06116, 0.05862], "cm5 charges": [-0.24607, 0.12335, -0.5085, 0.63734, -0.26456, -0.58223, 0.09813, 0.08783, 0.09813, 0.1045, 0.1045, 0.11665, 0.11665, 0.11428], "FUKUI+": [0.017, 0.027, -0.125, -0.192, 0.051, -0.285, -0.029, -0.045, -0.029, -0.041, -0.041, -0.111, -0.111, -0.085], "FUKUI-": [0.014, 0.017, -0.092, -0.022, -0.004, -0.195, -0.103, -0.083, -0.103, -0.104, -0.104, -0.078, -0.078, -0.064], "FUKUIrad": [0.015, 0.022, -0.109, -0.107, 0.023, -0.24, -0.066, -0.064, -0.066, -0.073, -0.073, -0.095, -0.095, -0.074], "s proportion": [1.008, 0.995, 1.687, 0.975, 1.017, 1.72, 0.956, 0.964, 0.956, 0.961, 0.961, 0.939, 0.939, 0.941], "p proportion": [3.089, 2.799, 4.736, 2.439, 3.107, 4.811, 0.0, 0.0, 0.0, 0.0, 0.0, 0.0, 0.0, 0.0], "d proportion": [0.0, 0.0, 0.0, 0.0, 0.0, 0.0, 0.0, 0.0, 0.0, 0.0, 0.0, 0.0, 0.0, 0.0], "Fermi-level/eV": -8.7516, "Coordination numbers": [3.751, 3.701, 1.704, 2.716, 3.753, 0.856, 0.925, 0.925, 0.925, 0.924, 0.924, 0.925, 0.925, 0.925], "Dispersion coefficient C6": [22.779, 19.329, 18.455, 20.877, 23.393, 21.918, 2.217, 2.285, 2.217, 2.314, 2.314, 2.02, 2.02, 2.032], "Total dispersion C6": 1539.749331, "Total dispersion C8": 32680.063335, "Polarizability alpha": [6.806, 6.287, 5.8, 7.48, 6.897, 6.277, 2.328, 2.364, 2.328, 2.379, 2.379, 2.222, 2.222, 2.229], "Total polarizability alpha": 57.998093, "Wiberg matrix": [[0.0, 1.0198784428242957, 0.0, 0.0, 0.0, 0.0, 0.9852774287148914, 0.9836064789770781, 0.9852774314548414, 0.0, 0.0, 0.0, 0.0, 0.0], [1.0198784428242957, 0.0, 0.9370764716656207, 0.0, 0.0, 0.0, 0.0, 0.0, 0.0, 0.9693369616526508, 0.9693369550652434, 0.0, 0.0, 0.0], [0.0, 0.9370764716656207, 0.0, 1.1335133508359085, 0.0, 0.17270862746833088, 0.0, 0.0, 0.0, 0.0, 0.0, 0.0, 0.0, 0.0], [0.0, 0.0, 1.1335133508359085, 0.0, 0.9853392399257975, 1.755895408981135, 0.0, 0.0, 0.0, 0.0, 0.0, 0.0, 0.0, 0.0], [0.0, 0.0, 0.0, 0.9853392399257975, 0.0, 0.0, 0.0, 0.0, 0.0, 0.0, 0.0, 0.9649255698920929, 0.9649255624901132, 0.9833944845920158], [0.0, 0.0, 0.17270862746833088, 1.755895408981135, 0.0, 0.0, 0.0, 0.0, 0.0, 0.0, 0.0, 0.0, 0.0, 0.0], [0.9852774287148914, 0.0, 0.0, 0.0, 0.0, 0.0, 0.0, 0.0, 0.0, 0.0, 0.0, 0.0, 0.0, 0.0], [0.9836064789770781, 0.0, 0.0, 0.0, 0.0, 0.0, 0.0, 0.0, 0.0, 0.0, 0.0, 0.0, 0.0, 0.0], [0.9852774314548414, 0.0, 0.0, 0.0, 0.0, 0.0, 0.0, 0.0, 0.0, 0.0, 0.0, 0.0, 0.0, 0.0], [0.0, 0.9693369616526508, 0.0, 0.0, 0.0, 0.0, 0.0, 0.0, 0.0, 0.0, 0.0, 0.0, 0.0, 0.0], [0.0, 0.9693369550652434, 0.0, 0.0, 0.0, 0.0, 0.0, 0.0, 0.0, 0.0, 0.0, 0.0, 0.0, 0.0], [0.0, 0.0, 0.0, 0.0, 0.9649255698920929, 0.0, 0.0, 0.0, 0.0, 0.0, 0.0, 0.0, 0.0, 0.0], [0.0, 0.0, 0.0, 0.0, 0.9649255624901132, 0.0, 0.0, 0.0, 0.0, 0.0, 0.0, 0.0, 0.0, 0.0], [0.0, 0.0, 0.0, 0.0, 0.9833944845920158, 0.0, 0.0, 0.0, 0.0, 0.0, 0.0, 0.0, 0.0, 0.0]], "Born radii": [], "Atomic SASAs": [], "Solvent H bonds": [], "Total SASA": NaN, "Total FOD": 0.0, "FOD": [0.0, 0.0, 0.0, 0.0, 0.0, 0.0, 0.0, 0.0, 0.0, 0.0, 0.0, 0.0, 0.0, 0.0], "FOD s proportion": [0.0, 0.0, 0.0, 0.0, 0.0, 0.0, 0.0, 0.0, 0.0, 0.0, 0.0, 0.0, 0.0, 0.0], "FOD p proportion": [0.0, 0.0, 0.0, 0.0, 0.0, 0.0, 0.0, 0.0, 0.0, 0.0, 0.0, 0.0, 0.0, 0.0], "FOD d proportion": [0.0, 0.0, 0.0, 0.0, 0.0, 0.0, 0.0, 0.0, 0.0, 0.0, 0.0, 0.0, 0.0, 0.0], "coordinates": [["-2.07525131241507", "-0.93704315500527", "0.39489681223036"], ["-1.14237505439793", "0.25862023598032", "0.36550649381760"], ["0.14420285947805", "-0.18206030336783", "-0.07471616889485"], ["1.09755649948874", "0.75030586156783", "-0.16013197667900"], ["2.39604680718431", "0.15136522514935", "-0.63392087202408"], ["0.92152452136241", "1.90867669571129", "0.11012603551740"], ["-1.69377143593091", "-1.69299550898922", "1.07586086301076"], ["-3.06023225280345", "-0.62281646755484", "0.72749572926365"], ["-2.15659407937589", "-1.37301579580058", "-0.59707803582548"], ["-1.03950793594995", "0.71033849042201", "1.35862717689580"], ["-1.50436285513940", "1.03172336444236", "-0.32165877824780"], ["2.71051295686553", "-0.62425730480696", "0.05976819344808"], ["2.24871022357004", "-0.30498389645171", "-1.60948289680258"], ["3.15354105806353", "0.92614455870325", "-0.69529357570986"]],