{"total energy": -19.87858752, "HOMO-LUMO gap/eV": 11.88842826, "electronic energy": -20.11072061, "dipole": [0.04887274, -0.50207152, -0.44365969], "partial charges": [-0.05199666, -0.06577617, 0.08265487, -0.31604911, 0.08265487, -0.06577617, 0.03187813, 0.03149614, 0.03139363, 0.04386325, 0.01688226, 0.04331791, 0.04331791, 0.01688226, 0.04386325, 0.03139363], "atomic dipole moments": [[-0.0108234, 0.07412096, 0.08848005], [0.08833796, 0.06170527, -0.04286489], [0.17424921, -0.02784619, 0.12033464], [0.02791213, -0.16898204, -0.22233424], [-0.20435889, -0.01217392, 0.0608922], [-0.06570848, 0.06808194, -0.06705058], [0.01978783, 0.02736644, -0.1188198], [-0.00674068, -0.12274473, 0.01057137], [-0.09463969, -0.03313103, -0.07363328], [-0.02468277, -0.03488963, 0.11837322], [0.01691747, 0.03727912, -0.11093729], [-0.09502202, 0.0584573, 0.05039794], [0.07943711, 0.05123566, 0.07778847], [0.02089874, 0.03711431, -0.11031222], [-0.01561458, -0.035265, 0.11979695], [0.10963274, -0.04158678, -0.04156198]], "atomic quadrupole moments": [[0.20529864, -0.03159772, -0.11369047, 0.05286831, 0.1146198, -0.09160818], [0.03158245, -0.0701063, 0.18006515, -0.07681441, 0.03721867, -0.2116476], [0.13634182, 0.15533284, 0.00680264, 0.29608666, 0.08272066, -0.14314446], [0.1358468, -0.02329192, -0.09426774, 0.03236919, 0.08608888, -0.04157907], [0.25334711, -0.19118392, 0.03528989, -0.15807267, 0.04787672, -0.288637], [-0.02591222, 0.07021375, 0.16854672, 0.13845551, 0.04996463, -0.1426345], [-0.01141571, 0.00346516, -0.03635694, -0.01074596, -0.02816392, 0.04777265], [-0.02254474, 0.00560061, 0.05800397, 0.00142899, -0.01443306, -0.03545924], [0.01975601, 0.01705497, -0.02238726, 0.04590004, 0.02336633, 0.00263125], [-0.03326443, -0.0130763, -0.01490259, -0.01702928, -0.02358991, 0.04816702], [-0.02731457, 0.02456413, -0.01759631, 0.00035818, -0.01096852, 0.04491088], [0.04572738, -0.02044589, -0.01887881, -0.02385129, 0.01895763, -0.02684856], [0.02686292, 0.00939903, -0.02131732, 0.04251052, 0.02077375, -0.00554561], [-0.02350107, -0.01924299, -0.0139761, -0.02301631, -0.01685399, 0.03747717], [-0.03224217, 0.02123242, -0.01774472, -0.01115335, -0.01843994, 0.04998689], [0.04075812, -0.02812059, -0.01868321, -0.031132, 0.01959884, -0.02207491]], "number of molecular orbitals": 34, "number of electrons": 36, "number of unpaired electrons": 0, "orbital energies/eV": [-18.83613666, -17.3652768, -17.34247793, -16.28359203, -16.21894938, -15.5136418, -14.90891364, -14.47829722, -14.1433422, -13.83756491, -13.59519264, -13.19575373, -12.9732137, -12.27060791, -12.05872963, -11.80627461, -11.56783503, -10.63751662, 1.25091164, 2.29335769, 2.46517748, 2.62739543, 2.72059734, 3.4919092, 3.85443385, 4.47274314, 4.77231568, 4.9900122, 5.38281943, 6.24891753, 6.36631413, 7.14652883, 7.84275974, 8.35567091], "fractional occupation": [2.0, 2.0, 2.0, 2.0, 2.0, 2.0, 2.0, 2.0, 2.0, 2.0, 2.0, 2.0, 2.0, 2.0, 2.0, 2.0, 2.0, 2.0, 0.0, 0.0, 0.0, 0.0, 0.0, 0.0, 0.0, 0.0, 0.0, 0.0, 0.0, 0.0, 0.0, 0.0, 0.0, 0.0], "program call": "xtb /tmp/scratch/tmpms43ehe4/7323_0_xyzopt.xyz --pop --wbo --acc 0.2 --gfn 2 --chrg 0 --uhf 0 --etemp 300 --input /tmp/scratch/tmpms43ehe4/7323_0_xtb.inp", "method": "GFN2-xTB", "xtb version": "6.3.3 (7355c4f)", "Dipole module/D": 1.708, "Total charge": 0, "Transition dipole module/D": NaN, "HOMO": -10.6375, "LUMO": 1.2509, "HOMO occupancy": 2.0, "LUMO occupancy": 0, "mulliken charges": [-0.04098, -0.06819, 0.19581, -0.46266, 0.19581, -0.06819, 0.02067, 0.02594, 0.0251, 0.03586, 0.00975, 0.03018, 0.03018, 0.00975, 0.03586, 0.0251], "cm5 charges": [-0.15064, -0.17628, 0.11488, -0.56456, 0.11488, -0.17628, 0.07695, 0.08062, 0.08014, 0.09358, 0.07247, 0.09403, 0.09403, 0.07247, 0.09358, 0.08014], "FUKUI+": [0.021, 0.021, -0.011, -0.169, -0.011, 0.021, -0.057, -0.088, -0.117, -0.064, -0.092, -0.091, -0.091, -0.092, -0.064, -0.117], "FUKUI-": [0.018, -0.002, 0.016, -0.19, 0.016, -0.002, -0.071, -0.126, -0.075, -0.069, -0.103, -0.082, -0.082, -0.103, -0.069, -0.075], "FUKUIrad": [0.02, 0.009, 0.003, -0.18, 0.003, 0.009, -0.064, -0.107, -0.096, -0.067, -0.097, -0.086, -0.086, -0.097, -0.067, -0.096], "s proportion": [1.026, 1.033, 0.991, 1.688, 0.991, 1.033, 0.979, 0.974, 0.975, 0.964, 0.99, 0.97, 0.97, 0.99, 0.964, 0.975], "p proportion": [3.015, 3.036, 2.813, 4.775, 2.813, 3.036, 0.0, 0.0, 0.0, 0.0, 0.0, 0.0, 0.0, 0.0, 0.0, 0.0], "d proportion": [0.0, 0.0, 0.0, 0.0, 0.0, 0.0, 0.0, 0.0, 0.0, 0.0, 0.0, 0.0, 0.0, 0.0, 0.0, 0.0], "Fermi-level/eV": -4.6933, "Coordination numbers": [3.807, 3.803, 3.714, 1.701, 3.714, 3.803, 0.924, 0.924, 0.924, 0.924, 0.923, 0.924, 0.924, 0.923, 0.924, 0.924], "Dispersion coefficient C6": [21.502, 21.759, 19.327, 19.276, 19.327, 21.759, 2.56, 2.565, 2.567, 2.398, 2.781, 2.405, 2.405, 2.781, 2.398, 2.567], "Total dispersion C6": 1849.003402, "Total dispersion C8": 38881.868951, "Polarizability alpha": [6.601, 6.641, 6.281, 5.928, 6.281, 6.641, 2.502, 2.505, 2.505, 2.422, 2.608, 2.425, 2.425, 2.608, 2.422, 2.505], "Total polarizability alpha": 63.300975, "Wiberg matrix": [[0.0, 1.0088528422983085, 0.0, 0.0, 0.0, 1.0088528415018099, 0.9774427819201333, 0.9775497995266019, 0.0, 0.0, 0.0, 0.0, 0.0, 0.0, 0.0, 0.0], [1.0088528422983085, 0.0, 0.9979901449427113, 0.0, 0.0, 0.0, 0.0, 0.0, 0.9771261502609079, 0.9772793844998936, 0.0, 0.0, 0.0, 0.0, 0.0, 0.0], [0.0, 0.9979901449427113, 0.0, 0.9883050354692553, 0.0, 0.0, 0.0, 0.0, 0.0, 0.0, 0.9665544898112377, 0.9717091038111783, 0.0, 0.0, 0.0, 0.0], [0.0, 0.0, 0.9883050354692553, 0.0, 0.9883050332100013, 0.0, 0.0, 0.0, 0.0, 0.0, 0.0, 0.0, 0.0, 0.0, 0.0, 0.0], [0.0, 0.0, 0.0, 0.9883050332100013, 0.0, 0.997990146146685, 0.0, 0.0, 0.0, 0.0, 0.0, 0.0, 0.9717091039342767, 0.9665544904152168, 0.0, 0.0], [1.0088528415018099, 0.0, 0.0, 0.0, 0.997990146146685, 0.0, 0.0, 0.0, 0.0, 0.0, 0.0, 0.0, 0.0, 0.0, 0.9772793844080734, 0.9771261503282622], [0.9774427819201333, 0.0, 0.0, 0.0, 0.0, 0.0, 0.0, 0.0, 0.0, 0.0, 0.0, 0.0, 0.0, 0.0, 0.0, 0.0], [0.9775497995266019, 0.0, 0.0, 0.0, 0.0, 0.0, 0.0, 0.0, 0.0, 0.0, 0.0, 0.0, 0.0, 0.0, 0.0, 0.0], [0.0, 0.9771261502609079, 0.0, 0.0, 0.0, 0.0, 0.0, 0.0, 0.0, 0.0, 0.0, 0.0, 0.0, 0.0, 0.0, 0.0], [0.0, 0.9772793844998936, 0.0, 0.0, 0.0, 0.0, 0.0, 0.0, 0.0, 0.0, 0.0, 0.0, 0.0, 0.0, 0.0, 0.0], [0.0, 0.0, 0.9665544898112377, 0.0, 0.0, 0.0, 0.0, 0.0, 0.0, 0.0, 0.0, 0.0, 0.0, 0.0, 0.0, 0.0], [0.0, 0.0, 0.9717091038111783, 0.0, 0.0, 0.0, 0.0, 0.0, 0.0, 0.0, 0.0, 0.0, 0.0, 0.0, 0.0, 0.0], [0.0, 0.0, 0.0, 0.0, 0.9717091039342767, 0.0, 0.0, 0.0, 0.0, 0.0, 0.0, 0.0, 0.0, 0.0, 0.0, 0.0], [0.0, 0.0, 0.0, 0.0, 0.9665544904152168, 0.0, 0.0, 0.0, 0.0, 0.0, 0.0, 0.0, 0.0, 0.0, 0.0, 0.0], [0.0, 0.0, 0.0, 0.0, 0.0, 0.9772793844080734, 0.0, 0.0, 0.0, 0.0, 0.0, 0.0, 0.0, 0.0, 0.0, 0.0], [0.0, 0.0, 0.0, 0.0, 0.0, 0.9771261503282622, 0.0, 0.0, 0.0, 0.0, 0.0, 0.0, 0.0, 0.0, 0.0, 0.0]], "Born radii": [], "Atomic SASAs": [], "Solvent H bonds": [], "Total SASA": NaN, "Total FOD": 0.0, "FOD": [0.0, 0.0, 0.0, 0.0, 0.0, 0.0, 0.0, 0.0, 0.0, 0.0, 0.0, 0.0, 0.0, 0.0, 0.0, 0.0], "FOD s proportion": [0.0, 0.0, 0.0, 0.0, 0.0, 0.0, 0.0, 0.0, 0.0, 0.0, 0.0, 0.0, 0.0, 0.0, 0.0, 0.0], "FOD p proportion": [0.0, 0.0, 0.0, 0.0, 0.0, 0.0, 0.0, 0.0, 0.0, 0.0, 0.0, 0.0, 0.0, 0.0, 0.0, 0.0], "FOD d proportion": [0.0, 0.0, 0.0, 0.0, 0.0, 0.0, 0.0, 0.0, 0.0, 0.0, 0.0, 0.0, 0.0, 0.0, 0.0, 0.0],