{"total energy": -17.7204602, "HOMO-LUMO gap/eV": 11.52340471, "electronic energy": -17.92918728, "dipole": [0.0174845, -0.41299723, -0.20345246], "partial charges": [-0.11115013, 0.09322035, -0.3202064, 0.09322034, -0.11115013, 0.05450447, 0.04250859, 0.05450445, 0.01325774, 0.01325773, 0.01325774, 0.01325774, 0.05450446, 0.04250859, 0.05450446], "atomic dipole moments": [[0.09238038, -0.07069252, -0.03205154], [0.12219155, 0.14888163, 0.07732981], [0.01098578, -0.25949248, -0.1278325], [-0.13456106, 0.14329559, 0.06660411], [-0.08623022, -0.07457849, -0.03951284], [-0.00028255, 0.0209484, 0.12469908], [-0.10158137, -0.06284773, -0.03419467], [0.0054177, 0.11169533, -0.05902185], [0.00449922, -0.0196613, -0.11493148], [-0.00075246, -0.10326582, 0.05432915], [0.00595543, -0.01962965, -0.11487064], [0.00070354, -0.10323413, 0.05439001], [-0.00532295, 0.11146165, -0.05947052], [0.10671091, -0.05831597, -0.02549345], [-0.01102354, 0.0207147, 0.12425039]], "atomic quadrupole moments": [[0.1517949, -0.17218597, -0.02482921, -0.0755822, 0.05813109, -0.12696569], [0.34399015, 0.14024199, -0.06527873, 0.09093289, 0.14704264, -0.27871142], [0.13159158, -0.00061397, -0.001483, 0.0091159, 0.08419543, -0.13010858], [0.36717332, -0.13330818, -0.07719268, -0.0434643, 0.13267014, -0.28998064], [0.12251433, 0.17330941, -0.00978168, 0.09416345, 0.07628357, -0.11273265], [-0.0427555, -0.01217652, -0.03873092, 0.00300024, 0.0156563, 0.08148643], [0.05104545, 0.05274287, -0.00825909, 0.02937937, 0.02531801, -0.04278636], [-0.04158554, -4.04e-06, 0.05231915, -0.01442334, -0.05373548, -0.01073361], [-0.01315781, 0.00905518, -0.03255959, 0.00638421, 0.00508882, 0.0457174], [-0.01284547, 0.01322728, 0.02113078, 0.00218943, -0.03592329, -0.00828531], [-0.01090586, -0.00852782, -0.03332576, -0.0113522, 0.0039664, 0.04423162], [-0.01150287, -0.0116035, 0.02004966, -0.00091251, -0.03702929, -0.00854679], [-0.04397755, 0.00032832, 0.05233475, 0.01397044, -0.05310167, -0.0083572], [0.05990109, -0.05174937, -0.0128101, -0.0219585, 0.01982796, -0.04709099], [-0.04232583, 0.01064601, -0.03773804, -0.01401761, 0.01623904, 0.08006386]], "number of molecular orbitals": 30, "number of electrons": 32, "number of unpaired electrons": 0, "orbital energies/eV": [-18.79604442, -17.46381785, -16.58698639, -16.03064234, -15.73299006, -14.92836888, -14.83166574, -13.942041, -13.73974105, -12.99698751, -12.59232139, -12.5689783, -12.36354837, -12.09565271, -11.98969034, -10.67638054, 0.84702417, 2.85366699, 3.13386019, 3.98555244, 4.0672369, 4.22669985, 4.56680602, 4.78782284, 4.90131707, 5.29928692, 6.7721237, 7.29153958, 7.39709745, 7.56223389], "fractional occupation": [2.0, 2.0, 2.0, 2.0, 2.0, 2.0, 2.0, 2.0, 2.0, 2.0, 2.0, 2.0, 2.0, 2.0, 2.0, 2.0, 0.0, 0.0, 0.0, 0.0, 0.0, 0.0, 0.0, 0.0, 0.0, 0.0, 0.0, 0.0, 0.0, 0.0], "program call": "xtb /tmp/scratch/tmpdr6i4e2u/829_0_xyzopt.xyz --pop --wbo --acc 0.2 --gfn 2 --chrg 0 --uhf 0 --etemp 300 --input /tmp/scratch/tmpdr6i4e2u/829_0_xtb.inp", "method": "GFN2-xTB", "xtb version": "6.3.3 (7355c4f)", "Dipole module/D": 1.171, "Total charge": 0, "Transition dipole module/D": NaN, "HOMO": -10.6764, "LUMO": 0.847, "HOMO occupancy": 2.0, "LUMO occupancy": 0, "mulliken charges": [-0.09235, 0.20772, -0.4708, 0.20772, -0.09235, 0.04104, 0.02561, 0.04104, 0.00616, 0.00616, 0.00616, 0.00616, 0.04104, 0.02562, 0.04104], "cm5 charges": [-0.2417, 0.12485, -0.57499, 0.12485, -0.2417, 0.09546, 0.07778, 0.09546, 0.06782, 0.06782, 0.06782, 0.06782, 0.09546, 0.07778, 0.09546], "FUKUI+": [0.024, -0.025, -0.178, -0.025, 0.024, -0.06, -0.115, -0.06, -0.087, -0.087, -0.087, -0.087, -0.06, -0.115, -0.06], "FUKUI-": [0.024, 0.034, -0.174, 0.034, 0.024, -0.077, -0.062, -0.077, -0.128, -0.128, -0.128, -0.128, -0.077, -0.062, -0.077], "FUKUIrad": [0.024, 0.004, -0.176, 0.004, 0.024, -0.068, -0.089, -0.068, -0.108, -0.108, -0.108, -0.108, -0.068, -0.089, -0.068], "s proportion": [1.007, 0.989, 1.683, 0.989, 1.007, 0.959, 0.974, 0.959, 0.994, 0.994, 0.994, 0.994, 0.959, 0.974, 0.959], "p proportion": [3.086, 2.804, 4.788, 2.804, 3.086, 0.0, 0.0, 0.0, 0.0, 0.0, 0.0, 0.0, 0.0, 0.0, 0.0], "d proportion": [0.0, 0.0, 0.0, 0.0, 0.0, 0.0, 0.0, 0.0, 0.0, 0.0, 0.0, 0.0, 0.0, 0.0, 0.0], "Fermi-level/eV": -4.9147, "Coordination numbers": [3.751, 3.701, 1.702, 3.701, 3.751, 0.925, 0.925, 0.925, 0.923, 0.923, 0.923, 0.923, 0.925, 0.925, 0.925], "Dispersion coefficient C6": [22.688, 19.186, 19.35, 19.186, 22.688, 2.264, 2.416, 2.264, 2.838, 2.838, 2.838, 2.838, 2.264, 2.416, 2.264], "Total dispersion C6": 1479.671356, "Total dispersion C8": 29904.119505, "Polarizability alpha": [6.793, 6.264, 5.939, 6.264, 6.793, 2.353, 2.431, 2.353, 2.635, 2.635, 2.635, 2.635, 2.353, 2.431, 2.353], "Total polarizability alpha": 56.864574, "Wiberg matrix": [[0.0, 1.0151770782289962, 0.0, 0.0, 0.0, 0.9861277808706167, 0.9860229175690803, 0.9861277876741446, 0.0, 0.0, 0.0, 0.0, 0.0, 0.0, 0.0], [1.0151770782289962, 0.0, 0.984007311293861, 0.0, 0.0, 0.0, 0.0, 0.0, 0.9677849299905537, 0.9677849226226376, 0.0, 0.0, 0.0, 0.0, 0.0], [0.0, 0.984007311293861, 0.0, 0.9840073068070991, 0.0, 0.0, 0.0, 0.0, 0.0, 0.0, 0.0, 0.0, 0.0, 0.0, 0.0], [0.0, 0.0, 0.9840073068070991, 0.0, 1.0151770796013773, 0.0, 0.0, 0.0, 0.0, 0.0, 0.9677849325456891, 0.9677849219617178, 0.0, 0.0, 0.0], [0.0, 0.0, 0.0, 1.0151770796013773, 0.0, 0.0, 0.0, 0.0, 0.0, 0.0, 0.0, 0.0, 0.9861277848320775, 0.9860229171477883, 0.9861277835391917], [0.9861277808706167, 0.0, 0.0, 0.0, 0.0, 0.0, 0.0, 0.0, 0.0, 0.0, 0.0, 0.0, 0.0, 0.0, 0.0], [0.9860229175690803, 0.0, 0.0, 0.0, 0.0, 0.0, 0.0, 0.0, 0.0, 0.0, 0.0, 0.0, 0.0, 0.0, 0.0], [0.9861277876741446, 0.0, 0.0, 0.0, 0.0, 0.0, 0.0, 0.0, 0.0, 0.0, 0.0, 0.0, 0.0, 0.0, 0.0], [0.0, 0.9677849299905537, 0.0, 0.0, 0.0, 0.0, 0.0, 0.0, 0.0, 0.0, 0.0, 0.0, 0.0, 0.0, 0.0], [0.0, 0.9677849226226376, 0.0, 0.0, 0.0, 0.0, 0.0, 0.0, 0.0, 0.0, 0.0, 0.0, 0.0, 0.0, 0.0], [0.0, 0.0, 0.0, 0.9677849325456891, 0.0, 0.0, 0.0, 0.0, 0.0, 0.0, 0.0, 0.0, 0.0, 0.0, 0.0], [0.0, 0.0, 0.0, 0.9677849219617178, 0.0, 0.0, 0.0, 0.0, 0.0, 0.0, 0.0, 0.0, 0.0, 0.0, 0.0], [0.0, 0.0, 0.0, 0.0, 0.9861277848320775, 0.0, 0.0, 0.0, 0.0, 0.0, 0.0, 0.0, 0.0, 0.0, 0.0], [0.0, 0.0, 0.0, 0.0, 0.9860229171477883, 0.0, 0.0, 0.0, 0.0, 0.0, 0.0, 0.0, 0.0, 0.0, 0.0], [0.0, 0.0, 0.0, 0.0, 0.9861277835391917, 0.0, 0.0, 0.0, 0.0, 0.0, 0.0, 0.0, 0.0, 0.0, 0.0]], "Born radii": [], "Atomic SASAs": [], "Solvent H bonds": [], "Total SASA": NaN, "Total FOD": 0.0, "FOD": [0.0, 0.0, 0.0, 0.0, 0.0, 0.0, 0.0, 0.0, 0.0, 0.0, 0.0, 0.0, 0.0, 0.0, 0.0], "FOD s proportion": [0.0, 0.0, 0.0, 0.0, 0.0, 0.0, 0.0, 0.0, 0.0, 0.0, 0.0, 0.0, 0.0, 0.0, 0.0], "FOD p proportion": [0.0, 0.0, 0.0, 0.0, 0.0, 0.0, 0.0, 0.0, 0.0, 0.0, 0.0, 0.0, 0.0, 0.0, 0.0], "FOD d proportion": [0.0, 0.0, 0.0, 0.0, 0.0, 0.0, 0.0, 0.0, 0.0, 0.0, 0.0, 0.0, 0.0, 0.0, 0.0], "coordinates": [["-2.39038344637110", "0.36615563634663", "0.14272969733899"], ["-1.15772234288136", "-0.44583143994934", "-0.22009685735359"], ["-0.01151600365678", "0.27201586738822", "0.17004000158978"], ["1.19330592904952", "-0.39468112448051", "-0.12188421412414"], ["2.35500948859278", "0.46939935130617", "0.34096487830669"], ["-2.41164812403751", "0.54490328428506", "1.21406667638029"], ["-3.28866416648471", "-0.17027194713457", "-0.15010351315956"], ["-2.36261568495114", "1.32548956785168", "-0.36626262273935"], ["-1.13001415479207", "-0.63567384921625", "-1.30617593896963"], ["-1.17951898759920", "-1.42376874387464", "0.28935303178628"], ["1.26450220794539", "-0.58357768428820", "-1.20614655334157"], ["1.21499551117629", "-1.37167216663615", "0.38938256722561"], ["2.32814446557011", "1.42754468086961", "-0.17030962470906"], ["3.29701513501811", "-0.02698967953182", "0.12500795867243"], ["2.27910917342167", "0.64695824706411", "1.41001951309681"]],