{"total energy": -23.2600614, "HOMO-LUMO gap/eV": 4.7234809, "electronic energy": -23.76545866, "dipole": [-0.03676867, -0.0363814, -0.20894397], "partial charges": [-0.11502634, -0.02144957, -0.04425907, 0.02043781, -0.03682799, -0.03029042, -0.0325889, -0.03028914, -0.03683, 0.07156136, 0.05487535, 0.05489246, 0.02953344, 0.02904599, 0.02863821, 0.02904633, 0.02953048], "atomic dipole moments": [[0.18073561, 0.0428961, 0.2741557], [-0.24522399, -0.05555165, -0.35658582], [-0.05693717, 0.00894042, 0.03724003], [0.08647875, -0.0069419, -0.02043287], [-0.00054959, 0.00745763, 0.00327926], [0.00019881, 0.00348425, 0.0004382], [0.00325066, -0.00029784, -0.00097896], [-4.373e-05, -0.00311333, 0.00163777], [-0.00103776, -0.00576686, 0.00571454], [0.11761033, 0.02664955, 0.17137839], [0.03106188, 0.091872, -0.08890791], [0.0231397, -0.11913368, -0.05071753], [0.06478948, -0.13233258, 0.004535], [-0.07450245, -0.11938585, 0.04275133], [-0.14142285, 0.01254289, 0.04001304], [-0.06508236, 0.13186388, -0.00271398], [0.07426309, 0.12048026, -0.04122947]], "atomic quadrupole moments": [[0.04430972, -0.12021118, 0.52628723, -0.76862869, -0.17494171, -0.57059695], [0.04246073, -0.10061108, 0.4486129, -0.64449279, -0.15026456, -0.49107363], [0.15645723, -0.0121374, -0.12308379, -0.00862033, 0.01730354, -0.03337345], [-0.01547299, 0.0113342, -0.33502373, 0.13360576, 0.12288797, 0.35049671], [-0.18141622, 0.03098658, -0.23755811, 0.19707483, 0.11706855, 0.41897433], [-0.1982428, 0.03370258, -0.23795165, 0.20710849, 0.11908801, 0.43619445], [-0.1993208, 0.03495402, -0.23142201, 0.2039804, 0.11565574, 0.43074281], [-0.19805697, 0.03658109, -0.23899958, 0.20644244, 0.11689608, 0.43705655], [-0.1811517, 0.0344272, -0.23921251, 0.19632557, 0.11334487, 0.4203642], [0.00106402, -0.00313126, 0.01385636, -0.01997341, -0.0046243, -0.01492038], [-0.0145417, 0.00778896, 0.01287899, -0.01155206, -0.04989514, 0.0016627], [-0.01577373, -0.00737882, 0.04560033, -0.00542989, 0.03444488, -0.02982659], [0.02841817, -0.00429142, 0.03133146, -0.02953228, -0.01582304, -0.05974963], [0.02946102, -0.00786333, 0.03220496, -0.02925051, -0.01547216, -0.06166598], [0.02480683, -0.00452368, 0.03626926, -0.02799405, -0.01708566, -0.0610761], [0.02986125, -0.00254199, 0.03123523, -0.0302763, -0.01695799, -0.06109647], [0.02830211, -0.00590537, 0.03143263, -0.02923151, -0.01588611, -0.05973474]], "number of molecular orbitals": 44, "number of electrons": 44, "number of unpaired electrons": 0, "orbital energies/eV": [-17.53190197, -17.06903664, -16.64597414, -16.53301968, -16.13518404, -15.56518525, -15.36156996, -14.43291367, -14.16643011, -13.7774688, -13.55965526, -13.18875134, -12.98260449, -12.94684772, -12.80015343, -12.61486936, -11.71065806, -11.45562944, -10.969377, -10.95056572, -10.91074457, -10.74423713, -6.02075623, -6.0086181, -3.94731452, -3.89017249, -2.44669781, 1.97536647, 3.05412454, 3.37171304, 4.30004995, 4.48896182, 5.1456676, 5.37851854, 5.75402678, 6.40875024, 9.17583804, 10.92187441, 11.33450826, 12.25922511, 12.56015466, 17.23674647, 18.12370432, 39.19133888], "fractional occupation": [2.0, 2.0, 2.0, 2.0, 2.0, 2.0, 2.0, 2.0, 2.0, 2.0, 2.0, 2.0, 2.0, 2.0, 2.0, 2.0, 2.0, 2.0, 2.0, 2.0, 2.0, 2.0, 0.0, 0.0, 0.0, 0.0, 0.0, 0.0, 0.0, 0.0, 0.0, 0.0, 0.0, 0.0, 0.0, 0.0, 0.0, 0.0, 0.0, 0.0, 0.0, 0.0, 0.0, 0.0], "program call": "xtb /tmp/scratch/tmpg3qe94vq/83340_0_xyzopt.xyz --pop --wbo --acc 0.2 --gfn 2 --chrg 0 --uhf 0 --etemp 300 --input /tmp/scratch/tmpg3qe94vq/83340_0_xtb.inp", "method": "GFN2-xTB", "xtb version": "6.3.3 (7355c4f)", "Dipole module/D": 0.547, "Total charge": 0, "Transition dipole module/D": NaN, "HOMO": -10.7442, "LUMO": -6.0208, "HOMO occupancy": 2.0, "LUMO occupancy": 0, "mulliken charges": [-0.10733, -0.02041, -0.02474, 0.01352, -0.03964, -0.02489, -0.03202, -0.02489, -0.03964, 0.06058, 0.04429, 0.04428, 0.03073, 0.02984, 0.02976, 0.02984, 0.03073], "cm5 charges": [-0.16083, -0.03176, -0.12124, -0.00093, -0.0936, -0.0812, -0.08843, -0.0812, -0.0936, 0.11633, 0.10067, 0.10068, 0.08816, 0.08629, 0.08619, 0.08629, 0.08816], "FUKUI+": [-0.054, -0.028, 0.016, -0.077, -0.045, -0.047, -0.064, -0.047, -0.045, -0.064, -0.053, -0.053, -0.085, -0.089, -0.093, -0.089, -0.085], "FUKUI-": [-0.089, -0.071, 0.009, -0.053, -0.031, -0.035, -0.055, -0.035, -0.031, -0.089, -0.079, -0.079, -0.065, -0.076, -0.08, -0.076, -0.065], "FUKUIrad": [-0.072, -0.05, 0.013, -0.065, -0.038, -0.041, -0.059, -0.041, -0.038, -0.076, -0.066, -0.066, -0.075, -0.082, -0.087, -0.082, -0.075], "s proportion": [1.084, 1.105, 1.017, 1.083, 1.057, 1.056, 1.055, 1.056, 1.057, 0.939, 0.956, 0.956, 0.969, 0.97, 0.97, 0.97, 0.969], "p proportion": [3.023, 2.915, 3.008, 2.904, 2.982, 2.969, 2.977, 2.969, 2.982, 0.0, 0.0, 0.0, 0.0, 0.0, 0.0, 0.0, 0.0], "d proportion": [0.0, 0.0, 0.0, 0.0, 0.0, 0.0, 0.0, 0.0, 0.0, 0.0, 0.0, 0.0, 0.0, 0.0, 0.0, 0.0, 0.0], "Fermi-level/eV": -8.3825, "Coordination numbers": [1.909, 1.973, 3.81, 2.98, 2.924, 2.919, 2.92, 2.919, 2.924, 0.928, 0.924, 0.924, 0.926, 0.926, 0.926, 0.926, 0.926], "Dispersion coefficient C6": [34.311, 31.632, 21.358, 27.545, 28.916, 28.756, 28.812, 28.756, 28.916, 2.068, 2.26, 2.26, 2.593, 2.6, 2.606, 2.6, 2.593], "Total dispersion C6": 3680.551846, "Total dispersion C8": 91512.734521, "Polarizability alpha": [9.46, 9.083, 6.578, 8.609, 8.818, 8.794, 8.802, 8.794, 8.818, 2.249, 2.351, 2.351, 2.518, 2.521, 2.524, 2.521, 2.518], "Total polarizability alpha": 97.310737, "Wiberg matrix": [[0.0, 2.893275804686931, 0.0, 0.0, 0.0, 0.0, 0.0, 0.0, 0.0, 0.9713168066993896, 0.0, 0.0, 0.0, 0.0, 0.0, 0.0, 0.0], [2.893275804686931, 0.0, 1.0373576051106466, 0.0, 0.0, 0.0, 0.0, 0.0, 0.0, 0.0, 0.0, 0.0, 0.0, 0.0, 0.0, 0.0, 0.0], [0.0, 1.0373576051106466, 0.0, 0.9875261542326342, 0.0, 0.0, 0.0, 0.0, 0.0, 0.0, 0.9516417683343386, 0.9516404855598899, 0.0, 0.0, 0.0, 0.0, 0.0], [0.0, 0.0, 0.9875261542326342, 0.0, 1.4138732637446918, 0.0, 0.10951591261027543, 0.0, 1.4138711897860705, 0.0, 0.0, 0.0, 0.0, 0.0, 0.0, 0.0, 0.0], [0.0, 0.0, 0.0, 1.4138732637446918, 0.0, 1.4447080674077606, 0.0, 0.11136253858862534, 0.0, 0.0, 0.0, 0.0, 0.9696450710330347, 0.0, 0.0, 0.0, 0.0], [0.0, 0.0, 0.0, 0.0, 1.4447080674077606, 0.0, 1.43871304907897, 0.0, 0.11136213567766498, 0.0, 0.0, 0.0, 0.0, 0.9712619222752547, 0.0, 0.0, 0.0], [0.0, 0.0, 0.0, 0.10951591261027543, 0.0, 1.43871304907897, 0.0, 1.4387150609764812, 0.0, 0.0, 0.0, 0.0, 0.0, 0.0, 0.9715891073223932, 0.0, 0.0], [0.0, 0.0, 0.0, 0.0, 0.11136253858862534, 0.0, 1.4387150609764812, 0.0, 1.444706603635276, 0.0, 0.0, 0.0, 0.0, 0.0, 0.0, 0.9712616569562321, 0.0], [0.0, 0.0, 0.0, 1.4138711897860705, 0.0, 0.11136213567766498, 0.0, 1.444706603635276, 0.0, 0.0, 0.0, 0.0, 0.0, 0.0, 0.0, 0.0, 0.9696448378118567], [0.9713168066993896, 0.0, 0.0, 0.0, 0.0, 0.0, 0.0, 0.0, 0.0, 0.0, 0.0, 0.0, 0.0, 0.0, 0.0, 0.0, 0.0], [0.0, 0.0, 0.9516417683343386, 0.0, 0.0, 0.0, 0.0, 0.0, 0.0, 0.0, 0.0, 0.0, 0.0, 0.0, 0.0, 0.0, 0.0], [0.0, 0.0, 0.9516404855598899, 0.0, 0.0, 0.0, 0.0, 0.0, 0.0, 0.0, 0.0, 0.0, 0.0, 0.0, 0.0, 0.0, 0.0], [0.0, 0.0, 0.0, 0.0, 0.9696450710330347, 0.0, 0.0, 0.0, 0.0, 0.0, 0.0, 0.0, 0.0, 0.0, 0.0, 0.0, 0.0], [0.0, 0.0, 0.0, 0.0, 0.0, 0.9712619222752547, 0.0, 0.0, 0.0, 0.0, 0.0, 0.0, 0.0, 0.0, 0.0, 0.0, 0.0], [0.0, 0.0, 0.0, 0.0, 0.0, 0.0, 0.9715891073223932, 0.0, 0.0, 0.0, 0.0, 0.0, 0.0, 0.0, 0.0, 0.0, 0.0], [0.0, 0.0, 0.0, 0.0, 0.0, 0.0, 0.0, 0.9712616569562321, 0.0, 0.0, 0.0, 0.0, 0.0, 0.0, 0.0, 0.0, 0.0], [0.0, 0.0, 0.0, 0.0, 0.0, 0.0, 0.0, 0.0, 0.9696448378118567, 0.0, 0.0, 0.0, 0.0, 0.0, 0.0, 0.0, 0.0]], "Born radii": [], "Atomic SASAs": [], "Solvent H bonds": [], "Total SASA": NaN, "Total FOD": 0.0, "FOD": [0.0, 0.0, 0.0, 0.0, 0.0, 0.0, 0.0, 0.0, 0.0, 0.0, 0.0, 0.0, 0.0, 0.0, 0.0, 0.0, 0.0], "FOD s proportion": [0.0, 0.0, 0.0, 0.0, 0.0, 0.0, 0.0, 0.0, 0.0, 0.0, 0.0, 0.0, 0.0, 0.0, 0.0, 0.0, 0.0], "FOD p proportion": [0.0, 0.0, 0.0, 0.0, 0.0, 0.0, 0.0, 0.0, 0.0, 0.0, 0.0, 0.0, 0.0, 0.0, 0.0, 0.0, 0.0],