{"total energy": -11.39186743, "HOMO-LUMO gap/eV": 12.55217122, "electronic energy": -11.51292074, "dipole": [0.17459323, -0.58354933, 0.29808748], "partial charges": [-0.11057079, 0.09228708, -0.44166515, 0.03909105, 0.05456031, 0.05456031, 0.01459468, 0.01459468, 0.28254783], "atomic dipole moments": [[0.09972061, -0.05891214, 0.00732023], [0.06928549, 0.1581914, -0.11315624], [-0.01809033, -0.20745102, 0.12820568], [-0.07881124, -0.07166674, 0.0644191], [0.0089097, 0.11524448, 0.05188641], [-0.03874477, 0.01323383, -0.11990238], [-0.00533699, -0.1061704, -0.0510646], [0.03952276, -0.01014221, 0.11064952], [0.06707663, -0.03858316, 0.00430406]], "atomic quadrupole moments": [[0.20841542, -0.15243097, -0.06396519, -0.00995468, -0.01104195, -0.14445023], [0.19236346, 0.1301278, -0.03627999, -0.22836246, -0.22375532, -0.15608346], [0.02355559, 0.07245427, 0.01640104, -0.08429158, -0.10418826, -0.03995663], [0.01575527, 0.04520889, 9.099e-05, -0.04677044, -0.04589088, -0.01584626], [-0.03353736, 0.00456955, 0.05746441, 0.01410274, 0.05142507, -0.02392705], [-0.02970548, -0.0146789, -0.04250211, 0.03434342, -0.00420507, 0.07220759], [-0.01321947, 0.01224083, 0.02403433, -0.01331312, 0.02975089, -0.01081486], [-0.00137066, 0.01113419, -0.03499835, 0.01458812, -0.00594621, 0.036369], [0.10637832, -0.07142151, -0.02832014, -0.01274016, -0.01826014, -0.07805818]], "number of molecular orbitals": 18, "number of electrons": 20, "number of unpaired electrons": 0, "orbital energies/eV": [-18.64543322, -17.04166742, -15.76923491, -15.43106422, -14.43838282, -13.77234454, -12.67392942, -12.5045326, -12.25478592, -11.10069734, 1.45147387, 3.43803983, 3.59562266, 4.15671821, 4.94878657, 5.77797557, 7.19322788, 7.37168914], "fractional occupation": [2.0, 2.0, 2.0, 2.0, 2.0, 2.0, 2.0, 2.0, 2.0, 2.0, 0.0, 0.0, 0.0, 0.0, 0.0, 0.0, 0.0, 0.0], "program call": "xtb /tmp/scratch/tmps1xggct7/900_0_xyzopt.xyz --pop --wbo --acc 0.2 --gfn 2 --chrg 0 --uhf 0 --etemp 300 --input /tmp/scratch/tmps1xggct7/900_0_xtb.inp", "method": "GFN2-xTB", "xtb version": "6.3.3 (7355c4f)", "Dipole module/D": 1.724, "Total charge": 0, "Transition dipole module/D": NaN, "HOMO": -11.1007, "LUMO": 1.4515, "HOMO occupancy": 2.0, "LUMO occupancy": 0, "mulliken charges": [-0.09241, 0.20836, -0.56969, 0.02458, 0.04145, 0.04145, 0.00471, 0.00471, 0.33683], "cm5 charges": [-0.24205, 0.12122, -0.78739, 0.07673, 0.09586, 0.09586, 0.06543, 0.06543, 0.50891], "FUKUI+": [0.038, -0.029, -0.203, -0.17, -0.083, -0.083, -0.122, -0.122, -0.227], "FUKUI-": [0.027, 0.026, -0.197, -0.093, -0.141, -0.141, -0.197, -0.197, -0.087], "FUKUIrad": [0.032, -0.001, -0.2, -0.131, -0.112, -0.112, -0.16, -0.16, -0.157], "s proportion": [1.006, 0.984, 1.688, 0.975, 0.959, 0.959, 0.995, 0.995, 0.663], "p proportion": [3.086, 2.807, 4.882, 0.0, 0.0, 0.0, 0.0, 0.0, 0.0], "d proportion": [0.0, 0.0, 0.0, 0.0, 0.0, 0.0, 0.0, 0.0, 0.0], "Fermi-level/eV": -4.8246, "Coordination numbers": [3.751, 3.672, 1.656, 0.925, 0.925, 0.925, 0.923, 0.923, 0.805], "Dispersion coefficient C6": [22.677, 19.28, 21.674, 2.461, 2.264, 2.264, 2.817, 2.817, 0.776], "Total dispersion C6": 509.09551, "Total dispersion C8": 10109.707928, "Polarizability alpha": [6.791, 6.293, 6.285, 2.453, 2.353, 2.353, 2.625, 2.625, 1.384], "Total polarizability alpha": 33.161457, "Wiberg matrix": [[0.0, 1.0178704372338818, 0.0, 0.9863247380636951, 0.9861205217371597, 0.9861205212592294, 0.0, 0.0, 0.0], [1.0178704372338818, 0.0, 0.9936194581210311, 0.0, 0.0, 0.0, 0.9726699840689743, 0.9726699818705251, 0.0], [0.0, 0.9936194581210311, 0.0, 0.0, 0.0, 0.0, 0.0, 0.0, 0.9066625802153664], [0.9863247380636951, 0.0, 0.0, 0.0, 0.0, 0.0, 0.0, 0.0, 0.0], [0.9861205217371597, 0.0, 0.0, 0.0, 0.0, 0.0, 0.0, 0.0, 0.0], [0.9861205212592294, 0.0, 0.0, 0.0, 0.0, 0.0, 0.0, 0.0, 0.0], [0.0, 0.9726699840689743, 0.0, 0.0, 0.0, 0.0, 0.0, 0.0, 0.0], [0.0, 0.9726699818705251, 0.0, 0.0, 0.0, 0.0, 0.0, 0.0, 0.0], [0.0, 0.0, 0.9066625802153664, 0.0, 0.0, 0.0, 0.0, 0.0, 0.0]], "Born radii": [], "Atomic SASAs": [], "Solvent H bonds": [], "Total SASA": NaN, "Total FOD": 0.0, "FOD": [0.0, 0.0, 0.0, 0.0, 0.0, 0.0, 0.0, 0.0, 0.0], "FOD s proportion": [0.0, 0.0, 0.0, 0.0, 0.0, 0.0, 0.0, 0.0, 0.0], "FOD p proportion": [0.0, 0.0, 0.0, 0.0, 0.0, 0.0, 0.0, 0.0, 0.0], "FOD d proportion": [0.0, 0.0, 0.0, 0.0, 0.0, 0.0, 0.0, 0.0, 0.0], "coordinates": [["-0.98078402396626", "0.28968138360175", "0.10005392242988"], ["0.39598359916811", "-0.35595976950213", "0.10152752134789"], ["1.27698981120763", "0.46892006210747", "-0.63269053213674"], ["-1.68182549854299", "-0.32386598773389", "0.65885715274229"], ["-0.92416908712667", "1.27555793971052", "0.55291677932421"], ["-1.33321594721332", "0.39993935495368", "-0.92164932177116"], ["0.34016251786199", "-1.35545013337041", "-0.35482291931523"], ["0.75361482933349", "-0.47040112207478", "1.13562412615013"], ["2.15324279927803", "0.07157727230779", "-0.63981672877128"]], "bond_dist": [[0.0, 1.5206392597148546, 2.3804587016721013, 1.086351957772974, 1.0863897100546993, 1.0863897090736798, 2.158302670076451, 2.158302676780113, 3.227553580141909], [1.5206392597148546, 0.0, 1.4126835570329488, 2.151496450238629, 2.146719686596792, 2.146719685905421, 1.1001603088991874, 1.1001603101511075, 1.9545687799807119], [2.3804587016721013, 1.4126835570329488, 0.0, 3.324333494153995, 2.627057262088112, 2.6270572169940105, 2.069585078695834, 2.0695850766319106, 0.9621597447339871], [1.086351957772974, 2.151496450238629, 3.324333494153995, 0.0, 1.7729702479629823, 1.7729702505570362, 2.4859904819810783, 2.4859905235490887, 4.068252459151193], [1.0863897100546993, 2.146719686596792, 2.627057262088112, 1.7729702479629823, 0.0, 1.7630576922545445, 3.0569149887552074, 2.4905581237560996, 3.5132102964949636], [1.0863897090736798, 2.146719685905421, 2.6270572169940105, 1.7729702505570362, 1.7630576922545445, 0.0, 2.4905581530286827, 3.0569149931620676, 3.513210192798407], [2.158302670076451, 1.1001603088991874, 2.069585078695834, 2.4859904819810783, 3.0569149887552074, 2.4905581530286827, 0.0, 1.7820457237660654, 2.3248416709196764], [2.158302676780113, 1.1001603101511075, 2.0695850766319106, 2.4859905235490887, 2.4905581237560996, 3.0569149931620676, 1.7820457237660654, 0.0, 2.3248417717239707], [3.227553580141909, 1.9545687799807119, 0.9621597447339871, 4.068252459151193, 3.5132102964949636, 3.513210192798407, 2.3248416709196764, 2.3248417717239707, 0.0]]}