{"total energy": -23.01384802, "HOMO-LUMO gap/eV": 3.85352758, "electronic energy": -23.32345865, "dipole": [-0.34832371, -0.03133894, 1.13940302], "partial charges": [-0.10299768, -0.05407995, -0.06049391, -0.05712752, -0.08335613, 0.21478791, -0.32015716, 0.03509106, 0.03385776, 0.03385768, 0.0320304, 0.03203102, 0.03081649, 0.03081634, 0.04688419, 0.04688572, 0.06416679, 0.06416739, 0.01281961], "atomic dipole moments": [[0.0788827, 0.00606183, -0.05953785], [0.00672265, -0.00010015, 0.11538635], [0.00483989, 0.00095023, -0.11611013], [0.02522253, 0.0011822, 0.12911074], [0.00133339, 0.00056369, -0.08990098], [-0.05396282, -0.00368543, -0.05420632], [0.00202629, -0.00072539, 0.16971596], [-0.10304065, -0.0071711, -0.06845227], [-0.00917935, 0.09910254, 0.07298102], [0.00536439, -0.10012087, 0.07196687], [0.00462034, -0.09841539, -0.07301231], [-0.0097776, 0.09878091, -0.07200124], [-0.00626096, 0.09769452, 0.07274414], [0.0080534, -0.09830682, 0.07173579], [0.00695497, -0.09954465, -0.07612114], [-0.00763814, 0.10026788, -0.07510223], [0.01154295, -0.10321752, 0.07712587], [-0.0035232, 0.10300202, 0.07818957], [0.11208442, 0.00787297, 0.06416369]], "atomic quadrupole moments": [[0.1168485, 0.01860866, -0.12509732, -0.16423166, -0.01267632, 0.00824883], [0.22365399, 0.03401089, -0.23923619, -0.00660425, -0.00179895, 0.0155822], [0.22398315, 0.03450567, -0.24505217, -0.01358312, -0.00237122, 0.02106903], [0.24645161, 0.03713568, -0.26022499, 0.01353669, -0.00042558, 0.01377338], [0.19759853, 0.03140838, -0.22894384, -0.01330412, -0.00232809, 0.03134532], [-0.39361796, -0.08176315, 0.72436292, -0.07828853, -0.00025091, -0.33074495], [-0.14129108, -0.03178097, 0.29061164, 0.00744763, 0.00283678, -0.14932056], [0.04192054, 0.00683161, -0.05504514, 0.05564894, 0.00371263, 0.01312459], [-0.03973542, 0.00683477, 0.0454239, -0.01067484, 0.0595902, -0.00568848], [-0.03597701, -0.01880784, 0.04288909, -0.00207467, -0.05999976, -0.00691208], [-0.01740842, -0.00209722, 0.03143924, -0.00289385, 0.0434628, -0.01403082], [-0.016975, -0.00507872, 0.03188895, 0.00339886, -0.04295231, -0.01491395], [-0.02138556, -0.00174893, 0.03354526, -0.00192922, 0.04293386, -0.0121597], [-0.02072448, -0.00629657, 0.03375772, 0.00427052, -0.04228367, -0.01303324], [-0.01752571, -0.00178895, 0.03277617, -0.00262785, 0.04117847, -0.01525046], [-0.01696962, -0.00558296, 0.03306183, 0.00332825, -0.04062659, -0.01609222], [-0.02056389, 0.00921199, 0.03465239, 0.02107007, -0.05465802, -0.0140885], [-0.01672499, -0.0168495, 0.02965783, 0.01272982, 0.05760214, -0.01293284], [0.02099911, 0.00759165, -0.08076475, -0.02340275, -0.00244234, 0.05976564]], "number of molecular orbitals": 40, "number of electrons": 42, "number of unpaired electrons": 0, "orbital energies/eV": [-19.56868795, -17.6344178, -17.07526631, -16.67461132, -16.14141078, -15.50334325, -15.39987675, -15.05729102, -14.99212527, -14.2268039, -14.16448758, -13.59279109, -13.45077764, -13.27328435, -12.78104743, -12.46979827, -12.08804614, -11.9528198, -11.89500742, -11.59035258, -10.96648194, -7.11295436, 1.13929157, 2.79680667, 2.97200435, 3.24205547, 3.62125115, 3.86681265, 4.36971492, 4.49972007, 4.57893954, 4.97738128, 5.67509344, 5.97425993, 6.24961137, 7.05607253, 7.29273933, 7.44465416, 8.40917793, 16.92588532], "fractional occupation": [2.0, 2.0, 2.0, 2.0, 2.0, 2.0, 2.0, 2.0, 2.0, 2.0, 2.0, 2.0, 2.0, 2.0, 2.0, 2.0, 2.0, 2.0, 2.0, 2.0, 2.0, 0.0, 0.0, 0.0, 0.0, 0.0, 0.0, 0.0, 0.0, 0.0, 0.0, 0.0, 0.0, 0.0, 0.0, 0.0, 0.0, 0.0, 0.0, 0.0], "program call": "xtb /tmp/scratch/tmp9h6_3teo/999_0_xyzopt.xyz --pop --wbo --acc 0.2 --gfn 2 --chrg 0 --uhf 0 --etemp 300 --input /tmp/scratch/tmp9h6_3teo/999_0_xtb.inp", "method": "GFN2-xTB", "xtb version": "6.3.3 (7355c4f)", "Dipole module/D": 3.029, "Total charge": 0, "Transition dipole module/D": NaN, "HOMO": -10.9665, "LUMO": -7.113, "HOMO occupancy": 2.0, "LUMO occupancy": 0, "mulliken charges": [-0.08582, -0.03873, -0.05021, -0.03767, -0.08731, 0.3955, -0.46709, 0.03153, 0.02799, 0.02799, 0.02524, 0.02524, 0.02249, 0.02249, 0.03864, 0.03865, 0.05014, 0.05014, 0.0108], "cm5 charges": [-0.23851, -0.15242, -0.16187, -0.14741, -0.19176, 0.37839, -0.52536, 0.08313, 0.08014, 0.08014, 0.08051, 0.08051, 0.07842, 0.07842, 0.09665, 0.09665, 0.10619, 0.10619, 0.072], "FUKUI+": [0.009, 0.004, 0.007, 0.016, 0.035, -0.17, -0.334, -0.021, -0.011, -0.011, -0.011, -0.011, -0.02, -0.02, -0.025, -0.025, -0.111, -0.111, -0.19], "FUKUI-": [0.018, 0.003, 0.005, 0.009, -0.006, -0.01, -0.167, -0.072, -0.071, -0.071, -0.085, -0.085, -0.065, -0.065, -0.041, -0.041, -0.058, -0.058, -0.137], "FUKUIrad": [0.014, 0.003, 0.006, 0.013, 0.014, -0.09, -0.25, -0.046, -0.041, -0.041, -0.048, -0.048, -0.043, -0.043, -0.033, -0.033, -0.085, -0.085, -0.164], "s proportion": [1.005, 1.026, 1.031, 1.026, 1.041, 1.046, 1.725, 0.968, 0.972, 0.972, 0.975, 0.975, 0.978, 0.978, 0.961, 0.961, 0.95, 0.95, 0.989], "p proportion": [3.081, 3.013, 3.019, 3.011, 3.047, 2.558, 4.742, 0.0, 0.0, 0.0, 0.0, 0.0, 0.0, 0.0, 0.0, 0.0, 0.0, 0.0, 0.0], "d proportion": [0.0, 0.0, 0.0, 0.0, 0.0, 0.0, 0.0, 0.0, 0.0, 0.0, 0.0, 0.0, 0.0, 0.0, 0.0, 0.0, 0.0, 0.0, 0.0], "Fermi-level/eV": -9.0397, "Coordination numbers": [3.752, 3.801, 3.803, 3.804, 3.803, 2.757, 0.856, 0.925, 0.925, 0.925, 0.924, 0.924, 0.924, 0.924, 0.924, 0.924, 0.924, 0.924, 0.922], "Dispersion coefficient C6": [22.528, 21.545, 21.661, 21.599, 22.089, 23.458, 20.15, 2.515, 2.532, 2.532, 2.558, 2.558, 2.575, 2.575, 2.359, 2.359, 2.151, 2.151, 2.846], "Total dispersion C6": 2649.928168, "Total dispersion C8": 56226.887796, "Polarizability alpha": [6.768, 6.609, 6.626, 6.616, 6.691, 7.931, 6.018, 2.48, 2.489, 2.489, 2.501, 2.501, 2.509, 2.509, 2.402, 2.402, 2.294, 2.294, 2.638], "Total polarizability alpha": 76.767331,