{"total energy": -24.20524354, "HOMO-LUMO gap/eV": 4.98777762, "electronic energy": -24.45522889, "dipole": [1.33032427, -1.9521456, 1.71568997], "partial charges": [-0.33431637, 0.01346771, -0.0662433, -0.1087712, 0.35806713, -0.39925818, -0.39643507, 0.15653359, 0.15341872, 0.04309806, 0.02023717, 0.04844362, 0.04873787, 0.05923538, 0.0655653, 0.33821958], "atomic dipole moments": [[0.14893269, -0.18974447, 0.04984011], [0.01140721, 0.15397473, 0.01340446], [-0.09688731, 0.00621937, 0.07349992], [0.08100011, 0.04194287, 0.05686505], [0.02219285, 0.05597563, 0.10968899], [0.069263, -0.102595, 0.15386795], [0.00393859, -0.15948285, -0.11552026], [0.11144238, 0.04529276, 0.00508879], [-0.02391174, -0.03719232, 0.11572212], [-0.10010634, -0.06890232, 0.0272879], [0.09900458, -0.06848642, 0.02233593], [0.03351258, -0.10082824, -0.06445345], [0.09058823, 0.08903939, -0.02238197], [-0.09681074, -0.06314889, 0.0602609], [-0.01141448, -0.02699081, -0.12607823], [0.01573994, -0.03340865, 0.02318412]], "atomic quadrupole moments": [[-0.10015006, 0.00659374, 0.09264439, -0.02017942, 0.12127297, 0.00750567], [-0.27019429, 0.00482491, 0.08771417, -0.00596216, 0.15771497, 0.18248012], [0.02783666, -0.09063735, -0.18308675, 0.07354983, -0.10263719, 0.15525009], [0.03755946, -0.12985714, 0.10976465, 0.11797654, -0.01234564, -0.14732411], [0.38896337, 0.20256549, -0.29420352, -0.19257488, 0.07707817, -0.09475984], [0.16264788, 0.05769133, -0.09581098, -0.07769108, -0.03132919, -0.06683691], [-0.02388589, -0.00321211, -0.02630899, 0.02846121, 0.01643354, 0.05019489], [0.04479432, 0.05448913, 1.268e-05, -0.01649594, 0.01307398, -0.044807], [-0.03617799, 0.02972285, -0.02192958, -0.04686306, -0.00496467, 0.05810757], [0.02387685, 0.03965502, -0.01373829, -0.01520129, 0.00661595, -0.01013856], [0.02128466, -0.0269856, -0.01955015, 0.02365929, 0.01483982, -0.0017345], [-0.03517153, -0.03118693, 0.02464345, 0.01972431, 0.03648999, 0.01052808], [0.00588829, 0.04108163, 0.02695416, 0.00320493, -0.0174602, -0.03284245], [0.01928629, 0.02870613, -0.01978453, -0.03327408, -0.03730979, 0.00049824], [-0.03474943, -0.03279572, -0.01596327, 0.00199865, 0.02408161, 0.0507127], [-0.037846, -0.0271076, 0.01478792, 0.03285069, -0.02474992, 0.02305808]], "number of molecular orbitals": 37, "number of electrons": 42, "number of unpaired electrons": 0, "orbital energies/eV": [-19.54906342, -18.926003, -18.1636678, -17.54621945, -16.96983851, -16.76111238, -16.18761654, -15.6056701, -15.20102058, -15.08127659, -14.87063401, -14.52466513, -14.22943769, -13.50443348, -13.27657053, -12.89603275, -12.68198314, -12.51565325, -12.14297103, -11.22059831, -10.72126203, -5.7334844, -0.19166495, 1.50131176, 2.11684749, 2.51063969, 2.7835398, 3.07425133, 3.81498652, 4.07869115, 4.63760374, 5.81475937, 6.37859425, 6.87641181, 7.08400623, 10.13140566, 17.68785871], "fractional occupation": [2.0, 2.0, 2.0, 2.0, 2.0, 2.0, 2.0, 2.0, 2.0, 2.0, 2.0, 2.0, 2.0, 2.0, 2.0, 2.0, 2.0, 2.0, 2.0, 2.0, 2.0, 0.0, 0.0, 0.0, 0.0, 0.0, 0.0, 0.0, 0.0, 0.0, 0.0, 0.0, 0.0, 0.0, 0.0, 0.0, 0.0], "program call": "xtb xtbopt.xyz --pop --wbo --acc 0.2 --gfn 2 --chrg 0 --uhf 0 --etemp 300 --input /tmp/scratch/tmpct1g6lhk/1_0_xtb.inp", "method": "GFN2-xTB", "xtb version": "6.3.3 (7355c4f)", "Dipole module/D": 7.421, "Total charge": 0, "Transition dipole module/D": NaN, "HOMO": -10.7213, "LUMO": -5.7335, "HOMO occupancy": 2.0, "LUMO occupancy": 0, "mulliken charges": [-0.47556, 0.08509, -0.05684, -0.10887, 0.58755, -0.52043, -0.51615, 0.21071, 0.21433, 0.02842, 0.02292, 0.03732, 0.03946, 0.04986, 0.05965, 0.34253], "cm5 charges": [-0.96664, 0.02811, -0.16241, -0.209, 0.63844, -0.56624, -0.7004, 0.39842, 0.40157, 0.09344, 0.08457, 0.09291, 0.09946, 0.10894, 0.11924, 0.53958], "FUKUI+": [0.015, 0.021, 0.011, 0.023, -0.183, -0.287, -0.138, -0.017, -0.03, -0.025, -0.049, -0.06, -0.028, -0.1, -0.075, -0.077], "FUKUI-": [-0.089, 0.026, 0.01, -0.013, -0.024, -0.228, -0.089, -0.06, -0.065, -0.057, -0.117, -0.076, -0.053, -0.073, -0.065, -0.027], "FUKUIrad": [-0.037, 0.023, 0.01, 0.005, -0.103, -0.258, -0.113, -0.039, -0.048, -0.041, -0.083, -0.068, -0.041, -0.087, -0.07, -0.052], "s proportion": [1.461, 1.009, 1.034, 1.049, 0.973, 1.716, 1.692, 0.789, 0.786, 0.972, 0.977, 0.963, 0.961, 0.95, 0.94, 0.657], "p proportion": [4.015, 2.906, 3.023, 3.06, 2.439, 4.805, 4.825, 0.0, 0.0, 0.0, 0.0, 0.0, 0.0, 0.0, 0.0, 0.0], "d proportion": [0.0, 0.0, 0.0, 0.0, 0.0, 0.0, 0.0, 0.0, 0.0, 0.0, 0.0, 0.0, 0.0, 0.0, 0.0, 0.0], "Fermi-level/eV": -8.2274, "Coordination numbers": [2.638, 3.73, 3.8, 3.8, 2.686, 0.857, 1.653, 0.86, 0.86, 0.924, 0.923, 0.924, 0.924, 0.924, 0.924, 0.808], "Dispersion coefficient C6": [28.606, 20.443, 21.77, 22.579, 20.923, 21.666, 20.782, 1.358, 1.378, 2.408, 2.73, 2.339, 2.336, 2.208, 2.135, 0.616], "Total dispersion C6": 2051.083005, "Total dispersion C8": 43453.0918, "Polarizability alpha": [7.943, 6.454, 6.643, 6.765, 7.486, 6.241, 6.154, 1.825, 1.839, 2.427, 2.584, 2.392, 2.39, 2.324, 2.285, 1.233], "Total polarizability alpha": 66.984842, "Wiberg matrix": [[0.0, 1.011905491351072, 0.0, 0.0, 0.0, 0.0, 0.0, 0.963048198658652, 0.9622638853861046, 0.0, 0.0, 0.0, 0.0, 0.0, 0.0, 0.10582289988812005], [1.011905491351072, 0.0, 1.0052398515036418, 0.0, 0.0, 0.0, 0.0, 0.0, 0.0, 0.9749128317763965, 0.9725721444273641, 0.0, 0.0, 0.0, 0.0, 0.0], [0.0, 1.0052398515036418, 0.0, 0.9995086816546277, 0.0, 0.0, 0.0, 0.0, 0.0, 0.0, 0.0, 0.9748599812168047, 0.9744859328978225, 0.0, 0.0, 0.0], [0.0, 0.0, 0.9995086816546277, 0.0, 0.9568761612139204, 0.0, 0.0, 0.0, 0.0, 0.0, 0.0, 0.0, 0.0, 0.9548368439516643, 0.9748942685414502, 0.0], [0.0, 0.0, 0.0, 0.9568761612139204, 0.0, 1.7624316427345113, 1.179716344800627, 0.0, 0.0, 0.0, 0.0, 0.0, 0.0, 0.0, 0.0, 0.0], [0.0, 0.0, 0.0, 0.0, 1.7624316427345113, 0.0, 0.17320176574845741, 0.0, 0.0, 0.0, 0.0, 0.0, 0.0, 0.0, 0.0, 0.0], [0.0, 0.0, 0.0, 0.0, 1.179716344800627, 0.17320176574845741, 0.0, 0.0, 0.0, 0.0, 0.0, 0.0, 0.0, 0.0, 0.0, 0.7601852548953965], [0.963048198658652, 0.0, 0.0, 0.0, 0.0, 0.0, 0.0, 0.0, 0.0, 0.0, 0.0, 0.0, 0.0, 0.0, 0.0, 0.0], [0.9622638853861046, 0.0, 0.0, 0.0, 0.0, 0.0, 0.0, 0.0, 0.0, 0.0, 0.0, 0.0, 0.0, 0.0, 0.0, 0.0], [0.0, 0.9749128317763965, 0.0, 0.0, 0.0, 0.0, 0.0, 0.0, 0.0, 0.0, 0.0, 0.0, 0.0, 0.0, 0.0, 0.0], [0.0, 0.9725721444273641, 0.0, 0.0, 0.0, 0.0, 0.0, 0.0, 0.0, 0.0, 0.0, 0.0, 0.0, 0.0, 0.0, 0.0], [0.0, 0.0, 0.9748599812168047, 0.0, 0.0, 0.0, 0.0, 0.0, 0.0, 0.0, 0.0, 0.0, 0.0, 0.0, 0.0, 0.0], [0.0, 0.0, 0.9744859328978225, 0.0, 0.0, 0.0, 0.0, 0.0, 0.0, 0.0, 0.0, 0.0, 0.0, 0.0, 0.0, 0.0], [0.0, 0.0, 0.0, 0.9548368439516643, 0.0, 0.0, 0.0, 0.0, 0.0, 0.0, 0.0, 0.0, 0.0, 0.0, 0.0, 0.0], [0.0, 0.0, 0.0, 0.9748942685414502, 0.0, 0.0, 0.0, 0.0, 0.0, 0.0, 0.0, 0.0, 0.0, 0.0, 0.0, 0.0], [0.10582289988812005, 0.0, 0.0, 0.0, 0.0, 0.0, 0.7601852548953965, 0.0, 0.0, 0.0, 0.0, 0.0, 0.0, 0.0, 0.0, 0.0]], "Born radii": [], "Atomic SASAs": [], "Solvent H bonds": [], "Total SASA": NaN, "Total FOD": 0.0, "FOD": [0.0, 0.0, 0.0, 0.0, 0.0, 0.0, 0.0, 0.0, 0.0, 0.0, 0.0, 0.0, 0.0, 0.0, 0.0, 0.0], "FOD s proportion": [0.0, 0.0, 0.0, 0.0, 0.0, 0.0, 0.0, 0.0, 0.0, 0.0, 0.0, 0.0, 0.0, 0.0, 0.0, 0.0], "FOD p proportion": [0.0, 0.0, 0.0, 0.0, 0.0, 0.0, 0.0, 0.0, 0.0, 0.0, 0.0, 0.0, 0.0, 0.0, 0.0, 0.0], "FOD d proportion": [0.0, 0.0, 0.0, 0.0, 0.0, 0.0, 0.0, 0.0, 0.0, 0.0, 0.0, 0.0, 0.0, 0.0, 0.0, 0.0]}